$ bash scripts/ci/act.sh all
time="2026-10-03T07:32:09+02:00" level=info msg="Using docker host 'unix:///run/user/1000/docker.sock', and daemon socket 'unix:///run/user/1000/docker.sock'"
[Database validation/Database migrations/changes] ⭐ Run Set up job
[Database validation/Database migrations/changes] 🚀  Start image=catthehacker/ubuntu:act-latest
[Database validation/Database migrations/changes]   🐳  docker pull image=catthehacker/ubuntu:act-latest platform=linux/amd64 username= forcePull=true
[Database validation/Database migrations/changes]   🐳  docker create image=catthehacker/ubuntu:act-latest platform=linux/amd64 entrypoint=["tail" "-f" "/dev/null"] cmd=[] network="host"
[Database validation/Database migrations/changes]   🐳  docker run image=catthehacker/ubuntu:act-latest platform=linux/amd64 entrypoint=["tail" "-f" "/dev/null"] cmd=[] network="host"
[Database validation/Database migrations/changes]   🐳  docker exec cmd=[node --no-warnings -e console.log(process.execPath)] user= workdir=
[Database validation/Database migrations/changes]   ✅  Success - Set up job
[Database validation/Database migrations/changes] ⭐ Run Main Select database checks
[Database validation/Database migrations/changes]   🐳  docker exec cmd=[bash --noprofile --norc -e -o pipefail /var/run/act/workflow/select.sh] user= workdir=
[Database validation/Database migrations/changes]   ✅  Success - Main Select database checks [118.856377ms]
[Database validation/Database migrations/changes]   ⚙  ::set-output:: migrations=true
[Database validation/Database migrations/changes] ⭐ Run Complete job
[Database validation/Database migrations/changes] Cleaning up container for job changes
[Database validation/Database migrations/changes]   ✅  Success - Complete job
[Database validation/Database migrations/changes] 🏁  Job succeeded
[Database validation/Database migrations/Migration journals              ] ⭐ Run Set up job
[Database validation/Database migrations/Migration journals              ] 🚀  Start image=catthehacker/ubuntu:act-latest
[Database validation/Database migrations/Migration journals              ]   🐳  docker pull image=catthehacker/ubuntu:act-latest platform=linux/amd64 username= forcePull=true
[Database validation/Database migrations/Migration journals              ]   🐳  docker create image=catthehacker/ubuntu:act-latest platform=linux/amd64 entrypoint=["tail" "-f" "/dev/null"] cmd=[] network="host"
[Database validation/Database migrations/Migration journals              ]   🐳  docker run image=catthehacker/ubuntu:act-latest platform=linux/amd64 entrypoint=["tail" "-f" "/dev/null"] cmd=[] network="host"
[Database validation/Database migrations/Migration journals              ]   🐳  docker exec cmd=[node --no-warnings -e console.log(process.execPath)] user= workdir=
[Database validation/Database migrations/Migration journals              ]   ✅  Success - Set up job
[Database validation/Database migrations/Migration journals              ] ⭐ Run Main ./tooling/github/setup
[Database validation/Database migrations/Migration journals              ]   ☁  git clone 'https://github.com/oven-sh/setup-bun' # ref=v2
[Database validation/Database migrations/Migration journals              ] ⭐ Run Main oven-sh/setup-bun@v2
[Database validation/Database migrations/Migration journals              ]   🐳  docker cp src=/home/habs/.cache/act/oven-sh-setup-bun@v2/ dst=/var/run/act/actions/oven-sh-setup-bun@v2/
[Database validation/Database migrations/Migration journals              ]   🐳  docker exec cmd=[/opt/acttoolcache/node/24.19.0/x64/bin/node /var/run/act/actions/oven-sh-setup-bun@v2/dist/setup/index.js] user= workdir=
[Database validation/Database migrations/Migration journals              ]   ⚙  ***
[Database validation/Database migrations/Migration journals              ]   | Cache Size: ~34 MB (35866725 B)
[Database validation/Database migrations/Migration journals              ]   | [command]/usr/bin/tar -xf /tmp/bff33c71-6823-4f0c-b461-312d4aad855a/cache.tzst -P -C /home/habs/.codex/worktrees/84a3/homarr --use-compress-program unzstd
[Database validation/Database migrations/Migration journals              ]   | Cache restored successfully
[Database validation/Database migrations/Migration journals              ]   | [command]/root/.bun/bin/bun --revision
[Database validation/Database migrations/Migration journals              ]   | 1.4.2+744846f84
[Database validation/Database migrations/Migration journals              ]   | Using a cached version of Bun: 1.4.2+744846f84
[Database validation/Database migrations/Migration journals              ]   ✅  Success - Main oven-sh/setup-bun@v2 [1.085328879s]
[Database validation/Database migrations/Migration journals              ]   ⚙  ::set-output:: bun-path=/root/.bun/bin/bun
[Database validation/Database migrations/Migration journals              ]   ⚙  ::set-output:: bun-download-url=https://github.com/oven-sh/bun/releases/download/bun-v1.4.2/bun-linux-x64.zip
[Database validation/Database migrations/Migration journals              ]   ⚙  ::set-output:: cache-hit=true
[Database validation/Database migrations/Migration journals              ]   ⚙  ::set-output:: bun-version=1.4.2
[Database validation/Database migrations/Migration journals              ]   ⚙  ::set-output:: bun-revision=1.4.2+744846f84
[Database validation/Database migrations/Migration journals              ]   ⚙  ::add-path:: /root/.bun/bin
[Database validation/Database migrations/Migration journals              ]   ☁  git clone 'https://github.com/actions/cache' # ref=v5
[Database validation/Database migrations/Migration journals              ]   🐳  docker exec cmd=[/opt/acttoolcache/node/24.19.0/x64/bin/node /var/run/act/workflow/hashfiles/index.js] user= workdir=
[Database validation/Database migrations/Migration journals              ] ⭐ Run Main bun install --frozen-lockfile
[Database validation/Database migrations/Migration journals              ]   🐳  docker exec cmd=[bash --noprofile --norc -e -o pipefail /var/run/act/workflow/1-composite-2.sh] user= workdir=
[Database validation/Database migrations/Migration journals              ]   | [0.03ms] ".env"
[Database validation/Database migrations/Migration journals              ]   | bun install v1.4.2 (744846f84)
[Database validation/Database migrations/Migration journals              ]   | Resolving dependencies
[Database validation/Database migrations/Migration journals              ]   | Resolved, downloaded and extracted [3]
[Database validation/Database migrations/Migration journals              ]   |
[Database validation/Database migrations/Migration journals              ]   | Checked 2246 installs across 2222 packages (no changes) [353.00ms]
[Database validation/Database migrations/Migration journals              ]   ✅  Success - Main bun install --frozen-lockfile [444.978609ms]
[Database validation/Database migrations/Migration journals              ]   ✅  Success - Main ./tooling/github/setup [2.992258832s]
[Database validation/Database migrations/Migration journals              ] ⭐ Run Main bun x --bun vitest run --project db-node packages/db/test/migration-journal.spec.ts
[Database validation/Database migrations/Migration journals              ]   🐳  docker exec cmd=[bash -e /var/run/act/workflow/2] user= workdir=
[Database validation/Database migrations/Migration journals              ]   | The plugin "vite-tsconfig-paths" is detected. Vite now supports tsconfig paths resolution natively via the resolve.tsconfigPaths option. You can remove the plugin and set resolve.tsconfigPaths: true in your Vite config instead.
[Database validation/Database migrations/Migration journals              ]   | The plugin "vite-tsconfig-paths" is detected. Vite now supports tsconfig paths resolution natively via the resolve.tsconfigPaths option. You can remove the plugin and set resolve.tsconfigPaths: true in your Vite config instead.
[Database validation/Database migrations/Migration journals              ]   |
[Database validation/Database migrations/Migration journals              ]   |  RUN  v4.1.10 /home/habs/.codex/worktrees/84a3/homarr
[Database validation/Database migrations/Migration journals              ]   |
[Database validation/Database migrations/Migration journals              ]   |  ✓  db-node  packages/db/test/migration-journal.spec.ts (10 tests) 23ms
[Database validation/Database migrations/Migration journals              ]   |
[Database validation/Database migrations/Migration journals              ]   |  Test Files  1 passed (1)
[Database validation/Database migrations/Migration journals              ]   |       Tests  10 passed (10)
[Database validation/Database migrations/Migration journals              ]   |    Start at  05:32:17
[Database validation/Database migrations/Migration journals              ]   |    Duration  192ms (transform 32ms, setup 45ms, import 11ms, tests 23ms, environment 0ms)
[Database validation/Database migrations/Migration journals              ]   |
[Database validation/Database migrations/Migration journals              ]   ✅  Success - Main bun x --bun vitest run --project db-node packages/db/test/migration-journal.spec.ts [754.482308ms]
[Database validation/Database migrations/Migration journals              ]   ⚙  Summary - ## Vitest Test Report

### Summary

- **Test Files**: ✅ **1 pass** · 1 total
- **Test Results**: ✅ **10 passes** · 10 total
[Database validation/Database migrations/Migration journals              ] ⭐ Run Post ./tooling/github/setup
[Database validation/Database migrations/Migration journals              ] ⭐ Run Post oven-sh/setup-bun@v2
[Database validation/Database migrations/Migration journals              ]   🐳  docker exec cmd=[/opt/acttoolcache/node/24.19.0/x64/bin/node /var/run/act/actions/oven-sh-setup-bun@v2/dist/cache-save/index.js] user= workdir=
[Database validation/Database migrations/Migration journals              ]   ✅  Success - Post oven-sh/setup-bun@v2 [262.165121ms]
[Database validation/Database migrations/Migration journals              ]   ✅  Success - Post ./tooling/github/setup [314.224628ms]
[Database validation/Database migrations/Migration journals              ] ⭐ Run Complete job
[Database validation/Database migrations/Migration journals              ] Cleaning up container for job Migration journals
[Database validation/Database migrations/Migration journals              ]   ✅  Success - Complete job
[Database validation/Database migrations/Migration journals              ] 🏁  Job succeeded
[Database validation/Database migrations/SQLite and PostgreSQL migrations] ⭐ Run Set up job
[Database validation/Database migrations/SQLite and PostgreSQL migrations] 🚀  Start image=catthehacker/ubuntu:act-latest
[Database validation/Database migrations/SQLite and PostgreSQL migrations]   🐳  docker pull image=catthehacker/ubuntu:act-latest platform=linux/amd64 username= forcePull=true
[Database validation/Database migrations/SQLite and PostgreSQL migrations]   🐳  docker create image=catthehacker/ubuntu:act-latest platform=linux/amd64 entrypoint=["tail" "-f" "/dev/null"] cmd=[] network="host"
[Database validation/Database migrations/SQLite and PostgreSQL migrations]   🐳  docker run image=catthehacker/ubuntu:act-latest platform=linux/amd64 entrypoint=["tail" "-f" "/dev/null"] cmd=[] network="host"
[Database validation/Database migrations/SQLite and PostgreSQL migrations]   🐳  docker exec cmd=[node --no-warnings -e console.log(process.execPath)] user= workdir=
[Database validation/Database migrations/SQLite and PostgreSQL migrations]   ✅  Success - Set up job
[Database validation/Database migrations/SQLite and PostgreSQL migrations] ⭐ Run Main ./tooling/github/setup
[Database validation/Database migrations/SQLite and PostgreSQL migrations]   ☁  git clone 'https://github.com/oven-sh/setup-bun' # ref=v2
[Database validation/Database migrations/SQLite and PostgreSQL migrations] ⭐ Run Main oven-sh/setup-bun@v2
[Database validation/Database migrations/SQLite and PostgreSQL migrations]   🐳  docker cp src=/home/habs/.cache/act/oven-sh-setup-bun@v2/ dst=/var/run/act/actions/oven-sh-setup-bun@v2/
[Database validation/Database migrations/SQLite and PostgreSQL migrations]   🐳  docker exec cmd=[/opt/acttoolcache/node/24.19.0/x64/bin/node /var/run/act/actions/oven-sh-setup-bun@v2/dist/setup/index.js] user= workdir=
[Database validation/Database migrations/SQLite and PostgreSQL migrations]   ⚙  ***
[Database validation/Database migrations/SQLite and PostgreSQL migrations]   | Cache Size: ~34 MB (35866725 B)
[Database validation/Database migrations/SQLite and PostgreSQL migrations]   | [command]/usr/bin/tar -xf /tmp/34c62802-2e1f-45b7-9b2b-504b50617600/cache.tzst -P -C /home/habs/.codex/worktrees/84a3/homarr --use-compress-program unzstd
[Database validation/Database migrations/SQLite and PostgreSQL migrations]   | Cache restored successfully
[Database validation/Database migrations/SQLite and PostgreSQL migrations]   | [command]/root/.bun/bin/bun --revision
[Database validation/Database migrations/SQLite and PostgreSQL migrations]   | 1.4.2+744846f84
[Database validation/Database migrations/SQLite and PostgreSQL migrations]   | Using a cached version of Bun: 1.4.2+744846f84
[Database validation/Database migrations/SQLite and PostgreSQL migrations]   ✅  Success - Main oven-sh/setup-bun@v2 [1.206068665s]
[Database validation/Database migrations/SQLite and PostgreSQL migrations]   ⚙  ::set-output:: bun-version=1.4.2
[Database validation/Database migrations/SQLite and PostgreSQL migrations]   ⚙  ::set-output:: bun-revision=1.4.2+744846f84
[Database validation/Database migrations/SQLite and PostgreSQL migrations]   ⚙  ::set-output:: bun-path=/root/.bun/bin/bun
[Database validation/Database migrations/SQLite and PostgreSQL migrations]   ⚙  ::set-output:: bun-download-url=https://github.com/oven-sh/bun/releases/download/bun-v1.4.2/bun-linux-x64.zip
[Database validation/Database migrations/SQLite and PostgreSQL migrations]   ⚙  ::set-output:: cache-hit=true
[Database validation/Database migrations/SQLite and PostgreSQL migrations]   ⚙  ::add-path:: /root/.bun/bin
[Database validation/Database migrations/SQLite and PostgreSQL migrations]   ☁  git clone 'https://github.com/actions/cache' # ref=v5
[Database validation/Database migrations/SQLite and PostgreSQL migrations]   🐳  docker exec cmd=[/opt/acttoolcache/node/24.19.0/x64/bin/node /var/run/act/workflow/hashfiles/index.js] user= workdir=
[Database validation/Database migrations/SQLite and PostgreSQL migrations] ⭐ Run Main bun install --frozen-lockfile
[Database validation/Database migrations/SQLite and PostgreSQL migrations]   🐳  docker exec cmd=[bash --noprofile --norc -e -o pipefail /var/run/act/workflow/1-composite-2.sh] user= workdir=
[Database validation/Database migrations/SQLite and PostgreSQL migrations]   | [0.03ms] ".env"
[Database validation/Database migrations/SQLite and PostgreSQL migrations]   | bun install v1.4.2 (744846f84)
[Database validation/Database migrations/SQLite and PostgreSQL migrations]   | Resolving dependencies
[Database validation/Database migrations/SQLite and PostgreSQL migrations]   | Resolved, downloaded and extracted [3]
[Database validation/Database migrations/SQLite and PostgreSQL migrations]   |
[Database validation/Database migrations/SQLite and PostgreSQL migrations]   | Checked 2246 installs across 2222 packages (no changes) [90.00ms]
[Database validation/Database migrations/SQLite and PostgreSQL migrations]   ✅  Success - Main bun install --frozen-lockfile [189.366308ms]
[Database validation/Database migrations/SQLite and PostgreSQL migrations]   ✅  Success - Main ./tooling/github/setup [2.882560987s]
[Database validation/Database migrations/SQLite and PostgreSQL migrations] ⭐ Run Main Reject retired database configuration
[Database validation/Database migrations/SQLite and PostgreSQL migrations]   🐳  docker exec cmd=[bash -e /var/run/act/workflow/2] user= workdir=
[Database validation/Database migrations/SQLite and PostgreSQL migrations]   | The plugin "vite-tsconfig-paths" is detected. Vite now supports tsconfig paths resolution natively via the resolve.tsconfigPaths option. You can remove the plugin and set resolve.tsconfigPaths: true in your Vite config instead.
[Database validation/Database migrations/SQLite and PostgreSQL migrations]   | The plugin "vite-tsconfig-paths" is detected. Vite now supports tsconfig paths resolution natively via the resolve.tsconfigPaths option. You can remove the plugin and set resolve.tsconfigPaths: true in your Vite config instead.
[Database validation/Database migrations/SQLite and PostgreSQL migrations]   |
[Database validation/Database migrations/SQLite and PostgreSQL migrations]   |  RUN  v4.1.10 /home/habs/.codex/worktrees/84a3/homarr
[Database validation/Database migrations/SQLite and PostgreSQL migrations]   |
[Database validation/Database migrations/SQLite and PostgreSQL migrations]   |  ✓  dom  packages/core/src/infrastructure/db/env.spec.ts (9 tests) 567ms
[Database validation/Database migrations/SQLite and PostgreSQL migrations]   |      ✓ rejects retired dialect mysql before SQLite fallback  490ms
[Database validation/Database migrations/SQLite and PostgreSQL migrations]   |
[Database validation/Database migrations/SQLite and PostgreSQL migrations]   |  Test Files  1 passed (1)
[Database validation/Database migrations/SQLite and PostgreSQL migrations]   |       Tests  9 passed (9)
[Database validation/Database migrations/SQLite and PostgreSQL migrations]   |    Start at  05:32:23
[Database validation/Database migrations/SQLite and PostgreSQL migrations]   |    Duration  1.33s (transform 399ms, setup 39ms, import 14ms, tests 567ms, environment 639ms)
[Database validation/Database migrations/SQLite and PostgreSQL migrations]   |
[Database validation/Database migrations/SQLite and PostgreSQL migrations]   ✅  Success - Main Reject retired database configuration [1.812770596s]
[Database validation/Database migrations/SQLite and PostgreSQL migrations]   ⚙  Summary - ## Vitest Test Report

### Summary

- **Test Files**: ✅ **1 pass** · 1 total
- **Test Results**: ✅ **9 passes** · 9 total
[Database validation/Database migrations/SQLite and PostgreSQL migrations] ⭐ Run Main bun x --bun vitest run --project db-node --project integration packages/db/test/sqlite-migration.spec.ts packages/db/test/postgresql-migration.spec.ts packages/db/proxy-reader.integration.spec.ts --maxWorkers 1
[Database validation/Database migrations/SQLite and PostgreSQL migrations]   🐳  docker exec cmd=[bash -e /var/run/act/workflow/3] user= workdir=
[Database validation/Database migrations/SQLite and PostgreSQL migrations]   | The plugin "vite-tsconfig-paths" is detected. Vite now supports tsconfig paths resolution natively via the resolve.tsconfigPaths option. You can remove the plugin and set resolve.tsconfigPaths: true in your Vite config instead.
[Database validation/Database migrations/SQLite and PostgreSQL migrations]   | The plugin "vite-tsconfig-paths" is detected. Vite now supports tsconfig paths resolution natively via the resolve.tsconfigPaths option. You can remove the plugin and set resolve.tsconfigPaths: true in your Vite config instead.
[Database validation/Database migrations/SQLite and PostgreSQL migrations]   | The plugin "vite-tsconfig-paths" is detected. Vite now supports tsconfig paths resolution natively via the resolve.tsconfigPaths option. You can remove the plugin and set resolve.tsconfigPaths: true in your Vite config instead.
[Database validation/Database migrations/SQLite and PostgreSQL migrations]   |
[Database validation/Database migrations/SQLite and PostgreSQL migrations]   |  RUN  v4.1.10 /home/habs/.codex/worktrees/84a3/homarr
[Database validation/Database migrations/SQLite and PostgreSQL migrations]   |
[Database validation/Database migrations/SQLite and PostgreSQL migrations]   | stderr | packages/db/test/sqlite-migration.spec.ts > SQLite migrations seed the disabled bundled custom widgets
[Database validation/Database migrations/SQLite and PostgreSQL migrations]   | UNSAFE_ENABLE_MOCK_INTEGRATION is enabled: mock integration is available in the UI. Disable by setting UNSAFE_ENABLE_MOCK_INTEGRATION=false.
[Database validation/Database migrations/SQLite and PostgreSQL migrations]   |
[Database validation/Database migrations/SQLite and PostgreSQL migrations]   | stdout | packages/db/test/sqlite-migration.spec.ts > SQLite migrations seed the disabled bundled custom widgets
[Database validation/Database migrations/SQLite and PostgreSQL migrations]   | Created group 'everyone' through seed
[Database validation/Database migrations/SQLite and PostgreSQL migrations]   |
[Database validation/Database migrations/SQLite and PostgreSQL migrations]   | stdout | packages/db/test/sqlite-migration.spec.ts > SQLite migrations seed the disabled bundled custom widgets
[Database validation/Database migrations/SQLite and PostgreSQL migrations]   | Created onboarding step through seed
[Database validation/Database migrations/SQLite and PostgreSQL migrations]   |
[Database validation/Database migrations/SQLite and PostgreSQL migrations]   | stdout | packages/db/test/sqlite-migration.spec.ts > SQLite migrations seed the disabled bundled custom widgets
[Database validation/Database migrations/SQLite and PostgreSQL migrations]   | Created serverSetting through seed key=analytics
[Database validation/Database migrations/SQLite and PostgreSQL migrations]   |
[Database validation/Database migrations/SQLite and PostgreSQL migrations]   | stdout | packages/db/test/sqlite-migration.spec.ts > SQLite migrations seed the disabled bundled custom widgets
[Database validation/Database migrations/SQLite and PostgreSQL migrations]   | Created serverSetting through seed key=crawlingAndIndexing
[Database validation/Database migrations/SQLite and PostgreSQL migrations]   |
[Database validation/Database migrations/SQLite and PostgreSQL migrations]   | stdout | packages/db/test/sqlite-migration.spec.ts > SQLite migrations seed the disabled bundled custom widgets
[Database validation/Database migrations/SQLite and PostgreSQL migrations]   | Created serverSetting through seed key=board
[Database validation/Database migrations/SQLite and PostgreSQL migrations]   |
[Database validation/Database migrations/SQLite and PostgreSQL migrations]   | stdout | packages/db/test/sqlite-migration.spec.ts > SQLite migrations seed the disabled bundled custom widgets
[Database validation/Database migrations/SQLite and PostgreSQL migrations]   | Created serverSetting through seed key=user
[Database validation/Database migrations/SQLite and PostgreSQL migrations]   |
[Database validation/Database migrations/SQLite and PostgreSQL migrations]   | stdout | packages/db/test/sqlite-migration.spec.ts > SQLite migrations seed the disabled bundled custom widgets
[Database validation/Database migrations/SQLite and PostgreSQL migrations]   | Created serverSetting through seed key=appearance
[Database validation/Database migrations/SQLite and PostgreSQL migrations]   |
[Database validation/Database migrations/SQLite and PostgreSQL migrations]   | stdout | packages/db/test/sqlite-migration.spec.ts > SQLite migrations seed the disabled bundled custom widgets
[Database validation/Database migrations/SQLite and PostgreSQL migrations]   | Skipping seeding for serverSetting as it already exists key=branding
[Database validation/Database migrations/SQLite and PostgreSQL migrations]   |
[Database validation/Database migrations/SQLite and PostgreSQL migrations]   | stdout | packages/db/test/sqlite-migration.spec.ts > SQLite migrations seed the disabled bundled custom widgets
[Database validation/Database migrations/SQLite and PostgreSQL migrations]   | Created serverSetting through seed key=culture
[Database validation/Database migrations/SQLite and PostgreSQL migrations]   |
[Database validation/Database migrations/SQLite and PostgreSQL migrations]   | stdout | packages/db/test/sqlite-migration.spec.ts > SQLite migrations seed the disabled bundled custom widgets
[Database validation/Database migrations/SQLite and PostgreSQL migrations]   | Created serverSetting through seed key=search
[Database validation/Database migrations/SQLite and PostgreSQL migrations]   |
[Database validation/Database migrations/SQLite and PostgreSQL migrations]   | stdout | packages/db/test/sqlite-migration.spec.ts > SQLite migrations seed the disabled bundled custom widgets
[Database validation/Database migrations/SQLite and PostgreSQL migrations]   | Created 3 default search engines through seeding process
[Database validation/Database migrations/SQLite and PostgreSQL migrations]   |
[Database validation/Database migrations/SQLite and PostgreSQL migrations]   | stdout | packages/db/test/sqlite-migration.spec.ts > SQLite migrations seed the disabled bundled custom widgets
[Database validation/Database migrations/SQLite and PostgreSQL migrations]   | Set Homarr docs as the default search engine
[Database validation/Database migrations/SQLite and PostgreSQL migrations]   |
[Database validation/Database migrations/SQLite and PostgreSQL migrations]   | stderr | packages/db/test/sqlite-migration.spec.ts > SQLite migrations seed the disabled bundled custom widgets
[Database validation/Database migrations/SQLite and PostgreSQL migrations]   | No default integrations found to seed
[Database validation/Database migrations/SQLite and PostgreSQL migrations]   |
[Database validation/Database migrations/SQLite and PostgreSQL migrations]   | stdout | packages/db/test/sqlite-migration.spec.ts > SQLite migrations seed the disabled bundled custom widgets
[Database validation/Database migrations/SQLite and PostgreSQL migrations]   | Created 4 default apps through seeding process
[Database validation/Database migrations/SQLite and PostgreSQL migrations]   |
[Database validation/Database migrations/SQLite and PostgreSQL migrations]   | stdout | packages/db/test/sqlite-migration.spec.ts > SQLite migrations seed the disabled bundled custom widgets
[Database validation/Database migrations/SQLite and PostgreSQL migrations]   | Set default board as home board for everyone group
[Database validation/Database migrations/SQLite and PostgreSQL migrations]   | Created default board 'dashboard' through seed
[Database validation/Database migrations/SQLite and PostgreSQL migrations]   |
[Database validation/Database migrations/SQLite and PostgreSQL migrations]   | stdout | packages/db/test/sqlite-migration.spec.ts > SQLite migrations seed the disabled bundled custom widgets
[Database validation/Database migrations/SQLite and PostgreSQL migrations]   | Created 5 bundled custom widgets through seeding process
[Database validation/Database migrations/SQLite and PostgreSQL migrations]   |
[Database validation/Database migrations/SQLite and PostgreSQL migrations]   | stdout | packages/db/test/sqlite-migration.spec.ts > SQLite migrations seed the disabled bundled custom widgets
[Database validation/Database migrations/SQLite and PostgreSQL migrations]   | Placed 7 widgets on board
[Database validation/Database migrations/SQLite and PostgreSQL migrations]   |
[Database validation/Database migrations/SQLite and PostgreSQL migrations]   | stderr | packages/db/test/sqlite-migration.spec.ts > SQLite migrations seed the disabled bundled custom widgets
[Database validation/Database migrations/SQLite and PostgreSQL migrations]   | UNSAFE_ENABLE_MOCK_INTEGRATION is enabled: mock integration is available in the UI. Disable by setting UNSAFE_ENABLE_MOCK_INTEGRATION=false.
[Database validation/Database migrations/SQLite and PostgreSQL migrations]   |
[Database validation/Database migrations/SQLite and PostgreSQL migrations]   | stdout | packages/db/test/sqlite-migration.spec.ts > SQLite migrations seed the disabled bundled custom widgets
[Database validation/Database migrations/SQLite and PostgreSQL migrations]   | Skipping seeding of group 'everyone' as it already exists
[Database validation/Database migrations/SQLite and PostgreSQL migrations]   |
[Database validation/Database migrations/SQLite and PostgreSQL migrations]   | stdout | packages/db/test/sqlite-migration.spec.ts > SQLite migrations seed the disabled bundled custom widgets
[Database validation/Database migrations/SQLite and PostgreSQL migrations]   | Skipping seeding of onboarding as it already exists
[Database validation/Database migrations/SQLite and PostgreSQL migrations]   |
[Database validation/Database migrations/SQLite and PostgreSQL migrations]   | stdout | packages/db/test/sqlite-migration.spec.ts > SQLite migrations seed the disabled bundled custom widgets
[Database validation/Database migrations/SQLite and PostgreSQL migrations]   | Skipping seeding for serverSetting as it already exists key=analytics
[Database validation/Database migrations/SQLite and PostgreSQL migrations]   |
[Database validation/Database migrations/SQLite and PostgreSQL migrations]   | stdout | packages/db/test/sqlite-migration.spec.ts > SQLite migrations seed the disabled bundled custom widgets
[Database validation/Database migrations/SQLite and PostgreSQL migrations]   | Skipping seeding for serverSetting as it already exists key=crawlingAndIndexing
[Database validation/Database migrations/SQLite and PostgreSQL migrations]   |
[Database validation/Database migrations/SQLite and PostgreSQL migrations]   | stdout | packages/db/test/sqlite-migration.spec.ts > SQLite migrations seed the disabled bundled custom widgets
[Database validation/Database migrations/SQLite and PostgreSQL migrations]   | Skipping seeding for serverSetting as it already exists key=board
[Database validation/Database migrations/SQLite and PostgreSQL migrations]   |
[Database validation/Database migrations/SQLite and PostgreSQL migrations]   | stdout | packages/db/test/sqlite-migration.spec.ts > SQLite migrations seed the disabled bundled custom widgets
[Database validation/Database migrations/SQLite and PostgreSQL migrations]   | Skipping seeding for serverSetting as it already exists key=user
[Database validation/Database migrations/SQLite and PostgreSQL migrations]   |
[Database validation/Database migrations/SQLite and PostgreSQL migrations]   | stdout | packages/db/test/sqlite-migration.spec.ts > SQLite migrations seed the disabled bundled custom widgets
[Database validation/Database migrations/SQLite and PostgreSQL migrations]   | Skipping seeding for serverSetting as it already exists key=appearance
[Database validation/Database migrations/SQLite and PostgreSQL migrations]   |
[Database validation/Database migrations/SQLite and PostgreSQL migrations]   | stdout | packages/db/test/sqlite-migration.spec.ts > SQLite migrations seed the disabled bundled custom widgets
[Database validation/Database migrations/SQLite and PostgreSQL migrations]   | Skipping seeding for serverSetting as it already exists key=branding
[Database validation/Database migrations/SQLite and PostgreSQL migrations]   |
[Database validation/Database migrations/SQLite and PostgreSQL migrations]   | stdout | packages/db/test/sqlite-migration.spec.ts > SQLite migrations seed the disabled bundled custom widgets
[Database validation/Database migrations/SQLite and PostgreSQL migrations]   | Skipping seeding for serverSetting as it already exists key=culture
[Database validation/Database migrations/SQLite and PostgreSQL migrations]   |
[Database validation/Database migrations/SQLite and PostgreSQL migrations]   | stdout | packages/db/test/sqlite-migration.spec.ts > SQLite migrations seed the disabled bundled custom widgets
[Database validation/Database migrations/SQLite and PostgreSQL migrations]   | Skipping seeding for serverSetting as it already exists key=search
[Database validation/Database migrations/SQLite and PostgreSQL migrations]   |
[Database validation/Database migrations/SQLite and PostgreSQL migrations]   | stdout | packages/db/test/sqlite-migration.spec.ts > SQLite migrations seed the disabled bundled custom widgets
[Database validation/Database migrations/SQLite and PostgreSQL migrations]   | Skipping seeding of default search engines as some already exists
[Database validation/Database migrations/SQLite and PostgreSQL migrations]   |
[Database validation/Database migrations/SQLite and PostgreSQL migrations]   | stderr | packages/db/test/sqlite-migration.spec.ts > SQLite migrations seed the disabled bundled custom widgets
[Database validation/Database migrations/SQLite and PostgreSQL migrations]   | No default integrations found to seed
[Database validation/Database migrations/SQLite and PostgreSQL migrations]   |
[Database validation/Database migrations/SQLite and PostgreSQL migrations]   | stdout | packages/db/test/sqlite-migration.spec.ts > SQLite migrations seed the disabled bundled custom widgets
[Database validation/Database migrations/SQLite and PostgreSQL migrations]   | Skipping seeding of default apps as some already exist
[Database validation/Database migrations/SQLite and PostgreSQL migrations]   |
[Database validation/Database migrations/SQLite and PostgreSQL migrations]   | stdout | packages/db/test/sqlite-migration.spec.ts > SQLite migrations seed the disabled bundled custom widgets
[Database validation/Database migrations/SQLite and PostgreSQL migrations]   | Skipping seeding of default board as one already exists
[Database validation/Database migrations/SQLite and PostgreSQL migrations]   |
[Database validation/Database migrations/SQLite and PostgreSQL migrations]   | stdout | packages/db/test/sqlite-migration.spec.ts > SQLite migrations seed the disabled bundled custom widgets
[Database validation/Database migrations/SQLite and PostgreSQL migrations]   | Created 1 bundled custom widgets through seeding process
[Database validation/Database migrations/SQLite and PostgreSQL migrations]   |
[Database validation/Database migrations/SQLite and PostgreSQL migrations]   | stdout | packages/db/test/sqlite-migration.spec.ts > SQLite migrations seed the disabled bundled custom widgets
[Database validation/Database migrations/SQLite and PostgreSQL migrations]   | Skipping seeding of board widgets as some already exist
[Database validation/Database migrations/SQLite and PostgreSQL migrations]   |
[Database validation/Database migrations/SQLite and PostgreSQL migrations]   | stderr | packages/db/test/sqlite-migration.spec.ts > SQLite migrations seed the intentional demo showcase
[Database validation/Database migrations/SQLite and PostgreSQL migrations]   | UNSAFE_ENABLE_MOCK_INTEGRATION is enabled: mock integration is available in the UI. Disable by setting UNSAFE_ENABLE_MOCK_INTEGRATION=false.
[Database validation/Database migrations/SQLite and PostgreSQL migrations]   |
[Database validation/Database migrations/SQLite and PostgreSQL migrations]   | stdout | packages/db/test/sqlite-migration.spec.ts > SQLite migrations seed the intentional demo showcase
[Database validation/Database migrations/SQLite and PostgreSQL migrations]   | Created group 'everyone' through seed
[Database validation/Database migrations/SQLite and PostgreSQL migrations]   |
[Database validation/Database migrations/SQLite and PostgreSQL migrations]   | stdout | packages/db/test/sqlite-migration.spec.ts > SQLite migrations seed the intentional demo showcase
[Database validation/Database migrations/SQLite and PostgreSQL migrations]   | Created onboarding step through seed
[Database validation/Database migrations/SQLite and PostgreSQL migrations]   |
[Database validation/Database migrations/SQLite and PostgreSQL migrations]   | stdout | packages/db/test/sqlite-migration.spec.ts > SQLite migrations seed the intentional demo showcase
[Database validation/Database migrations/SQLite and PostgreSQL migrations]   | Created serverSetting through seed key=analytics
[Database validation/Database migrations/SQLite and PostgreSQL migrations]   |
[Database validation/Database migrations/SQLite and PostgreSQL migrations]   | stdout | packages/db/test/sqlite-migration.spec.ts > SQLite migrations seed the intentional demo showcase
[Database validation/Database migrations/SQLite and PostgreSQL migrations]   | Created serverSetting through seed key=crawlingAndIndexing
[Database validation/Database migrations/SQLite and PostgreSQL migrations]   |
[Database validation/Database migrations/SQLite and PostgreSQL migrations]   | stdout | packages/db/test/sqlite-migration.spec.ts > SQLite migrations seed the intentional demo showcase
[Database validation/Database migrations/SQLite and PostgreSQL migrations]   | Created serverSetting through seed key=board
[Database validation/Database migrations/SQLite and PostgreSQL migrations]   |
[Database validation/Database migrations/SQLite and PostgreSQL migrations]   | stdout | packages/db/test/sqlite-migration.spec.ts > SQLite migrations seed the intentional demo showcase
[Database validation/Database migrations/SQLite and PostgreSQL migrations]   | Created serverSetting through seed key=user
[Database validation/Database migrations/SQLite and PostgreSQL migrations]   |
[Database validation/Database migrations/SQLite and PostgreSQL migrations]   | stdout | packages/db/test/sqlite-migration.spec.ts > SQLite migrations seed the intentional demo showcase
[Database validation/Database migrations/SQLite and PostgreSQL migrations]   | Created serverSetting through seed key=appearance
[Database validation/Database migrations/SQLite and PostgreSQL migrations]   |
[Database validation/Database migrations/SQLite and PostgreSQL migrations]   | stdout | packages/db/test/sqlite-migration.spec.ts > SQLite migrations seed the intentional demo showcase
[Database validation/Database migrations/SQLite and PostgreSQL migrations]   | Skipping seeding for serverSetting as it already exists key=branding
[Database validation/Database migrations/SQLite and PostgreSQL migrations]   |
[Database validation/Database migrations/SQLite and PostgreSQL migrations]   | stdout | packages/db/test/sqlite-migration.spec.ts > SQLite migrations seed the intentional demo showcase
[Database validation/Database migrations/SQLite and PostgreSQL migrations]   | Created serverSetting through seed key=culture
[Database validation/Database migrations/SQLite and PostgreSQL migrations]   |
[Database validation/Database migrations/SQLite and PostgreSQL migrations]   | stdout | packages/db/test/sqlite-migration.spec.ts > SQLite migrations seed the intentional demo showcase
[Database validation/Database migrations/SQLite and PostgreSQL migrations]   | Created serverSetting through seed key=search
[Database validation/Database migrations/SQLite and PostgreSQL migrations]   |
[Database validation/Database migrations/SQLite and PostgreSQL migrations]   | stdout | packages/db/test/sqlite-migration.spec.ts > SQLite migrations seed the intentional demo showcase
[Database validation/Database migrations/SQLite and PostgreSQL migrations]   | Created 3 default search engines through seeding process
[Database validation/Database migrations/SQLite and PostgreSQL migrations]   |
[Database validation/Database migrations/SQLite and PostgreSQL migrations]   | stdout | packages/db/test/sqlite-migration.spec.ts > SQLite migrations seed the intentional demo showcase
[Database validation/Database migrations/SQLite and PostgreSQL migrations]   | Set Homarr docs as the default search engine
[Database validation/Database migrations/SQLite and PostgreSQL migrations]   |
[Database validation/Database migrations/SQLite and PostgreSQL migrations]   | stderr | packages/db/test/sqlite-migration.spec.ts > SQLite migrations seed the intentional demo showcase
[Database validation/Database migrations/SQLite and PostgreSQL migrations]   | No default integrations found to seed
[Database validation/Database migrations/SQLite and PostgreSQL migrations]   |
[Database validation/Database migrations/SQLite and PostgreSQL migrations]   | stdout | packages/db/test/sqlite-migration.spec.ts > SQLite migrations seed the intentional demo showcase
[Database validation/Database migrations/SQLite and PostgreSQL migrations]   | Created 4 default apps through seeding process
[Database validation/Database migrations/SQLite and PostgreSQL migrations]   |
[Database validation/Database migrations/SQLite and PostgreSQL migrations]   | stdout | packages/db/test/sqlite-migration.spec.ts > SQLite migrations seed the intentional demo showcase
[Database validation/Database migrations/SQLite and PostgreSQL migrations]   | Set default board as home board for everyone group
[Database validation/Database migrations/SQLite and PostgreSQL migrations]   | Created default board 'dashboard' through seed
[Database validation/Database migrations/SQLite and PostgreSQL migrations]   |
[Database validation/Database migrations/SQLite and PostgreSQL migrations]   | stdout | packages/db/test/sqlite-migration.spec.ts > SQLite migrations seed the intentional demo showcase
[Database validation/Database migrations/SQLite and PostgreSQL migrations]   | Created 5 bundled custom widgets through seeding process
[Database validation/Database migrations/SQLite and PostgreSQL migrations]   |
[Database validation/Database migrations/SQLite and PostgreSQL migrations]   | stdout | packages/db/test/sqlite-migration.spec.ts > SQLite migrations seed the intentional demo showcase
[Database validation/Database migrations/SQLite and PostgreSQL migrations]   | Placed 7 widgets on board
[Database validation/Database migrations/SQLite and PostgreSQL migrations]   |
[Database validation/Database migrations/SQLite and PostgreSQL migrations]   | stdout | packages/db/test/sqlite-migration.spec.ts > SQLite migrations seed the intentional demo showcase
[Database validation/Database migrations/SQLite and PostgreSQL migrations]   | Demo mode enabled: created demo user, mock integration, and sample board with widgets. Disable by setting DEMO_MODE=false.
[Database validation/Database migrations/SQLite and PostgreSQL migrations]   |
[Database validation/Database migrations/SQLite and PostgreSQL migrations]   |  ✓  db-node  packages/db/test/sqlite-migration.spec.ts (3 tests) 233ms
[Database validation/Database migrations/SQLite and PostgreSQL migrations]   | stderr | packages/db/test/postgresql-migration.spec.ts > PostgreSql Migration > should add all tables and keys specified in migration files
[Database validation/Database migrations/SQLite and PostgreSQL migrations]   | UNSAFE_ENABLE_MOCK_INTEGRATION is enabled: mock integration is available in the UI. Disable by setting UNSAFE_ENABLE_MOCK_INTEGRATION=false.
[Database validation/Database migrations/SQLite and PostgreSQL migrations]   |
[Database validation/Database migrations/SQLite and PostgreSQL migrations]   | stdout | packages/db/test/postgresql-migration.spec.ts > PostgreSql Migration > should add all tables and keys specified in migration files
[Database validation/Database migrations/SQLite and PostgreSQL migrations]   | Created group 'everyone' through seed
[Database validation/Database migrations/SQLite and PostgreSQL migrations]   |
[Database validation/Database migrations/SQLite and PostgreSQL migrations]   | stdout | packages/db/test/postgresql-migration.spec.ts > PostgreSql Migration > should add all tables and keys specified in migration files
[Database validation/Database migrations/SQLite and PostgreSQL migrations]   | Created onboarding step through seed
[Database validation/Database migrations/SQLite and PostgreSQL migrations]   |
[Database validation/Database migrations/SQLite and PostgreSQL migrations]   | stdout | packages/db/test/postgresql-migration.spec.ts > PostgreSql Migration > should add all tables and keys specified in migration files
[Database validation/Database migrations/SQLite and PostgreSQL migrations]   | Created serverSetting through seed key=analytics
[Database validation/Database migrations/SQLite and PostgreSQL migrations]   |
[Database validation/Database migrations/SQLite and PostgreSQL migrations]   | stdout | packages/db/test/postgresql-migration.spec.ts > PostgreSql Migration > should add all tables and keys specified in migration files
[Database validation/Database migrations/SQLite and PostgreSQL migrations]   | Created serverSetting through seed key=crawlingAndIndexing
[Database validation/Database migrations/SQLite and PostgreSQL migrations]   |
[Database validation/Database migrations/SQLite and PostgreSQL migrations]   | stdout | packages/db/test/postgresql-migration.spec.ts > PostgreSql Migration > should add all tables and keys specified in migration files
[Database validation/Database migrations/SQLite and PostgreSQL migrations]   | Created serverSetting through seed key=board
[Database validation/Database migrations/SQLite and PostgreSQL migrations]   |
[Database validation/Database migrations/SQLite and PostgreSQL migrations]   | stdout | packages/db/test/postgresql-migration.spec.ts > PostgreSql Migration > should add all tables and keys specified in migration files
[Database validation/Database migrations/SQLite and PostgreSQL migrations]   | Created serverSetting through seed key=user
[Database validation/Database migrations/SQLite and PostgreSQL migrations]   |
[Database validation/Database migrations/SQLite and PostgreSQL migrations]   | stdout | packages/db/test/postgresql-migration.spec.ts > PostgreSql Migration > should add all tables and keys specified in migration files
[Database validation/Database migrations/SQLite and PostgreSQL migrations]   | Created serverSetting through seed key=appearance
[Database validation/Database migrations/SQLite and PostgreSQL migrations]   |
[Database validation/Database migrations/SQLite and PostgreSQL migrations]   | stdout | packages/db/test/postgresql-migration.spec.ts > PostgreSql Migration > should add all tables and keys specified in migration files
[Database validation/Database migrations/SQLite and PostgreSQL migrations]   | Skipping seeding for serverSetting as it already exists key=branding
[Database validation/Database migrations/SQLite and PostgreSQL migrations]   |
[Database validation/Database migrations/SQLite and PostgreSQL migrations]   | stdout | packages/db/test/postgresql-migration.spec.ts > PostgreSql Migration > should add all tables and keys specified in migration files
[Database validation/Database migrations/SQLite and PostgreSQL migrations]   | Created serverSetting through seed key=culture
[Database validation/Database migrations/SQLite and PostgreSQL migrations]   |
[Database validation/Database migrations/SQLite and PostgreSQL migrations]   | stdout | packages/db/test/postgresql-migration.spec.ts > PostgreSql Migration > should add all tables and keys specified in migration files
[Database validation/Database migrations/SQLite and PostgreSQL migrations]   | Created serverSetting through seed key=search
[Database validation/Database migrations/SQLite and PostgreSQL migrations]   |
[Database validation/Database migrations/SQLite and PostgreSQL migrations]   | stdout | packages/db/test/postgresql-migration.spec.ts > PostgreSql Migration > should add all tables and keys specified in migration files
[Database validation/Database migrations/SQLite and PostgreSQL migrations]   | Created 3 default search engines through seeding process
[Database validation/Database migrations/SQLite and PostgreSQL migrations]   |
[Database validation/Database migrations/SQLite and PostgreSQL migrations]   | stdout | packages/db/test/postgresql-migration.spec.ts > PostgreSql Migration > should add all tables and keys specified in migration files
[Database validation/Database migrations/SQLite and PostgreSQL migrations]   | Set Homarr docs as the default search engine
[Database validation/Database migrations/SQLite and PostgreSQL migrations]   |
[Database validation/Database migrations/SQLite and PostgreSQL migrations]   | stderr | packages/db/test/postgresql-migration.spec.ts > PostgreSql Migration > should add all tables and keys specified in migration files
[Database validation/Database migrations/SQLite and PostgreSQL migrations]   | No default integrations found to seed
[Database validation/Database migrations/SQLite and PostgreSQL migrations]   |
[Database validation/Database migrations/SQLite and PostgreSQL migrations]   | stdout | packages/db/test/postgresql-migration.spec.ts > PostgreSql Migration > should add all tables and keys specified in migration files
[Database validation/Database migrations/SQLite and PostgreSQL migrations]   | Created 4 default apps through seeding process
[Database validation/Database migrations/SQLite and PostgreSQL migrations]   |
[Database validation/Database migrations/SQLite and PostgreSQL migrations]   | stdout | packages/db/test/postgresql-migration.spec.ts > PostgreSql Migration > should add all tables and keys specified in migration files
[Database validation/Database migrations/SQLite and PostgreSQL migrations]   | Set default board as home board for everyone group
[Database validation/Database migrations/SQLite and PostgreSQL migrations]   | Created default board 'dashboard' through seed
[Database validation/Database migrations/SQLite and PostgreSQL migrations]   |
[Database validation/Database migrations/SQLite and PostgreSQL migrations]   | stdout | packages/db/test/postgresql-migration.spec.ts > PostgreSql Migration > should add all tables and keys specified in migration files
[Database validation/Database migrations/SQLite and PostgreSQL migrations]   | Created 5 bundled custom widgets through seeding process
[Database validation/Database migrations/SQLite and PostgreSQL migrations]   |
[Database validation/Database migrations/SQLite and PostgreSQL migrations]   | stdout | packages/db/test/postgresql-migration.spec.ts > PostgreSql Migration > should add all tables and keys specified in migration files
[Database validation/Database migrations/SQLite and PostgreSQL migrations]   | Placed 7 widgets on board
[Database validation/Database migrations/SQLite and PostgreSQL migrations]   |
[Database validation/Database migrations/SQLite and PostgreSQL migrations]   | stderr | packages/db/test/postgresql-migration.spec.ts > PostgreSql Migration > should add all tables and keys specified in migration files
[Database validation/Database migrations/SQLite and PostgreSQL migrations]   | UNSAFE_ENABLE_MOCK_INTEGRATION is enabled: mock integration is available in the UI. Disable by setting UNSAFE_ENABLE_MOCK_INTEGRATION=false.
[Database validation/Database migrations/SQLite and PostgreSQL migrations]   |
[Database validation/Database migrations/SQLite and PostgreSQL migrations]   | stdout | packages/db/test/postgresql-migration.spec.ts > PostgreSql Migration > should add all tables and keys specified in migration files
[Database validation/Database migrations/SQLite and PostgreSQL migrations]   | Skipping seeding of group 'everyone' as it already exists
[Database validation/Database migrations/SQLite and PostgreSQL migrations]   |
[Database validation/Database migrations/SQLite and PostgreSQL migrations]   | stdout | packages/db/test/postgresql-migration.spec.ts > PostgreSql Migration > should add all tables and keys specified in migration files
[Database validation/Database migrations/SQLite and PostgreSQL migrations]   | Skipping seeding of onboarding as it already exists
[Database validation/Database migrations/SQLite and PostgreSQL migrations]   |
[Database validation/Database migrations/SQLite and PostgreSQL migrations]   | stdout | packages/db/test/postgresql-migration.spec.ts > PostgreSql Migration > should add all tables and keys specified in migration files
[Database validation/Database migrations/SQLite and PostgreSQL migrations]   | Skipping seeding for serverSetting as it already exists key=analytics
[Database validation/Database migrations/SQLite and PostgreSQL migrations]   |
[Database validation/Database migrations/SQLite and PostgreSQL migrations]   | stdout | packages/db/test/postgresql-migration.spec.ts > PostgreSql Migration > should add all tables and keys specified in migration files
[Database validation/Database migrations/SQLite and PostgreSQL migrations]   | Skipping seeding for serverSetting as it already exists key=crawlingAndIndexing
[Database validation/Database migrations/SQLite and PostgreSQL migrations]   |
[Database validation/Database migrations/SQLite and PostgreSQL migrations]   | stdout | packages/db/test/postgresql-migration.spec.ts > PostgreSql Migration > should add all tables and keys specified in migration files
[Database validation/Database migrations/SQLite and PostgreSQL migrations]   | Skipping seeding for serverSetting as it already exists key=board
[Database validation/Database migrations/SQLite and PostgreSQL migrations]   |
[Database validation/Database migrations/SQLite and PostgreSQL migrations]   | stdout | packages/db/test/postgresql-migration.spec.ts > PostgreSql Migration > should add all tables and keys specified in migration files
[Database validation/Database migrations/SQLite and PostgreSQL migrations]   | Skipping seeding for serverSetting as it already exists key=user
[Database validation/Database migrations/SQLite and PostgreSQL migrations]   |
[Database validation/Database migrations/SQLite and PostgreSQL migrations]   | stdout | packages/db/test/postgresql-migration.spec.ts > PostgreSql Migration > should add all tables and keys specified in migration files
[Database validation/Database migrations/SQLite and PostgreSQL migrations]   | Skipping seeding for serverSetting as it already exists key=appearance
[Database validation/Database migrations/SQLite and PostgreSQL migrations]   |
[Database validation/Database migrations/SQLite and PostgreSQL migrations]   | stdout | packages/db/test/postgresql-migration.spec.ts > PostgreSql Migration > should add all tables and keys specified in migration files
[Database validation/Database migrations/SQLite and PostgreSQL migrations]   | Skipping seeding for serverSetting as it already exists key=branding
[Database validation/Database migrations/SQLite and PostgreSQL migrations]   |
[Database validation/Database migrations/SQLite and PostgreSQL migrations]   | stdout | packages/db/test/postgresql-migration.spec.ts > PostgreSql Migration > should add all tables and keys specified in migration files
[Database validation/Database migrations/SQLite and PostgreSQL migrations]   | Skipping seeding for serverSetting as it already exists key=culture
[Database validation/Database migrations/SQLite and PostgreSQL migrations]   |
[Database validation/Database migrations/SQLite and PostgreSQL migrations]   | stdout | packages/db/test/postgresql-migration.spec.ts > PostgreSql Migration > should add all tables and keys specified in migration files
[Database validation/Database migrations/SQLite and PostgreSQL migrations]   | Skipping seeding for serverSetting as it already exists key=search
[Database validation/Database migrations/SQLite and PostgreSQL migrations]   |
[Database validation/Database migrations/SQLite and PostgreSQL migrations]   | stdout | packages/db/test/postgresql-migration.spec.ts > PostgreSql Migration > should add all tables and keys specified in migration files
[Database validation/Database migrations/SQLite and PostgreSQL migrations]   | Skipping seeding of default search engines as some already exists
[Database validation/Database migrations/SQLite and PostgreSQL migrations]   |
[Database validation/Database migrations/SQLite and PostgreSQL migrations]   | stderr | packages/db/test/postgresql-migration.spec.ts > PostgreSql Migration > should add all tables and keys specified in migration files
[Database validation/Database migrations/SQLite and PostgreSQL migrations]   | No default integrations found to seed
[Database validation/Database migrations/SQLite and PostgreSQL migrations]   |
[Database validation/Database migrations/SQLite and PostgreSQL migrations]   | stdout | packages/db/test/postgresql-migration.spec.ts > PostgreSql Migration > should add all tables and keys specified in migration files
[Database validation/Database migrations/SQLite and PostgreSQL migrations]   | Skipping seeding of default apps as some already exist
[Database validation/Database migrations/SQLite and PostgreSQL migrations]   |
[Database validation/Database migrations/SQLite and PostgreSQL migrations]   | stdout | packages/db/test/postgresql-migration.spec.ts > PostgreSql Migration > should add all tables and keys specified in migration files
[Database validation/Database migrations/SQLite and PostgreSQL migrations]   | Skipping seeding of default board as one already exists
[Database validation/Database migrations/SQLite and PostgreSQL migrations]   |
[Database validation/Database migrations/SQLite and PostgreSQL migrations]   | stdout | packages/db/test/postgresql-migration.spec.ts > PostgreSql Migration > should add all tables and keys specified in migration files
[Database validation/Database migrations/SQLite and PostgreSQL migrations]   | Created 1 bundled custom widgets through seeding process
[Database validation/Database migrations/SQLite and PostgreSQL migrations]   |
[Database validation/Database migrations/SQLite and PostgreSQL migrations]   | stdout | packages/db/test/postgresql-migration.spec.ts > PostgreSql Migration > should add all tables and keys specified in migration files
[Database validation/Database migrations/SQLite and PostgreSQL migrations]   | Skipping seeding of board widgets as some already exist
[Database validation/Database migrations/SQLite and PostgreSQL migrations]   |
[Database validation/Database migrations/SQLite and PostgreSQL migrations]   |  ✓  integration  packages/db/test/postgresql-migration.spec.ts (2 tests) 8145ms
[Database validation/Database migrations/SQLite and PostgreSQL migrations]   |      ✓ should add all tables and keys specified in migration files  5279ms
[Database validation/Database migrations/SQLite and PostgreSQL migrations]   |      ✓ Custom Widget v2 migration preserves v1 data and board references  2862ms
[Database validation/Database migrations/SQLite and PostgreSQL migrations]   |  ✓  integration  packages/db/proxy-reader.integration.spec.ts (2 tests) 3225ms
[Database validation/Database migrations/SQLite and PostgreSQL migrations]   |      ✓ reads SQLite settings and falls back for malformed culture data  350ms
[Database validation/Database migrations/SQLite and PostgreSQL migrations]   |      ✓ reads PostgreSQL settings through the bounded host configuration  2873ms
[Database validation/Database migrations/SQLite and PostgreSQL migrations]   |
[Database validation/Database migrations/SQLite and PostgreSQL migrations]   |  Test Files  3 passed (3)
[Database validation/Database migrations/SQLite and PostgreSQL migrations]   |       Tests  7 passed (7)
[Database validation/Database migrations/SQLite and PostgreSQL migrations]   |    Start at  05:32:25
[Database validation/Database migrations/SQLite and PostgreSQL migrations]   |    Duration  16.14s (transform 2.36s, setup 77ms, import 4.21s, tests 11.60s, environment 1ms)
[Database validation/Database migrations/SQLite and PostgreSQL migrations]   |
[Database validation/Database migrations/SQLite and PostgreSQL migrations]   ✅  Success - Main bun x --bun vitest run --project db-node --project integration packages/db/test/sqlite-migration.spec.ts packages/db/test/postgresql-migration.spec.ts packages/db/proxy-reader.integration.spec.ts --maxWorkers 1 [16.652465289s]
[Database validation/Database migrations/SQLite and PostgreSQL migrations]   ⚙  Summary - ## Vitest Test Report

### Summary

- **Test Files**: ✅ **3 passes** · 3 total
- **Test Results**: ✅ **7 passes** · 7 total
[Database validation/Database migrations/SQLite and PostgreSQL migrations] ⭐ Run Post ./tooling/github/setup
[Database validation/Database migrations/SQLite and PostgreSQL migrations] ⭐ Run Post oven-sh/setup-bun@v2
[Database validation/Database migrations/SQLite and PostgreSQL migrations]   🐳  docker exec cmd=[/opt/acttoolcache/node/24.19.0/x64/bin/node /var/run/act/actions/oven-sh-setup-bun@v2/dist/cache-save/index.js] user= workdir=
[Database validation/Database migrations/SQLite and PostgreSQL migrations]   ✅  Success - Post oven-sh/setup-bun@v2 [171.954257ms]
[Database validation/Database migrations/SQLite and PostgreSQL migrations]   ✅  Success - Post ./tooling/github/setup [229.599756ms]
[Database validation/Database migrations/SQLite and PostgreSQL migrations] ⭐ Run Complete job
[Database validation/Database migrations/SQLite and PostgreSQL migrations] Cleaning up container for job SQLite and PostgreSQL migrations
[Database validation/Database migrations/SQLite and PostgreSQL migrations]   ✅  Success - Complete job
[Database validation/Database migrations/SQLite and PostgreSQL migrations] 🏁  Job succeeded
[Database validation/Database migrations/Database gate                   ] ⭐ Run Set up job
[Database validation/Database migrations/Database gate                   ] 🚀  Start image=catthehacker/ubuntu:act-latest
[Database validation/Database migrations/Database gate                   ]   🐳  docker pull image=catthehacker/ubuntu:act-latest platform=linux/amd64 username= forcePull=true
[Database validation/Database migrations/Database gate                   ]   🐳  docker create image=catthehacker/ubuntu:act-latest platform=linux/amd64 entrypoint=["tail" "-f" "/dev/null"] cmd=[] network="host"
[Database validation/Database migrations/Database gate                   ]   🐳  docker run image=catthehacker/ubuntu:act-latest platform=linux/amd64 entrypoint=["tail" "-f" "/dev/null"] cmd=[] network="host"
[Database validation/Database migrations/Database gate                   ]   🐳  docker exec cmd=[node --no-warnings -e console.log(process.execPath)] user= workdir=
[Database validation/Database migrations/Database gate                   ]   ✅  Success - Set up job
[Database validation/Database migrations/Database gate                   ] ⭐ Run Main Require selected database checks
[Database validation/Database migrations/Database gate                   ]   🐳  docker exec cmd=[bash -e /var/run/act/workflow/0] user= workdir=
[Database validation/Database migrations/Database gate                   ]   ✅  Success - Main Require selected database checks [83.72365ms]
[Database validation/Database migrations/Database gate                   ] ⭐ Run Complete job
[Database validation/Database migrations/Database gate                   ] Cleaning up container for job Database gate
[Database validation/Database migrations/Database gate                   ]   ✅  Success - Complete job
[Database validation/Database migrations/Database gate                   ] 🏁  Job succeeded
[CI/Fast gate                 ] ⭐ Run Set up job
[CI/Fast gate                 ] 🚀  Start image=catthehacker/ubuntu:act-latest
[CI/Fast gate                 ]   🐳  docker pull image=catthehacker/ubuntu:act-latest platform=linux/amd64 username= forcePull=true
[CI/Fast gate                 ]   🐳  docker create image=catthehacker/ubuntu:act-latest platform=linux/amd64 entrypoint=["tail" "-f" "/dev/null"] cmd=[] network="host"
[CI/Fast gate                 ]   🐳  docker run image=catthehacker/ubuntu:act-latest platform=linux/amd64 entrypoint=["tail" "-f" "/dev/null"] cmd=[] network="host"
[CI/Fast gate                 ]   🐳  docker exec cmd=[node --no-warnings -e console.log(process.execPath)] user= workdir=
[CI/Fast gate                 ]   ✅  Success - Set up job
[CI/Fast gate                 ]   ☁  git clone 'https://github.com/actions/checkout' # ref=v7
[CI/Fast gate                 ] ⭐ Run Main Require database validation
[CI/Fast gate                 ]   🐳  docker exec cmd=[bash -e /var/run/act/workflow/0] user= workdir=
[CI/Fast gate                 ]   ✅  Success - Main Require database validation [85.985347ms]
[CI/Fast gate                 ] ⭐ Run Main Setup
[CI/Fast gate                 ]   ☁  git clone 'https://github.com/oven-sh/setup-bun' # ref=v2
[CI/Fast gate                 ] ⭐ Run Main oven-sh/setup-bun@v2
[CI/Fast gate                 ]   🐳  docker cp src=/home/habs/.cache/act/oven-sh-setup-bun@v2/ dst=/var/run/act/actions/oven-sh-setup-bun@v2/
[CI/Fast gate                 ]   🐳  docker exec cmd=[/opt/acttoolcache/node/24.19.0/x64/bin/node /var/run/act/actions/oven-sh-setup-bun@v2/dist/setup/index.js] user= workdir=
[CI/Fast gate                 ]   ⚙  ***
[CI/Fast gate                 ]   | Cache Size: ~34 MB (35866725 B)
[CI/Fast gate                 ]   | [command]/usr/bin/tar -xf /tmp/19513169-7891-43d4-803d-8e3854912de6/cache.tzst -P -C /home/habs/.codex/worktrees/84a3/homarr --use-compress-program unzstd
[CI/Fast gate                 ]   | Cache restored successfully
[CI/Fast gate                 ]   | [command]/root/.bun/bin/bun --revision
[CI/Fast gate                 ]   | 1.4.2+744846f84
[CI/Fast gate                 ]   | Using a cached version of Bun: 1.4.2+744846f84
[CI/Fast gate                 ]   ✅  Success - Main oven-sh/setup-bun@v2 [1.038039048s]
[CI/Fast gate                 ]   ⚙  ::set-output:: bun-revision=1.4.2+744846f84
[CI/Fast gate                 ]   ⚙  ::set-output:: bun-path=/root/.bun/bin/bun
[CI/Fast gate                 ]   ⚙  ::set-output:: bun-download-url=https://github.com/oven-sh/bun/releases/download/bun-v1.4.2/bun-linux-x64.zip
[CI/Fast gate                 ]   ⚙  ::set-output:: cache-hit=true
[CI/Fast gate                 ]   ⚙  ::set-output:: bun-version=1.4.2
[CI/Fast gate                 ]   ⚙  ::add-path:: /root/.bun/bin
[CI/Fast gate                 ]   ☁  git clone 'https://github.com/actions/cache' # ref=v5
[CI/Fast gate                 ]   🐳  docker exec cmd=[/opt/acttoolcache/node/24.19.0/x64/bin/node /var/run/act/workflow/hashfiles/index.js] user= workdir=
[CI/Fast gate                 ] ⭐ Run Main bun install --frozen-lockfile
[CI/Fast gate                 ]   🐳  docker exec cmd=[bash --noprofile --norc -e -o pipefail /var/run/act/workflow/3-composite-2.sh] user= workdir=
[CI/Fast gate                 ]   | [0.03ms] ".env"
[CI/Fast gate                 ]   | bun install v1.4.2 (744846f84)
[CI/Fast gate                 ]   | Resolving dependencies
[CI/Fast gate                 ]   | Resolved, downloaded and extracted [3]
[CI/Fast gate                 ]   |
[CI/Fast gate                 ]   | Checked 2246 installs across 2222 packages (no changes) [316.00ms]
[CI/Fast gate                 ]   ✅  Success - Main bun install --frozen-lockfile [410.197944ms]
[CI/Fast gate                 ]   ✅  Success - Main Setup [2.808187476s]
[CI/Fast gate                 ] ⭐ Run Main Copy environment defaults
[CI/Fast gate                 ]   🐳  docker exec cmd=[bash -e /var/run/act/workflow/4] user= workdir=
[CI/Fast gate                 ]   ✅  Success - Main Copy environment defaults [99.865127ms]
[CI/Fast gate                 ] ⭐ Run Main Lint, typecheck, and build affected workspaces
[CI/Fast gate                 ]   🐳  docker exec cmd=[bash -e /var/run/act/workflow/5] user= workdir=
[CI/Fast gate                 ]   |
[CI/Fast gate                 ]   |    • Packages in scope: @homarr/analytics, @homarr/api, @homarr/auth, @homarr/boards, @homarr/cli, @homarr/common, @homarr/core, @homarr/cron-job-status, @homarr/cron-jobs, @homarr/cron-jobs-core, @homarr/custom-widgets, @homarr/db, @homarr/definitions, @homarr/docker, @homarr/docs, @homarr/form, @homarr/forms-collection, @homarr/github, @homarr/icons, @homarr/image-proxy, @homarr/integrations, @homarr/modals, @homarr/modals-collection, @homarr/nextjs, @homarr/notifications, @homarr/onboarding, @homarr/ping, @homarr/redis, @homarr/request-handler, @homarr/server-settings, @homarr/settings, @homarr/spotlight, @homarr/tasks, @homarr/translation, @homarr/tsconfig, @homarr/ui, @homarr/validation, @homarr/websocket, @homarr/widgets, @homarr/workshop
[CI/Fast gate                 ]   |    • Running lint, typecheck, build in 40 packages
[CI/Fast gate                 ]   |    • Remote caching disabled, using shared worktree cache
[CI/Fast gate                 ]   |
[CI/Fast gate                 ]   ❓  ::group::@homarr/db:build
[CI/Fast gate                 ]   | cache miss, executing 03e72e3b4c494dd6
[CI/Fast gate                 ]   | $ bun run build:sqlite && bun run build:postgresql
[CI/Fast gate                 ]   | $ bun build migrations/sqlite/migrate.ts --target=bun --format=cjs --outfile=migrations/sqlite/migrate.cjs
[CI/Fast gate                 ]   | Bundled 1349 modules in 79ms
[CI/Fast gate                 ]   |
[CI/Fast gate                 ]   |   migrate.cjs  2.91 MB  (entry point)
[CI/Fast gate                 ]   |
[CI/Fast gate                 ]   | $ bun build migrations/postgresql/migrate.ts --target=bun --format=cjs --outfile=migrations/postgresql/migrate.cjs
[CI/Fast gate                 ]   | Bundled 1349 modules in 80ms
[CI/Fast gate                 ]   |
[CI/Fast gate                 ]   |   migrate.cjs  2.91 MB  (entry point)
[CI/Fast gate                 ]   |
[CI/Fast gate                 ]   ❓  ::endgroup::
[CI/Fast gate                 ]   ❓  ::group::@homarr/cli:build
[CI/Fast gate                 ]   | cache miss, executing 7e8cb588a1185674
[CI/Fast gate                 ]   | $ bun build src/index.ts --target=bun --format=cjs --outfile=cli.cjs --external=bcrypt --external=cpu-features
[CI/Fast gate                 ]   | Bundled 1795 modules in 126ms
[CI/Fast gate                 ]   |
[CI/Fast gate                 ]   |   cli.cjs  2.1 MB  (entry point)
[CI/Fast gate                 ]   |
[CI/Fast gate                 ]   ❓  ::endgroup::
[CI/Fast gate                 ]   ❓  ::group::@homarr/core:typecheck
[CI/Fast gate                 ]   | cache miss, executing 253700557c575fca
[CI/Fast gate                 ]   | $ bun --bun tsc --noEmit
[CI/Fast gate                 ]   ❓  ::endgroup::
[CI/Fast gate                 ]   ❓  ::group::@homarr/core:lint
[CI/Fast gate                 ]   | cache miss, executing eccc251c34851aa6
[CI/Fast gate                 ]   | $ oxlint
[CI/Fast gate                 ]   🚧  ::warning file=src/infrastructure/http/http-agent.ts,line=8,endLine=8,col=1,endColumn=47,title=import(no-unassigned-import)::Imported module should be assigned
[CI/Fast gate                 ]   🚧  ::warning file=src/infrastructure/http/request.ts,line=98,endLine=98,col=18,endColumn=30,title=import(no-named-as-default-member)::"axios" also has a named export "create"
[CI/Fast gate                 ]   |
[CI/Fast gate                 ]   | Found 2 warnings and 0 errors.
[CI/Fast gate                 ]   | Finished in 47ms on 38 files with 197 rules using 20 threads.
[CI/Fast gate                 ]   ❓  ::endgroup::
[CI/Fast gate                 ]   ❓  ::group::@homarr/common:typecheck
[CI/Fast gate                 ]   | cache miss, executing 5df92659f254c8d2
[CI/Fast gate                 ]   | $ bun --bun tsc --noEmit
[CI/Fast gate                 ]   ❓  ::endgroup::
[CI/Fast gate                 ]   ❓  ::group::@homarr/common:lint
[CI/Fast gate                 ]   | cache miss, executing 48ddd69876117814
[CI/Fast gate                 ]   | $ oxlint
[CI/Fast gate                 ]   🚧  ::warning file=src/encryption.ts,line=24,endLine=24,col=68,endColumn=71,title=eslint(no-shadow)::'key' is already declared in the upper scope.
[CI/Fast gate                 ]   |
[CI/Fast gate                 ]   | Found 1 warning and 0 errors.
[CI/Fast gate                 ]   | Finished in 45ms on 50 files with 197 rules using 20 threads.
[CI/Fast gate                 ]   ❓  ::endgroup::
[CI/Fast gate                 ]   ❓  ::group::@homarr/definitions:typecheck
[CI/Fast gate                 ]   | cache miss, executing b127b4869eff08fc
[CI/Fast gate                 ]   | $ bun --bun tsc --noEmit
[CI/Fast gate                 ]   ❓  ::endgroup::
[CI/Fast gate                 ]   ❓  ::group::@homarr/definitions:lint
[CI/Fast gate                 ]   | cache miss, executing f943ca68e7d9975f
[CI/Fast gate                 ]   | $ oxlint
[CI/Fast gate                 ]   🚧  ::warning file=src/docs/codegen.ts,line=49,endLine=49,col=65,endColumn=69,title=eslint(no-shadow)::'path' is already declared in the upper scope.
[CI/Fast gate                 ]   🚧  ::warning file=src/docs/codegen.ts,line=11,endLine=11,col=7,endColumn=17,title=eslint(no-underscore-dangle)::Unexpected dangling '_' in '`__filename`'.
[CI/Fast gate                 ]   🚧  ::warning file=src/docs/codegen.ts,line=12,endLine=12,col=7,endColumn=16,title=eslint(no-underscore-dangle)::Unexpected dangling '_' in '`__dirname`'.
[CI/Fast gate                 ]   🚧  ::warning file=src/permissions.ts,line=182,endLine=182,col=38,endColumn=41,title=unicorn(no-useless-spread)::Using a spread operator here creates a new array unnecessarily.
[CI/Fast gate                 ]   |
[CI/Fast gate                 ]   | Found 4 warnings and 0 errors.
[CI/Fast gate                 ]   | Finished in 42ms on 39 files with 197 rules using 20 threads.
[CI/Fast gate                 ]   ❓  ::endgroup::
[CI/Fast gate                 ]   ❓  ::group::@homarr/ping:lint
[CI/Fast gate                 ]   | cache miss, executing 533a27dfa1f5d914
[CI/Fast gate                 ]   | $ oxlint
[CI/Fast gate                 ]   | Found 0 warnings and 0 errors.
[CI/Fast gate                 ]   | Finished in 37ms on 2 files with 197 rules using 20 threads.
[CI/Fast gate                 ]   ❓  ::endgroup::
[CI/Fast gate                 ]   ❓  ::group::@homarr/ping:typecheck
[CI/Fast gate                 ]   | cache miss, executing fd393824ea81902b
[CI/Fast gate                 ]   | $ bun --bun tsc --noEmit
[CI/Fast gate                 ]   ❓  ::endgroup::
[CI/Fast gate                 ]   ❓  ::group::@homarr/custom-widgets:lint
[CI/Fast gate                 ]   | cache miss, executing 641d523ee205f96e
[CI/Fast gate                 ]   | $ oxlint
[CI/Fast gate                 ]   🚧  ::warning file=src/core/authoring-resources.ts,line=66,endLine=66,col=27,endColumn=31,title=eslint(no-shadow)::'name' is already declared in the upper scope.
[CI/Fast gate                 ]   🚧  ::warning file=scripts/generate-component-metadata.ts,line=315,endLine=315,col=62,endColumn=75,title=eslint(no-shadow)::'literalValues' is already declared in the upper scope.
[CI/Fast gate                 ]   🚧  ::warning file=src/jsx/analyzer-ast.ts,line=40,endLine=40,col=11,endColumn=21,title=eslint(no-underscore-dangle)::Unexpected dangling '_' in '`arguments_`'.
[CI/Fast gate                 ]   🚧  ::warning file=src/jsx/analyzer-jsx.ts,line=181,endLine=181,col=49,endColumn=53,title=eslint(no-shadow)::'name' is already declared in the upper scope.
[CI/Fast gate                 ]   🚧  ::warning file=src/jsx/analyzer-jsx.ts,line=182,endLine=182,col=50,endColumn=54,title=eslint(no-shadow)::'name' is already declared in the upper scope.
[CI/Fast gate                 ]   |
[CI/Fast gate                 ]   | Found 5 warnings and 0 errors.
[CI/Fast gate                 ]   | Finished in 323ms on 140 files with 197 rules using 20 threads.
[CI/Fast gate                 ]   ❓  ::endgroup::
[CI/Fast gate                 ]   ❓  ::group::@homarr/custom-widgets:typecheck
[CI/Fast gate                 ]   | cache miss, executing 7d3e25307e8930c9
[CI/Fast gate                 ]   | $ bun --bun tsc --noEmit
[CI/Fast gate                 ]   ❓  ::endgroup::
[CI/Fast gate                 ]   ❓  ::group::@homarr/docker:typecheck
[CI/Fast gate                 ]   | cache miss, executing a9cc23032dfc3d60
[CI/Fast gate                 ]   | $ bun --bun tsc --noEmit
[CI/Fast gate                 ]   ❓  ::endgroup::
[CI/Fast gate                 ]   ❓  ::group::@homarr/docker:lint
[CI/Fast gate                 ]   | cache miss, executing 26da86749941277a
[CI/Fast gate                 ]   | $ oxlint
[CI/Fast gate                 ]   | Found 0 warnings and 0 errors.
[CI/Fast gate                 ]   | Finished in 42ms on 15 files with 197 rules using 20 threads.
[CI/Fast gate                 ]   ❓  ::endgroup::
[CI/Fast gate                 ]   ❓  ::group::@homarr/translation:lint
[CI/Fast gate                 ]   | cache miss, executing 2a37439e2ded29d0
[CI/Fast gate                 ]   | $ oxlint
[CI/Fast gate                 ]   🚧  ::warning file=src/mapping.ts,line=3,endLine=3,col=7,endColumn=22,title=eslint(no-underscore-dangle)::Unexpected dangling '_' in '`_enTranslations`'.
[CI/Fast gate                 ]   |
[CI/Fast gate                 ]   | Found 1 warning and 0 errors.
[CI/Fast gate                 ]   | Finished in 96ms on 16 files with 197 rules using 20 threads.
[CI/Fast gate                 ]   ❓  ::endgroup::
[CI/Fast gate                 ]   ❓  ::group::@homarr/translation:typecheck
[CI/Fast gate                 ]   | cache miss, executing 5c38c84c31ea43a5
[CI/Fast gate                 ]   | $ bun --bun tsc --noEmit
[CI/Fast gate                 ]   ❓  ::endgroup::
[CI/Fast gate                 ]   ❓  ::group::@homarr/server-settings:typecheck
[CI/Fast gate                 ]   | cache miss, executing 02d1f884ef084bbd
[CI/Fast gate                 ]   | $ bun --bun tsc --noEmit
[CI/Fast gate                 ]   ❓  ::endgroup::
[CI/Fast gate                 ]   ❓  ::group::@homarr/validation:lint
[CI/Fast gate                 ]   | cache miss, executing 6a704982410fa152
[CI/Fast gate                 ]   | $ oxlint
[CI/Fast gate                 ]   | Found 0 warnings and 0 errors.
[CI/Fast gate                 ]   | Finished in 121ms on 23 files with 197 rules using 20 threads.
[CI/Fast gate                 ]   ❓  ::endgroup::
[CI/Fast gate                 ]   ❓  ::group::@homarr/server-settings:lint
[CI/Fast gate                 ]   | cache miss, executing 1464a94445ced4a9
[CI/Fast gate                 ]   | $ oxlint
[CI/Fast gate                 ]   | Found 0 warnings and 0 errors.
[CI/Fast gate                 ]   | Finished in 117ms on 2 files with 197 rules using 20 threads.
[CI/Fast gate                 ]   ❓  ::endgroup::
[CI/Fast gate                 ]   ❓  ::group::@homarr/validation:typecheck
[CI/Fast gate                 ]   | cache miss, executing 79de76699d9d55ad
[CI/Fast gate                 ]   | $ bun --bun tsc --noEmit
[CI/Fast gate                 ]   ❓  ::endgroup::
[CI/Fast gate                 ]   ❓  ::group::@homarr/workshop:typecheck
[CI/Fast gate                 ]   | cache miss, executing 5eea6d282d94de8c
[CI/Fast gate                 ]   | $ bun --bun tsc --noEmit
[CI/Fast gate                 ]   ❓  ::endgroup::
[CI/Fast gate                 ]   ❓  ::group::@homarr/workshop:lint
[CI/Fast gate                 ]   | cache miss, executing d90c6ca78f5e5036
[CI/Fast gate                 ]   | $ oxlint
[CI/Fast gate                 ]   | Found 0 warnings and 0 errors.
[CI/Fast gate                 ]   | Finished in 47ms on 6 files with 197 rules using 20 threads.
[CI/Fast gate                 ]   ❓  ::endgroup::
[CI/Fast gate                 ]   ❓  ::group::@homarr/docs:build
[CI/Fast gate                 ]   | cache miss, executing cf4d46ecba957cd4
[CI/Fast gate                 ]   | $ bun run validate:coverage && bun --bun next build
[CI/Fast gate                 ]   | $ bun ./scripts/validate-docs-coverage.ts
[CI/Fast gate                 ]   | Integration and widget documentation coverage passed
[CI/Fast gate                 ]   | ▲ Next.js 16.3.6 (Turbopack)
[CI/Fast gate                 ]   | [MDX] generated files in 3.6201549999999543ms
[CI/Fast gate                 ]   | ✓ Running next.config.mjs took 359ms
[CI/Fast gate                 ]   |
[CI/Fast gate                 ]   |   Creating an optimized production build ...
[CI/Fast gate                 ]   | ✓ Compiled successfully in 20.8s
[CI/Fast gate                 ]   |   Running TypeScript ...
[CI/Fast gate                 ]   |   Finished TypeScript in 1320ms ...
[CI/Fast gate                 ]   |   Collecting page data using 19 workers ...
[CI/Fast gate                 ]   |   Generating static pages using 19 workers (0/579) ...
[CI/Fast gate                 ]   |   Generating static pages using 19 workers (144/579)
[CI/Fast gate                 ]   |   Generating static pages using 19 workers (289/579)
[CI/Fast gate                 ]   |   Generating static pages using 19 workers (434/579)
[CI/Fast gate                 ]   | ✓ Generating static pages using 19 workers (579/579) in 9.6s
[CI/Fast gate                 ]   |   Finalizing page optimization ...
[CI/Fast gate                 ]   |
[CI/Fast gate                 ]   | Route (app)
[CI/Fast gate                 ]   | ┌ ○ /
[CI/Fast gate                 ]   | ├ ○ /_not-found
[CI/Fast gate                 ]   | ├ ○ /about-us
[CI/Fast gate                 ]   | ├ ○ /api-reference
[CI/Fast gate                 ]   | ├   /api-reference/[...slug]
[CI/Fast gate                 ]   | │ ├ ● /api-reference/apps/appRouter-getPaginated
[CI/Fast gate                 ]   | │ ├ ● /api-reference/apps/appRouter-all
[CI/Fast gate                 ]   | │ ├ ● /api-reference/apps/appRouter-create
[CI/Fast gate                 ]   | │ └ ● [+40 more paths]
[CI/Fast gate                 ]   | ├ ○ /api/search
[CI/Fast gate                 ]   | ├ ○ /blog
[CI/Fast gate                 ]   | ├   /blog/[...slug]
[CI/Fast gate                 ]   | │ ├ ● /blog/2026/09/03/homarr-2.0
[CI/Fast gate                 ]   | │ ├ ● /blog/translations
[CI/Fast gate                 ]   | │ ├ ● /blog/documentation-migration
[CI/Fast gate                 ]   | │ └ ● [+8 more paths]
[CI/Fast gate                 ]   | ├ ○ /blog/rss.xml
[CI/Fast gate                 ]   | ├   /docs/[[...slug]]
[CI/Fast gate                 ]   | │ ├ ● /docs
[CI/Fast gate                 ]   | │ ├ ● /docs/getting-started/after-the-installation
[CI/Fast gate                 ]   | │ ├ ● /docs/getting-started
[CI/Fast gate                 ]   | │ └ ● [+221 more paths]
[CI/Fast gate                 ]   | ├   /docs/category/[category]
[CI/Fast gate                 ]   | │ ├ ● /docs/category/advanced
[CI/Fast gate                 ]   | │ ├ ● /docs/category/developer-guides
[CI/Fast gate                 ]   | │ ├ ● /docs/category/community
[CI/Fast gate                 ]   | │ └ ● [+5 more paths]
[CI/Fast gate                 ]   | ├ ○ /llms-full.txt
[CI/Fast gate                 ]   | ├   /llms.mdx/api-reference/[...slug]
[CI/Fast gate                 ]   | │ ├ ● /llms.mdx/api-reference/apps/appRouter-getPaginated/content.md
[CI/Fast gate                 ]   | │ ├ ● /llms.mdx/api-reference/apps/appRouter-all/content.md
[CI/Fast gate                 ]   | │ ├ ● /llms.mdx/api-reference/apps/appRouter-create/content.md
[CI/Fast gate                 ]   | │ └ ● [+40 more paths]
[CI/Fast gate                 ]   | ├   /llms.mdx/blog/[...slug]
[CI/Fast gate                 ]   | │ ├ ● /llms.mdx/blog/2026/09/03/homarr-2.0/content.md
[CI/Fast gate                 ]   | │ ├ ● /llms.mdx/blog/2024/09/23/version-1.0/content.md
[CI/Fast gate                 ]   | │ ├ ● /llms.mdx/blog/translations/content.md
[CI/Fast gate                 ]   | │ └ ● [+8 more paths]
[CI/Fast gate                 ]   | ├   /llms.mdx/docs/[[...slug]]
[CI/Fast gate                 ]   | │ ├ ● /llms.mdx/docs/content.md
[CI/Fast gate                 ]   | │ ├ ● /llms.mdx/docs/getting-started/after-the-installation/content.md
[CI/Fast gate                 ]   | │ ├ ● /llms.mdx/docs/getting-started/content.md
[CI/Fast gate                 ]   | │ └ ● [+221 more paths]
[CI/Fast gate                 ]   | ├ ○ /llms.txt
[CI/Fast gate                 ]   | ├ ○ /robots.txt
[CI/Fast gate                 ]   | ├ ○ /search
[CI/Fast gate                 ]   | ├ ○ /sitemap.xml
[CI/Fast gate                 ]   | ├ ○ /workshop
[CI/Fast gate                 ]   | └ ○ /workshop/admin
[CI/Fast gate                 ]   |
[CI/Fast gate                 ]   |
[CI/Fast gate                 ]   | ○  (Static)  prerendered as static content
[CI/Fast gate                 ]   | ●  (SSG)     prerendered as static HTML (uses generateStaticParams)
[CI/Fast gate                 ]   |
[CI/Fast gate                 ]   ❓  ::endgroup::
[CI/Fast gate                 ]   ❓  ::group::@homarr/form:typecheck
[CI/Fast gate                 ]   | cache miss, executing 421873b0eff66c4b
[CI/Fast gate                 ]   | $ bun --bun tsc --noEmit
[CI/Fast gate                 ]   ❓  ::endgroup::
[CI/Fast gate                 ]   ❓  ::group::@homarr/db:lint
[CI/Fast gate                 ]   | cache miss, executing 9e0512f03e38c3e7
[CI/Fast gate                 ]   | $ oxlint
[CI/Fast gate                 ]   🚧  ::warning file=migrations/custom/0002_app_widget_show_description_tooltip_to_display_mode.ts,line=19,endLine=19,col=16,endColumn=31,title=import(no-named-as-default-member)::"SuperJSON" also has a named export "parse"
[CI/Fast gate                 ]   🚧  ::warning file=migrations/custom/0002_app_widget_show_description_tooltip_to_display_mode.ts,line=33,endLine=33,col=20,endColumn=39,title=import(no-named-as-default-member)::"SuperJSON" also has a named export "stringify"
[CI/Fast gate                 ]   🚧  ::warning file=migrations/custom/0002_app_widget_show_description_tooltip_to_display_mode.ts,line=13,endLine=13,col=22,endColumn=24,title=eslint(no-shadow)::'eq' is already declared in the upper scope.
[CI/Fast gate                 ]   🚧  ::warning file=migrations/custom/0000_release_widget_provider_to_options.ts,line=20,endLine=20,col=21,endColumn=36,title=import(no-named-as-default-member)::"SuperJSON" also has a named export "parse"
[CI/Fast gate                 ]   🚧  ::warning file=migrations/custom/0000_release_widget_provider_to_options.ts,line=53,endLine=53,col=18,endColumn=37,title=import(no-named-as-default-member)::"SuperJSON" also has a named export "stringify"
[CI/Fast gate                 ]   🚧  ::warning file=migrations/custom/0000_release_widget_provider_to_options.ts,line=12,endLine=12,col=13,endColumn=18,title=eslint(no-shadow)::'items' is already declared in the upper scope.
[CI/Fast gate                 ]   🚧  ::warning file=migrations/custom/0000_release_widget_provider_to_options.ts,line=12,endLine=12,col=22,endColumn=24,title=eslint(no-shadow)::'eq' is already declared in the upper scope.
[CI/Fast gate                 ]   🚧  ::warning file=queries/widget-placement.ts,line=115,endLine=115,col=39,endColumn=58,title=import(no-named-as-default-member)::"superjson" also has a named export "stringify"
[CI/Fast gate                 ]   🚧  ::warning file=queries/widget-placement.ts,line=119,endLine=119,col=19,endColumn=38,title=import(no-named-as-default-member)::"superjson" also has a named export "stringify"
[CI/Fast gate                 ]   🚧  ::warning file=queries/widget-placement.ts,line=148,endLine=148,col=7,endColumn=26,title=import(no-named-as-default-member)::"superjson" also has a named export "stringify"
[CI/Fast gate                 ]   🚧  ::warning file=queries/widget-placement.ts,line=165,endLine=165,col=69,endColumn=88,title=import(no-named-as-default-member)::"superjson" also has a named export "stringify"
[CI/Fast gate                 ]   🚧  ::warning file=migrations/custom/0003_remove_widget_only_integrations.ts,line=64,endLine=64,col=21,endColumn=36,title=import(no-named-as-default-member)::"SuperJSON" also has a named export "parse"
[CI/Fast gate                 ]   🚧  ::warning file=migrations/custom/0003_remove_widget_only_integrations.ts,line=92,endLine=92,col=23,endColumn=42,title=import(no-named-as-default-member)::"SuperJSON" also has a named export "stringify"
[CI/Fast gate                 ]   🚧  ::warning file=migrations/custom/0003_remove_widget_only_integrations.ts,line=58,endLine=58,col=13,endColumn=18,title=eslint(no-shadow)::'items' is already declared in the upper scope.
[CI/Fast gate                 ]   🚧  ::warning file=migrations/custom/0003_remove_widget_only_integrations.ts,line=58,endLine=58,col=22,endColumn=29,title=eslint(no-shadow)::'inArray' is already declared in the upper scope.
[CI/Fast gate                 ]   🚧  ::warning file=queries/server-setting.ts,line=14,endLine=14,col=36,endColumn=43,title=eslint(no-shadow)::'setting' is already declared in the upper scope.
[CI/Fast gate                 ]   🚧  ::warning file=test/postgresql-migration.spec.ts,line=83,endLine=83,col=38,endColumn=57,title=import(no-named-as-default-member)::"SuperJSON" also has a named export "stringify"
[CI/Fast gate                 ]   🚧  ::warning file=migrations/custom/0001_opnsense_credentials.ts,line=13,endLine=13,col=22,endColumn=24,title=eslint(no-shadow)::'eq' is already declared in the upper scope.
[CI/Fast gate                 ]   🚧  ::warning file=migrations/seed.ts,line=1025,endLine=1025,col=14,endColumn=33,title=import(no-named-as-default-member)::"SuperJSON" also has a named export "stringify"
[CI/Fast gate                 ]   🚧  ::warning file=migrations/seed.ts,line=1026,endLine=1026,col=15,endColumn=34,title=import(no-named-as-default-member)::"SuperJSON" also has a named export "stringify"
[CI/Fast gate                 ]   🚧  ::warning file=migrations/seed.ts,line=1027,endLine=1027,col=14,endColumn=33,title=import(no-named-as-default-member)::"SuperJSON" also has a named export "stringify"
[CI/Fast gate                 ]   🚧  ::warning file=migrations/seed.ts,line=1088,endLine=1088,col=39,endColumn=58,title=import(no-named-as-default-member)::"SuperJSON" also has a named export "stringify"
[CI/Fast gate                 ]   🚧  ::warning file=migrations/seed.ts,line=1126,endLine=1126,col=16,endColumn=35,title=import(no-named-as-default-member)::"SuperJSON" also has a named export "stringify"
[CI/Fast gate                 ]   🚧  ::warning file=migrations/seed.ts,line=1127,endLine=1127,col=17,endColumn=36,title=import(no-named-as-default-member)::"SuperJSON" also has a named export "stringify"
[CI/Fast gate                 ]   🚧  ::warning file=migrations/seed.ts,line=1128,endLine=1128,col=16,endColumn=35,title=import(no-named-as-default-member)::"SuperJSON" also has a named export "stringify"
[CI/Fast gate                 ]   🚧  ::warning file=test/sqlite-migration.spec.ts,line=160,endLine=160,col=26,endColumn=41,title=import(no-named-as-default-member)::"SuperJSON" also has a named export "parse"
[CI/Fast gate                 ]   🚧  ::warning file=test/sqlite-migration.spec.ts,line=178,endLine=178,col=14,endColumn=29,title=import(no-named-as-default-member)::"SuperJSON" also has a named export "parse"
[CI/Fast gate                 ]   🚧  ::warning file=test/sqlite-migration.spec.ts,line=182,endLine=182,col=12,endColumn=27,title=import(no-named-as-default-member)::"SuperJSON" also has a named export "parse"
[CI/Fast gate                 ]   🚧  ::warning file=test/sqlite-migration.spec.ts,line=246,endLine=246,col=12,endColumn=27,title=import(no-named-as-default-member)::"SuperJSON" also has a named export "parse"
[CI/Fast gate                 ]   🚧  ::warning file=test/sqlite-migration.spec.ts,line=252,endLine=252,col=12,endColumn=27,title=import(no-named-as-default-member)::"SuperJSON" also has a named export "parse"
[CI/Fast gate                 ]   🚧  ::warning file=test/sqlite-migration.spec.ts,line=262,endLine=262,col=34,endColumn=53,title=import(no-named-as-default-member)::"SuperJSON" also has a named export "stringify"
[CI/Fast gate                 ]   🚧  ::warning file=test/sqlite-migration.spec.ts,line=184,endLine=184,col=11,endColumn=27,title=unicorn(consistent-function-scoping)::Function `expectFilledGrid` does not capture any variables from its parent scope
[CI/Fast gate                 ]   |
[CI/Fast gate                 ]   | Found 32 warnings and 0 errors.
[CI/Fast gate                 ]   | Finished in 151ms on 41 files with 197 rules using 20 threads.
[CI/Fast gate                 ]   ❓  ::endgroup::
[CI/Fast gate                 ]   ❓  ::group::@homarr/db:typecheck
[CI/Fast gate                 ]   | cache miss, executing 77dfaddd8aefdf1a
[CI/Fast gate                 ]   | $ bun --bun tsc --noEmit
[CI/Fast gate                 ]   ❓  ::endgroup::
[CI/Fast gate                 ]   ❓  ::group::@homarr/form:lint
[CI/Fast gate                 ]   | cache miss, executing abaec204735fefe6
[CI/Fast gate                 ]   | $ oxlint
[CI/Fast gate                 ]   | Found 0 warnings and 0 errors.
[CI/Fast gate                 ]   | Finished in 142ms on 3 files with 197 rules using 20 threads.
[CI/Fast gate                 ]   ❓  ::endgroup::
[CI/Fast gate                 ]   ❓  ::group::@homarr/redis:typecheck
[CI/Fast gate                 ]   | cache miss, executing 86bc44b8f53eb683
[CI/Fast gate                 ]   | $ bun --bun tsc --noEmit
[CI/Fast gate                 ]   ❓  ::endgroup::
[CI/Fast gate                 ]   ❓  ::group::@homarr/auth:lint
[CI/Fast gate                 ]   | cache miss, executing 5edb21ad5f72168e
[CI/Fast gate                 ]   | $ oxlint
[CI/Fast gate                 ]   🚧  ::warning file=providers/oidc/oidc-provider.ts,line=41,endLine=41,col=18,endColumn=25,title=eslint(no-shadow)::'headers' is already declared in the upper scope.
[CI/Fast gate                 ]   🚧  ::warning file=providers/test/ldap-authorization.spec.ts,line=74,endLine=74,col=11,endColumn=14,title=unicorn(consistent-function-scoping)::Function `act` does not capture any variables from its parent scope
[CI/Fast gate                 ]   🚧  ::warning file=providers/test/ldap-authorization.spec.ts,line=95,endLine=95,col=11,endColumn=14,title=unicorn(consistent-function-scoping)::Function `act` does not capture any variables from its parent scope
[CI/Fast gate                 ]   🚧  ::warning file=providers/test/ldap-authorization.spec.ts,line=123,endLine=123,col=11,endColumn=14,title=unicorn(consistent-function-scoping)::Function `act` does not capture any variables from its parent scope
[CI/Fast gate                 ]   🚧  ::warning file=providers/test/ldap-authorization.spec.ts,line=154,endLine=154,col=11,endColumn=14,title=unicorn(consistent-function-scoping)::Function `act` does not capture any variables from its parent scope
[CI/Fast gate                 ]   🚧  ::warning file=test/events.spec.ts,line=41,endLine=41,col=9,endColumn=16,title=eslint(no-shadow)::'cookies' is already declared in the upper scope.
[CI/Fast gate                 ]   |
[CI/Fast gate                 ]   | Found 6 warnings and 0 errors.
[CI/Fast gate                 ]   | Finished in 177ms on 48 files with 197 rules using 20 threads.
[CI/Fast gate                 ]   ❓  ::endgroup::
[CI/Fast gate                 ]   ❓  ::group::@homarr/redis:lint
[CI/Fast gate                 ]   | cache miss, executing 83591d065b833090
[CI/Fast gate                 ]   | $ oxlint
[CI/Fast gate                 ]   🚧  ::warning file=src/lib/channel-subscription-tracker.ts,line=19,endLine=19,col=14,endColumn=40,title=typescript(no-extraneous-class)::Unexpected class with only static properties.
[CI/Fast gate                 ]   🚧  ::warning file=src/lib/channel.ts,line=55,endLine=55,col=24,endColumn=39,title=import(no-named-as-default-member)::"superjson" also has a named export "parse"
[CI/Fast gate                 ]   🚧  ::warning file=src/lib/channel.ts,line=60,endLine=60,col=18,endColumn=33,title=import(no-named-as-default-member)::"superjson" also has a named export "parse"
[CI/Fast gate                 ]   🚧  ::warning file=src/lib/channel.ts,line=69,endLine=69,col=75,endColumn=94,title=import(no-named-as-default-member)::"superjson" also has a named export "stringify"
[CI/Fast gate                 ]   🚧  ::warning file=src/lib/channel.ts,line=71,endLine=71,col=68,endColumn=87,title=import(no-named-as-default-member)::"superjson" also has a named export "stringify"
[CI/Fast gate                 ]   🚧  ::warning file=src/lib/channel.ts,line=75,endLine=75,col=21,endColumn=36,title=import(no-named-as-default-member)::"superjson" also has a named export "parse"
[CI/Fast gate                 ]   🚧  ::warning file=src/lib/channel.ts,line=98,endLine=98,col=34,endColumn=49,title=import(no-named-as-default-member)::"superjson" also has a named export "parse"
[CI/Fast gate                 ]   🚧  ::warning file=src/lib/channel.ts,line=105,endLine=105,col=75,endColumn=94,title=import(no-named-as-default-member)::"superjson" also has a named export "stringify"
[CI/Fast gate                 ]   🚧  ::warning file=src/lib/channel.ts,line=118,endLine=118,col=73,endColumn=92,title=import(no-named-as-default-member)::"superjson" also has a named export "stringify"
[CI/Fast gate                 ]   🚧  ::warning file=src/lib/channel.ts,line=136,endLine=136,col=21,endColumn=36,title=import(no-named-as-default-member)::"superjson" also has a named export "parse"
[CI/Fast gate                 ]   🚧  ::warning file=src/lib/channel.ts,line=151,endLine=151,col=21,endColumn=40,title=import(no-named-as-default-member)::"superjson" also has a named export "stringify"
[CI/Fast gate                 ]   🚧  ::warning file=src/lib/channel.ts,line=161,endLine=161,col=21,endColumn=40,title=import(no-named-as-default-member)::"superjson" also has a named export "stringify"
[CI/Fast gate                 ]   🚧  ::warning file=src/lib/channel.ts,line=164,endLine=164,col=72,endColumn=91,title=import(no-named-as-default-member)::"superjson" also has a named export "stringify"
[CI/Fast gate                 ]   🚧  ::warning file=src/lib/channel.ts,line=239,endLine=239,col=9,endColumn=28,title=import(no-named-as-default-member)::"superjson" also has a named export "stringify"
[CI/Fast gate                 ]   🚧  ::warning file=src/lib/channel.ts,line=254,endLine=254,col=9,endColumn=28,title=import(no-named-as-default-member)::"superjson" also has a named export "stringify"
[CI/Fast gate                 ]   🚧  ::warning file=src/lib/channel.ts,line=791,endLine=791,col=18,endColumn=33,title=import(no-named-as-default-member)::"superjson" also has a named export "parse"
[CI/Fast gate                 ]   🚧  ::warning file=src/lib/channel.ts,line=795,endLine=795,col=68,endColumn=87,title=import(no-named-as-default-member)::"superjson" also has a named export "stringify"
[CI/Fast gate                 ]   🚧  ::warning file=src/lib/channel.ts,line=798,endLine=798,col=9,endColumn=28,title=import(no-named-as-default-member)::"superjson" also has a named export "stringify"
[CI/Fast gate                 ]   🚧  ::warning file=src/lib/channel.ts,line=805,endLine=805,col=9,endColumn=28,title=import(no-named-as-default-member)::"superjson" also has a named export "stringify"
[CI/Fast gate                 ]   🚧  ::warning file=src/lib/channel.ts,line=819,endLine=819,col=14,endColumn=29,title=import(no-named-as-default-member)::"superjson" also has a named export "parse"
[CI/Fast gate                 ]   🚧  ::warning file=src/lib/channel.ts,line=823,endLine=823,col=34,endColumn=49,title=import(no-named-as-default-member)::"superjson" also has a named export "parse"
[CI/Fast gate                 ]   🚧  ::warning file=src/lib/channel.ts,line=833,endLine=833,col=34,endColumn=49,title=import(no-named-as-default-member)::"superjson" also has a named export "parse"
[CI/Fast gate                 ]   🚧  ::warning file=src/lib/channel.ts,line=861,endLine=861,col=19,endColumn=34,title=import(no-named-as-default-member)::"superjson" also has a named export "parse"
[CI/Fast gate                 ]   🚧  ::warning file=src/lib/channel.ts,line=864,endLine=864,col=69,endColumn=88,title=import(no-named-as-default-member)::"superjson" also has a named export "stringify"
[CI/Fast gate                 ]   🚧  ::warning file=src/lib/channel.ts,line=143,endLine=143,col=35,endColumn=42,title=eslint(no-shadow)::'options' is already declared in the upper scope.
[CI/Fast gate                 ]   🚧  ::warning file=src/lib/channel.ts,line=888,endLine=888,col=40,endColumn=43,title=eslint(no-underscore-dangle)::Unexpected dangling '_' in '`_id`'.
[CI/Fast gate                 ]   🚧  ::warning file=src/lib/channel.ts,line=905,endLine=905,col=54,endColumn=57,title=eslint(no-underscore-dangle)::Unexpected dangling '_' in '`_id`'.
[CI/Fast gate                 ]   |
[CI/Fast gate                 ]   | Found 27 warnings and 0 errors.
[CI/Fast gate                 ]   | Finished in 94ms on 6 files with 197 rules using 20 threads.
[CI/Fast gate                 ]   ❓  ::endgroup::
[CI/Fast gate                 ]   ❓  ::group::@homarr/cron-jobs-core:lint
[CI/Fast gate                 ]   | cache miss, executing c9f3150e1f7db73d
[CI/Fast gate                 ]   | $ oxlint
[CI/Fast gate                 ]   | Found 0 warnings and 0 errors.
[CI/Fast gate                 ]   | Finished in 54ms on 8 files with 197 rules using 20 threads.
[CI/Fast gate                 ]   ❓  ::endgroup::
[CI/Fast gate                 ]   ❓  ::group::@homarr/cron-jobs-core:typecheck
[CI/Fast gate                 ]   | cache miss, executing a49d06ad39d65421
[CI/Fast gate                 ]   | $ bun --bun tsc --noEmit
[CI/Fast gate                 ]   ❓  ::endgroup::
[CI/Fast gate                 ]   ❓  ::group::@homarr/icons:typecheck
[CI/Fast gate                 ]   | cache miss, executing db3ea83524ec786f
[CI/Fast gate                 ]   | $ bun --bun tsc --noEmit
[CI/Fast gate                 ]   ❓  ::endgroup::
[CI/Fast gate                 ]   ❓  ::group::@homarr/settings:lint
[CI/Fast gate                 ]   | cache miss, executing 4f6f6094d2581822
[CI/Fast gate                 ]   | $ oxlint
[CI/Fast gate                 ]   | Found 0 warnings and 0 errors.
[CI/Fast gate                 ]   | Finished in 108ms on 5 files with 197 rules using 20 threads.
[CI/Fast gate                 ]   ❓  ::endgroup::
[CI/Fast gate                 ]   ❓  ::group::@homarr/settings:typecheck
[CI/Fast gate                 ]   | cache miss, executing 115561826e98f139
[CI/Fast gate                 ]   | $ bun --bun tsc --noEmit
[CI/Fast gate                 ]   ❓  ::endgroup::
[CI/Fast gate                 ]   ❓  ::group::@homarr/icons:lint
[CI/Fast gate                 ]   | cache miss, executing 1097ba4bce44d967
[CI/Fast gate                 ]   | $ oxlint
[CI/Fast gate                 ]   🚧  ::warning file=src/repositories/jsdelivr.icon-repository.ts,line=11,endLine=11,col=3,endColumn=14,title=eslint(no-useless-constructor)::Redundant super call in constructor
[CI/Fast gate                 ]   🚧  ::warning file=src/repositories/github.icon-repository.ts,line=11,endLine=11,col=3,endColumn=14,title=eslint(no-useless-constructor)::Redundant super call in constructor
[CI/Fast gate                 ]   |
[CI/Fast gate                 ]   | Found 2 warnings and 0 errors.
[CI/Fast gate                 ]   | Finished in 46ms on 12 files with 197 rules using 20 threads.
[CI/Fast gate                 ]   ❓  ::endgroup::
[CI/Fast gate                 ]   ❓  ::group::@homarr/cron-job-status:lint
[CI/Fast gate                 ]   | cache miss, executing fc931d4cf1190e9f
[CI/Fast gate                 ]   | $ oxlint
[CI/Fast gate                 ]   | Found 0 warnings and 0 errors.
[CI/Fast gate                 ]   | Finished in 45ms on 3 files with 197 rules using 20 threads.
[CI/Fast gate                 ]   ❓  ::endgroup::
[CI/Fast gate                 ]   ❓  ::group::@homarr/image-proxy:typecheck
[CI/Fast gate                 ]   | cache miss, executing f84c2dbc28542fba
[CI/Fast gate                 ]   | $ bun --bun tsc --noEmit
[CI/Fast gate                 ]   ❓  ::endgroup::
[CI/Fast gate                 ]   ❓  ::group::@homarr/cron-job-status:typecheck
[CI/Fast gate                 ]   | cache miss, executing d8004c3c7eda069b
[CI/Fast gate                 ]   | $ bun --bun tsc --noEmit
[CI/Fast gate                 ]   ❓  ::endgroup::
[CI/Fast gate                 ]   ❓  ::group::@homarr/image-proxy:lint
[CI/Fast gate                 ]   | cache miss, executing 534790d54f1c62ad
[CI/Fast gate                 ]   | $ oxlint
[CI/Fast gate                 ]   | Found 0 warnings and 0 errors.
[CI/Fast gate                 ]   | Finished in 44ms on 1 file with 197 rules using 20 threads.
[CI/Fast gate                 ]   ❓  ::endgroup::
[CI/Fast gate                 ]   ❓  ::group::@homarr/ui:lint
[CI/Fast gate                 ]   | cache miss, executing 1bc69f015971ab3a
[CI/Fast gate                 ]   | $ oxlint
[CI/Fast gate                 ]   🚧  ::warning file=src/integration-select-grid/integration-select-grid.spec.tsx,line=14,endLine=14,col=46,endColumn=75,title=typescript(consistent-type-imports)::`import()` type annotations are forbidden.
[CI/Fast gate                 ]   🚧  ::warning file=src/components/masked-image.tsx,line=35,endLine=35,col=7,endColumn=17,title=jsx-a11y(prefer-tag-over-role)::Prefer `img` over `role` attribute `img`.
[CI/Fast gate                 ]   🚧  ::warning file=src/icons/create.ts,line=16,endLine=16,col=41,endColumn=45,title=eslint(no-shadow)::'name' is already declared in the upper scope.
[CI/Fast gate                 ]   |
[CI/Fast gate                 ]   | Found 3 warnings and 0 errors.
[CI/Fast gate                 ]   | Finished in 117ms on 58 files with 197 rules using 20 threads.
[CI/Fast gate                 ]   ❓  ::endgroup::
[CI/Fast gate                 ]   ❓  ::group::@homarr/ui:typecheck
[CI/Fast gate                 ]   | cache miss, executing c2cd2dc8dab8ebdf
[CI/Fast gate                 ]   | $ bun --bun tsc --noEmit
[CI/Fast gate                 ]   ❓  ::endgroup::
[CI/Fast gate                 ]   ❓  ::group::@homarr/cli:lint
[CI/Fast gate                 ]   | cache miss, executing 64873a23133aca53
[CI/Fast gate                 ]   | $ oxlint
[CI/Fast gate                 ]   | Found 0 warnings and 0 errors.
[CI/Fast gate                 ]   | Finished in 160ms on 13 files with 197 rules using 20 threads.
[CI/Fast gate                 ]   ❓  ::endgroup::
[CI/Fast gate                 ]   ❓  ::group::@homarr/auth:typecheck
[CI/Fast gate                 ]   | cache miss, executing caf375884e0e166f
[CI/Fast gate                 ]   | $ bun --bun tsc --noEmit
[CI/Fast gate                 ]   ❓  ::endgroup::
[CI/Fast gate                 ]   ❓  ::group::@homarr/cli:typecheck
[CI/Fast gate                 ]   | cache miss, executing 8fad4a6e41f800e9
[CI/Fast gate                 ]   | $ bun --bun tsc --noEmit
[CI/Fast gate                 ]   ❓  ::endgroup::
[CI/Fast gate                 ]   ❓  ::group::@homarr/analytics:lint
[CI/Fast gate                 ]   | cache miss, executing cd19db085b1d9e29
[CI/Fast gate                 ]   | $ oxlint
[CI/Fast gate                 ]   | Found 0 warnings and 0 errors.
[CI/Fast gate                 ]   | Finished in 251ms on 6 files with 197 rules using 20 threads.
[CI/Fast gate                 ]   ❓  ::endgroup::
[CI/Fast gate                 ]   ❓  ::group::@homarr/integrations:typecheck
[CI/Fast gate                 ]   | cache miss, executing cf8e38d46d53a429
[CI/Fast gate                 ]   | $ bun --bun tsc --noEmit
[CI/Fast gate                 ]   ❓  ::endgroup::
[CI/Fast gate                 ]   ❓  ::group::@homarr/integrations:lint
[CI/Fast gate                 ]   | cache miss, executing 84a7ad6b4dc3cec2
[CI/Fast gate                 ]   | $ oxlint
[CI/Fast gate                 ]   🚧  ::warning file=src/archive-team-warrior/archive-team-warrior-integration.ts,line=3,endLine=3,col=8,endColumn=17,title=import(no-named-as-default)::Module "ws" has named export "WebSocket"
[CI/Fast gate                 ]   🚧  ::warning file=src/media-organizer/readarr/readarr-integration.ts,line=108,endLine=108,col=37,endColumn=41,title=unicorn(no-array-sort)::Use `Array#toSorted()` instead of `Array#sort()`.
[CI/Fast gate                 ]   🚧  ::warning file=src/unifi-controller/unifi-controller-integration.ts,line=147,endLine=147,col=18,endColumn=30,title=import(no-named-as-default-member)::"axios" also has a named export "create"
[CI/Fast gate                 ]   🚧  ::warning file=src/unifi-controller/unifi-controller-integration.ts,line=220,endLine=220,col=32,endColumn=38,title=eslint(no-shadow)::'health' is already declared in the upper scope.
[CI/Fast gate                 ]   🚧  ::warning file=src/openmediavault/openmediavault-integration.ts,line=60,endLine=60,col=50,endColumn=55,title=eslint(no-shadow)::'smart' is already declared in the upper scope.
[CI/Fast gate                 ]   🚧  ::warning file=src/media-organizer/radarr/radarr-integration.ts,line=128,endLine=128,col=37,endColumn=41,title=unicorn(no-array-sort)::Use `Array#toSorted()` instead of `Array#sort()`.
[CI/Fast gate                 ]   🚧  ::warning file=src/proxmox/test/proxmox-error-handler.spec.ts,line=29,endLine=29,col=11,endColumn=22,title=unicorn(consistent-function-scoping)::Function `mockedFetch` does not capture any variables from its parent scope
[CI/Fast gate                 ]   🚧  ::warning file=src/media-organizer/sonarr/sonarr-integration.ts,line=130,endLine=130,col=37,endColumn=41,title=unicorn(no-array-sort)::Use `Array#toSorted()` instead of `Array#sort()`.
[CI/Fast gate                 ]   🚧  ::warning file=src/base/integration.ts,line=59,endLine=59,col=60,endColumn=66,title=eslint(no-shadow)::'secret' is already declared in the upper scope.
[CI/Fast gate                 ]   🚧  ::warning file=src/base/integration.ts,line=127,endLine=127,col=30,endColumn=33,title=eslint(no-shadow)::'url' is already declared in the upper scope.
[CI/Fast gate                 ]   🚧  ::warning file=src/base/session-store.ts,line=71,endLine=71,col=26,endColumn=41,title=import(no-named-as-default-member)::"superjson" also has a named export "parse"
[CI/Fast gate                 ]   🚧  ::warning file=src/base/session-store.ts,line=100,endLine=100,col=46,endColumn=65,title=import(no-named-as-default-member)::"superjson" also has a named export "stringify"
[CI/Fast gate                 ]   🚧  ::warning file=src/dashdot/dashdot-integration.ts,line=1,endLine=1,col=1,endColumn=24,title=import(no-unassigned-import)::Imported module should be assigned
[CI/Fast gate                 ]   🚧  ::warning file=src/gluetun/test/gluetun-integration.spec.ts,line=395,endLine=395,col=9,endColumn=18,title=unicorn(consistent-function-scoping)::Function `makeInput` does not capture any variables from its parent scope
[CI/Fast gate                 ]   🚧  ::warning file=src/unifi-controller/test/unifi-controller-integration.spec.ts,line=45,endLine=45,col=20,endColumn=28,title=typescript(no-extraneous-class)::Unexpected empty class.
[CI/Fast gate                 ]   🚧  ::warning file=src/unifi-controller/test/unifi-controller-integration.spec.ts,line=46,endLine=46,col=21,endColumn=29,title=typescript(no-extraneous-class)::Unexpected empty class.
[CI/Fast gate                 ]   🚧  ::warning file=src/download-client/sabnzbd/sabnzbd-integration.ts,line=47,endLine=47,col=48,endColumn=55,title=unicorn(no-array-reverse)::Use `Array#toReversed()` instead of `Array#reverse()`.
[CI/Fast gate                 ]   🚧  ::warning file=src/truenas/test/truenas-integration.spec.ts,line=18,endLine=18,col=7,endColumn=16,title=unicorn(consistent-function-scoping)::Function `responder` does not capture any variables from its parent scope
[CI/Fast gate                 ]   🚧  ::warning file=src/wud/test/wud-integration.spec.ts,line=236,endLine=236,col=9,endColumn=18,title=unicorn(consistent-function-scoping)::Function `makeInput` does not capture any variables from its parent scope
[CI/Fast gate                 ]   🚧  ::warning file=src/stats/providers/linkwarden.ts,line=77,endLine=77,col=75,endColumn=81,title=eslint(no-underscore-dangle)::Unexpected dangling '_' in '`_count`'.
[CI/Fast gate                 ]   🚧  ::warning file=test/bindery-integration.spec.ts,line=11,endLine=11,col=44,endColumn=64,title=typescript(consistent-type-imports)::`import()` type annotations are forbidden.
[CI/Fast gate                 ]   🚧  ::warning file=test/bindery-integration.spec.ts,line=16,endLine=16,col=44,endColumn=94,title=typescript(consistent-type-imports)::`import()` type annotations are forbidden.
[CI/Fast gate                 ]   🚧  ::warning file=src/immich/immich-integration.ts,line=56,endLine=56,col=3,endColumn=14,title=eslint(no-useless-constructor)::Redundant super call in constructor
[CI/Fast gate                 ]   🚧  ::warning file=src/wazuh/wazuh-queries.ts,line=121,endLine=121,col=22,endColumn=29,title=eslint(no-underscore-dangle)::Unexpected dangling '_' in '`_source`'.
[CI/Fast gate                 ]   🚧  ::warning file=src/wazuh/wazuh-queries.ts,line=123,endLine=123,col=13,endColumn=16,title=eslint(no-underscore-dangle)::Unexpected dangling '_' in '`_id`'.
[CI/Fast gate                 ]   🚧  ::warning file=src/wazuh/wazuh-integration.ts,line=366,endLine=366,col=26,endColumn=33,title=eslint(no-underscore-dangle)::Unexpected dangling '_' in '`_source`'.
[CI/Fast gate                 ]   🚧  ::warning file=src/wazuh/wazuh-integration.ts,line=802,endLine=802,col=28,endColumn=35,title=eslint(no-underscore-dangle)::Unexpected dangling '_' in '`_source`'.
[CI/Fast gate                 ]   🚧  ::warning file=src/wazuh/wazuh-integration.ts,line=805,endLine=805,col=19,endColumn=22,title=eslint(no-underscore-dangle)::Unexpected dangling '_' in '`_id`'.
[CI/Fast gate                 ]   🚧  ::warning file=src/media-transcoding/tdarr-integration.ts,line=92,endLine=92,col=18,endColumn=21,title=eslint(no-underscore-dangle)::Unexpected dangling '_' in '`_id`'.
[CI/Fast gate                 ]   🚧  ::warning file=src/media-transcoding/tdarr-integration.ts,line=142,endLine=142,col=18,endColumn=21,title=eslint(no-underscore-dangle)::Unexpected dangling '_' in '`_id`'.
[CI/Fast gate                 ]   🚧  ::warning file=src/media-transcoding/tdarr-integration.ts,line=184,endLine=184,col=18,endColumn=21,title=eslint(no-underscore-dangle)::Unexpected dangling '_' in '`_id`'.
[CI/Fast gate                 ]   🚧  ::warning file=test/lidarr-unit.spec.ts,line=11,endLine=11,col=44,endColumn=64,title=typescript(consistent-type-imports)::`import()` type annotations are forbidden.
[CI/Fast gate                 ]   🚧  ::warning file=test/lidarr-unit.spec.ts,line=16,endLine=16,col=44,endColumn=94,title=typescript(consistent-type-imports)::`import()` type annotations are forbidden.
[CI/Fast gate                 ]   🚧  ::warning file=test/bazarr-unit.spec.ts,line=13,endLine=13,col=44,endColumn=64,title=typescript(consistent-type-imports)::`import()` type annotations are forbidden.
[CI/Fast gate                 ]   🚧  ::warning file=test/bazarr-unit.spec.ts,line=18,endLine=18,col=44,endColumn=94,title=typescript(consistent-type-imports)::`import()` type annotations are forbidden.
[CI/Fast gate                 ]   🚧  ::warning file=test/nzbget.spec.ts,line=176,endLine=176,col=67,endColumn=75,title=eslint(no-shadow)::'username' is already declared in the upper scope.
[CI/Fast gate                 ]   🚧  ::warning file=test/nzbget.spec.ts,line=176,endLine=176,col=85,endColumn=93,title=eslint(no-shadow)::'password' is already declared in the upper scope.
[CI/Fast gate                 ]   🚧  ::warning file=test/nzbget.spec.ts,line=197,endLine=197,col=3,endColumn=11,title=eslint(no-shadow)::'username' is already declared in the upper scope.
[CI/Fast gate                 ]   🚧  ::warning file=test/nzbget.spec.ts,line=198,endLine=198,col=3,endColumn=11,title=eslint(no-shadow)::'password' is already declared in the upper scope.
[CI/Fast gate                 ]   |
[CI/Fast gate                 ]   | Found 39 warnings and 0 errors.
[CI/Fast gate                 ]   | Finished in 111ms on 268 files with 197 rules using 20 threads.
[CI/Fast gate                 ]   ❓  ::endgroup::
[CI/Fast gate                 ]   ❓  ::group::@homarr/docs:typecheck
[CI/Fast gate                 ]   | cache miss, executing 753bc45bbd40bc2a
[CI/Fast gate                 ]   | $ bun --bun next typegen && bun --bun tsc --noEmit
[CI/Fast gate                 ]   | [MDX] generated files in 3.095157000000029ms
[CI/Fast gate                 ]   | Generating route types...
[CI/Fast gate                 ]   | ✓ Types generated successfully
[CI/Fast gate                 ]   ❓  ::endgroup::
[CI/Fast gate                 ]   ❓  ::group::@homarr/docs:lint
[CI/Fast gate                 ]   | cache miss, executing 51fb16da9537ddd6
[CI/Fast gate                 ]   | $ oxlint
[CI/Fast gate                 ]   🚧  ::warning file=src/components/custom-jsx-component-reference.tsx,line=70,endLine=70,col=90,endColumn=94,title=unicorn(no-array-sort)::Use `Array#toSorted()` instead of `Array#sort()`.
[CI/Fast gate                 ]   🚧  ::warning file=src/components/custom-jsx-component-reference.tsx,line=74,endLine=74,col=89,endColumn=93,title=unicorn(no-array-sort)::Use `Array#toSorted()` instead of `Array#sort()`.
[CI/Fast gate                 ]   🚧  ::warning file=src/components/workshop/DetailSections.tsx,line=33,endLine=33,col=45,endColumn=58,title=jsx-a11y(prefer-tag-over-role)::Prefer `output` over `role` attribute `status`.
[CI/Fast gate                 ]   🚧  ::warning file=src/components/integrations/secrets.tsx,line=180,endLine=180,col=50,endColumn=55,title=eslint(no-shadow)::'index' is already declared in the upper scope.
[CI/Fast gate                 ]   🚧  ::warning file=src/components/ui/field.tsx,line=73,endLine=73,col=7,endColumn=19,title=jsx-a11y(prefer-tag-over-role)::Prefer `address, details, fieldset, hgroup, optgroup` over `role` attribute `group`.
[CI/Fast gate                 ]   🚧  ::warning file=src/components/ui/input-group.tsx,line=13,endLine=13,col=7,endColumn=19,title=jsx-a11y(prefer-tag-over-role)::Prefer `address, details, fieldset, hgroup, optgroup` over `role` attribute `group`.
[CI/Fast gate                 ]   🚧  ::warning file=src/components/ui/input-group.tsx,line=48,endLine=48,col=7,endColumn=19,title=jsx-a11y(prefer-tag-over-role)::Prefer `address, details, fieldset, hgroup, optgroup` over `role` attribute `group`.
[CI/Fast gate                 ]   🚧  ::warning file=src/app/docs/[[...slug]]/page.tsx,line=73,endLine=73,col=44,endColumn=56,title=jsx-a11y(prefer-tag-over-role)::Prefer `address, details, fieldset, hgroup, optgroup` over `role` attribute `group`.
[CI/Fast gate                 ]   🚧  ::warning file=src/app/docs/[[...slug]]/page.tsx,line=85,endLine=90,col=19,endColumn=18,title=react(no-unstable-nested-components)::Do not define components during render.
[CI/Fast gate                 ]   🚧  ::warning file=src/app/(home)/blog/[...slug]/page.tsx,line=108,endLine=113,col=21,endColumn=22,title=jsx-a11y(control-has-associated-label)::A control must be associated with a text label.
[CI/Fast gate                 ]   🚧  ::warning file=src/app/(home)/blog/[...slug]/page.tsx,line=132,endLine=132,col=79,endColumn=91,title=jsx-a11y(prefer-tag-over-role)::Prefer `address, details, fieldset, hgroup, optgroup` over `role` attribute `group`.
[CI/Fast gate                 ]   🚧  ::warning file=src/app/(home)/blog/[...slug]/page.tsx,line=145,endLine=150,col=19,endColumn=18,title=react(no-unstable-nested-components)::Do not define components during render.
[CI/Fast gate                 ]   🚧  ::warning file=src/components/docs/directory-grid.tsx,line=129,endLine=129,col=27,endColumn=37,title=jsx-a11y(prefer-tag-over-role)::Prefer `img` over `role` attribute `img`.
[CI/Fast gate                 ]   🚧  ::warning file=scripts/dump-contributors.mjs,line=74,endLine=74,col=42,endColumn=46,title=eslint(no-shadow)::'data' is already declared in the upper scope.
[CI/Fast gate                 ]   🚧  ::warning file=scripts/dump-contributors.mjs,line=90,endLine=90,col=11,endColumn=24,title=eslint(no-unused-vars)::Parameter 'contributions' is declared but never used. Unused parameters should start with a '_'.
[CI/Fast gate                 ]   🚧  ::warning file=scripts/dump-contributors.mjs,line=89,endLine=89,col=4,endColumn=8,title=unicorn(no-array-sort)::Use `Array#toSorted()` instead of `Array#sort()`.
[CI/Fast gate                 ]   🚧  ::warning file=src/app/layout.tsx,line=10,endLine=10,col=1,endColumn=23,title=import(no-unassigned-import)::Imported module should be assigned
[CI/Fast gate                 ]   |
[CI/Fast gate                 ]   | Found 17 warnings and 0 errors.
[CI/Fast gate                 ]   | Finished in 315ms on 305 files with 194 rules using 20 threads.
[CI/Fast gate                 ]   ❓  ::endgroup::
[CI/Fast gate                 ]   ❓  ::group::@homarr/notifications:lint
[CI/Fast gate                 ]   | cache miss, executing 4310148509020556
[CI/Fast gate                 ]   | $ oxlint
[CI/Fast gate                 ]   | Found 0 warnings and 0 errors.
[CI/Fast gate                 ]   | Finished in 130ms on 2 files with 197 rules using 20 threads.
[CI/Fast gate                 ]   ❓  ::endgroup::
[CI/Fast gate                 ]   ❓  ::group::@homarr/notifications:typecheck
[CI/Fast gate                 ]   | cache miss, executing f0fc3d7782fbddd3
[CI/Fast gate                 ]   | $ bun --bun tsc --noEmit
[CI/Fast gate                 ]   ❓  ::endgroup::
[CI/Fast gate                 ]   ❓  ::group::@homarr/modals:lint
[CI/Fast gate                 ]   | cache miss, executing f08da46a87234e36
[CI/Fast gate                 ]   | $ oxlint
[CI/Fast gate                 ]   🚧  ::warning file=src/reducer.tsx,line=55,endLine=55,col=40,endColumn=45,title=eslint(no-shadow)::'modal' is already declared in the upper scope.
[CI/Fast gate                 ]   🚧  ::warning file=src/reducer.tsx,line=62,endLine=62,col=52,endColumn=57,title=eslint(no-shadow)::'modal' is already declared in the upper scope.
[CI/Fast gate                 ]   🚧  ::warning file=src/reducer.tsx,line=77,endLine=77,col=10,endColumn=17,title=unicorn(no-array-reverse)::Use `Array#toReversed()` instead of `Array#reverse()`.
[CI/Fast gate                 ]   |
[CI/Fast gate                 ]   | Found 3 warnings and 0 errors.
[CI/Fast gate                 ]   | Finished in 118ms on 12 files with 197 rules using 20 threads.
[CI/Fast gate                 ]   ❓  ::endgroup::
[CI/Fast gate                 ]   ❓  ::group::@homarr/modals:typecheck
[CI/Fast gate                 ]   | cache miss, executing 80edec9c62eddc5a
[CI/Fast gate                 ]   | $ bun --bun tsc --noEmit
[CI/Fast gate                 ]   ❓  ::endgroup::
[CI/Fast gate                 ]   ❓  ::group::@homarr/request-handler:lint
[CI/Fast gate                 ]   | cache miss, executing 734760cd8b52e820
[CI/Fast gate                 ]   | $ oxlint
[CI/Fast gate                 ]   🚧  ::warning file=src/release-providers.ts,line=559,endLine=559,col=27,endColumn=33,title=eslint(no-underscore-dangle)::Unexpected dangling '_' in '`_links`'.
[CI/Fast gate                 ]   |
[CI/Fast gate                 ]   | Found 1 warning and 0 errors.
[CI/Fast gate                 ]   | Finished in 68ms on 70 files with 197 rules using 20 threads.
[CI/Fast gate                 ]   ❓  ::endgroup::
[CI/Fast gate                 ]   ❓  ::group::@homarr/analytics:typecheck
[CI/Fast gate                 ]   | cache miss, executing 65830f21dd3c9cf6
[CI/Fast gate                 ]   | $ bun --bun tsc --noEmit
[CI/Fast gate                 ]   ❓  ::endgroup::
[CI/Fast gate                 ]   ❓  ::group::@homarr/request-handler:typecheck
[CI/Fast gate                 ]   | cache miss, executing 18cf279c06a2e443
[CI/Fast gate                 ]   | $ bun --bun tsc --noEmit
[CI/Fast gate                 ]   ❓  ::endgroup::
[CI/Fast gate                 ]   ❓  ::group::@homarr/cron-jobs:lint
[CI/Fast gate                 ]   | cache miss, executing b617e808bcdf2035
[CI/Fast gate                 ]   | $ oxlint
[CI/Fast gate                 ]   🚧  ::warning file=src/job-manager.ts,line=72,endLine=72,col=24,endColumn=26,title=eslint(no-shadow)::'eq' is already declared in the upper scope.
[CI/Fast gate                 ]   🚧  ::warning file=src/job-manager.ts,line=128,endLine=128,col=45,endColumn=51,title=eslint(no-shadow)::'config' is already declared in the upper scope.
[CI/Fast gate                 ]   🚧  ::warning file=src/jobs/icons-updater.ts,line=98,endLine=98,col=23,endColumn=25,title=eslint(no-shadow)::'db' is already declared in the upper scope.
[CI/Fast gate                 ]   |
[CI/Fast gate                 ]   | Found 3 warnings and 0 errors.
[CI/Fast gate                 ]   | Finished in 189ms on 7 files with 197 rules using 20 threads.
[CI/Fast gate                 ]   ❓  ::endgroup::
[CI/Fast gate                 ]   ❓  ::group::@homarr/api:lint
[CI/Fast gate                 ]   | cache miss, executing bfe696ccf8a84c7d
[CI/Fast gate                 ]   | $ oxlint
[CI/Fast gate                 ]   🚧  ::warning file=src/router/integration/integration-test-connection.ts,line=113,endLine=113,col=24,endColumn=28,title=eslint(no-shadow)::'kind' is already declared in the upper scope.
[CI/Fast gate                 ]   🚧  ::warning file=src/router/board/test/grid-algorithm.spec.ts,line=397,endLine=397,col=19,endColumn=49,title=unicorn(no-new-array)::Do not use `new Array(singleArgument)`.
[CI/Fast gate                 ]   🚧  ::warning file=src/router/test/docker/docker-router.spec.ts,line=104,endLine=104,col=47,endColumn=51,title=eslint(no-underscore-dangle)::Unexpected dangling '_' in '`_def`'.
[CI/Fast gate                 ]   🚧  ::warning file=src/router/kubernetes/router/ingresses.ts,line=44,endLine=44,col=15,endColumn=23,title=unicorn(consistent-function-scoping)::Function `getPaths` does not capture any variables from its parent scope
[CI/Fast gate                 ]   🚧  ::warning file=src/router/test/widgets/calendar.spec.ts,line=13,endLine=13,col=9,endColumn=21,title=eslint(no-shadow)::'getDataAsync' is already declared in the upper scope.
[CI/Fast gate                 ]   🚧  ::warning file=src/router/app/app-access-control.ts,line=44,endLine=44,col=33,endColumn=48,title=import(no-named-as-default-member)::"SuperJSON" also has a named export "parse"
[CI/Fast gate                 ]   🚧  ::warning file=src/router/app/app-access-control.ts,line=48,endLine=48,col=31,endColumn=46,title=import(no-named-as-default-member)::"SuperJSON" also has a named export "parse"
[CI/Fast gate                 ]   🚧  ::warning file=src/router/test/widgets/options.spec.ts,line=32,endLine=32,col=14,endColumn=33,title=import(no-named-as-default-member)::"SuperJSON" also has a named export "stringify"
[CI/Fast gate                 ]   🚧  ::warning file=src/router/test/widgets/options.spec.ts,line=59,endLine=59,col=12,endColumn=27,title=import(no-named-as-default-member)::"SuperJSON" also has a named export "parse"
[CI/Fast gate                 ]   🚧  ::warning file=src/router/test/widgets/options.spec.ts,line=75,endLine=75,col=12,endColumn=27,title=import(no-named-as-default-member)::"SuperJSON" also has a named export "parse"
[CI/Fast gate                 ]   🚧  ::warning file=src/router/test/widgets/options.spec.ts,line=81,endLine=81,col=21,endColumn=36,title=import(no-named-as-default-member)::"SuperJSON" also has a named export "parse"
[CI/Fast gate                 ]   🚧  ::warning file=src/router/test/widgets/options.spec.ts,line=86,endLine=86,col=23,endColumn=42,title=import(no-named-as-default-member)::"SuperJSON" also has a named export "stringify"
[CI/Fast gate                 ]   🚧  ::warning file=src/router/section/section-router.ts,line=44,endLine=44,col=26,endColumn=41,title=import(no-named-as-default-member)::"superjson" also has a named export "parse"
[CI/Fast gate                 ]   🚧  ::warning file=src/router/widgets/notebook.ts,line=34,endLine=34,col=23,endColumn=38,title=import(no-named-as-default-member)::"SuperJSON" also has a named export "parse"
[CI/Fast gate                 ]   🚧  ::warning file=src/router/widgets/notebook.ts,line=38,endLine=38,col=25,endColumn=44,title=import(no-named-as-default-member)::"SuperJSON" also has a named export "stringify"
[CI/Fast gate                 ]   🚧  ::warning file=src/router/widgets/releases.ts,line=60,endLine=60,col=29,endColumn=44,title=import(no-named-as-default-member)::"SuperJSON" also has a named export "parse"
[CI/Fast gate                 ]   🚧  ::warning file=src/router/widgets/options.ts,line=50,endLine=50,col=31,endColumn=46,title=import(no-named-as-default-member)::"SuperJSON" also has a named export "parse"
[CI/Fast gate                 ]   🚧  ::warning file=src/router/widgets/options.ts,line=62,endLine=62,col=25,endColumn=44,title=import(no-named-as-default-member)::"SuperJSON" also has a named export "stringify"
[CI/Fast gate                 ]   🚧  ::warning file=src/router/widgets/rssFeed.ts,line=140,endLine=140,col=20,endColumn=35,title=import(no-named-as-default-member)::"SuperJSON" also has a named export "parse"
[CI/Fast gate                 ]   🚧  ::warning file=src/router/app.ts,line=327,endLine=327,col=11,endColumn=15,title=eslint(no-shadow)::'apps' is already declared in the upper scope.
[CI/Fast gate                 ]   🚧  ::warning file=src/router/test/widgets/rssFeed.spec.ts,line=263,endLine=263,col=22,endColumn=41,title=import(no-named-as-default-member)::"SuperJSON" also has a named export "stringify"
[CI/Fast gate                 ]   🚧  ::warning file=src/router/group.ts,line=147,endLine=147,col=13,endColumn=19,title=eslint(no-shadow)::'groups' is already declared in the upper scope.
[CI/Fast gate                 ]   🚧  ::warning file=src/router/onboard/onboard-router.ts,line=641,endLine=641,col=27,endColumn=42,title=import(no-named-as-default-member)::"SuperJSON" also has a named export "parse"
[CI/Fast gate                 ]   🚧  ::warning file=src/router/onboard/onboard-router.ts,line=819,endLine=819,col=30,endColumn=49,title=import(no-named-as-default-member)::"SuperJSON" also has a named export "stringify"
[CI/Fast gate                 ]   🚧  ::warning file=src/router/onboard/onboard-router.ts,line=836,endLine=836,col=28,endColumn=47,title=import(no-named-as-default-member)::"SuperJSON" also has a named export "stringify"
[CI/Fast gate                 ]   🚧  ::warning file=src/router/onboard/onboard-router.ts,line=846,endLine=846,col=29,endColumn=48,title=import(no-named-as-default-member)::"SuperJSON" also has a named export "stringify"
[CI/Fast gate                 ]   🚧  ::warning file=src/router/onboard/onboard-router.ts,line=852,endLine=852,col=31,endColumn=50,title=import(no-named-as-default-member)::"SuperJSON" also has a named export "stringify"
[CI/Fast gate                 ]   🚧  ::warning file=src/router/onboard/onboard-router.ts,line=858,endLine=858,col=33,endColumn=52,title=import(no-named-as-default-member)::"SuperJSON" also has a named export "stringify"
[CI/Fast gate                 ]   🚧  ::warning file=src/router/onboard/onboard-router.ts,line=892,endLine=892,col=24,endColumn=43,title=import(no-named-as-default-member)::"SuperJSON" also has a named export "stringify"
[CI/Fast gate                 ]   🚧  ::warning file=src/router/onboard/onboard-router.ts,line=902,endLine=902,col=44,endColumn=63,title=import(no-named-as-default-member)::"SuperJSON" also has a named export "stringify"
[CI/Fast gate                 ]   🚧  ::warning file=src/router/onboard/onboard-router.ts,line=915,endLine=915,col=20,endColumn=39,title=import(no-named-as-default-member)::"SuperJSON" also has a named export "stringify"
[CI/Fast gate                 ]   🚧  ::warning file=src/router/onboard/onboard-router.ts,line=995,endLine=995,col=21,endColumn=40,title=import(no-named-as-default-member)::"SuperJSON" also has a named export "stringify"
[CI/Fast gate                 ]   🚧  ::warning file=src/router/onboard/onboard-router.ts,line=996,endLine=996,col=18,endColumn=37,title=import(no-named-as-default-member)::"SuperJSON" also has a named export "stringify"
[CI/Fast gate                 ]   🚧  ::warning file=src/router/onboard/onboard-router.ts,line=997,endLine=997,col=20,endColumn=39,title=import(no-named-as-default-member)::"SuperJSON" also has a named export "stringify"
[CI/Fast gate                 ]   🚧  ::warning file=src/router/onboard/onboard-router.ts,line=1001,endLine=1001,col=16,endColumn=35,title=import(no-named-as-default-member)::"SuperJSON" also has a named export "stringify"
[CI/Fast gate                 ]   🚧  ::warning file=src/router/onboard/onboard-router.ts,line=829,endLine=829,col=60,endColumn=64,title=eslint(no-shadow)::'kind' is already declared in the upper scope.
[CI/Fast gate                 ]   🚧  ::warning file=src/router/onboard/onboard-router.ts,line=844,endLine=844,col=46,endColumn=49,title=eslint(no-shadow)::'app' is already declared in the upper scope.
[CI/Fast gate                 ]   🚧  ::warning file=src/router/onboard/onboard-router.ts,line=203,endLine=203,col=13,endColumn=23,title=unicorn(consistent-function-scoping)::Function `cdnIconUrl` does not capture any variables from its parent scope
[CI/Fast gate                 ]   🚧  ::warning file=src/router/test/onboard.spec.ts,line=140,endLine=140,col=16,endColumn=35,title=import(no-named-as-default-member)::"SuperJSON" also has a named export "stringify"
[CI/Fast gate                 ]   🚧  ::warning file=src/router/test/onboard.spec.ts,line=660,endLine=660,col=12,endColumn=27,title=import(no-named-as-default-member)::"SuperJSON" also has a named export "parse"
[CI/Fast gate                 ]   🚧  ::warning file=src/router/test/onboard.spec.ts,line=684,endLine=684,col=42,endColumn=57,title=import(no-named-as-default-member)::"SuperJSON" also has a named export "parse"
[CI/Fast gate                 ]   🚧  ::warning file=src/router/test/onboard.spec.ts,line=971,endLine=971,col=76,endColumn=78,title=eslint(no-shadow)::'eq' is already declared in the upper scope.
[CI/Fast gate                 ]   🚧  ::warning file=src/router/test/onboard.spec.ts,line=998,endLine=998,col=29,endColumn=31,title=eslint(no-shadow)::'eq' is already declared in the upper scope.
[CI/Fast gate                 ]   🚧  ::warning file=src/router/test/onboard.spec.ts,line=998,endLine=998,col=33,endColumn=40,title=eslint(no-shadow)::'inArray' is already declared in the upper scope.
[CI/Fast gate                 ]   🚧  ::warning file=src/router/test/onboard.spec.ts,line=42,endLine=42,col=35,endColumn=59,title=typescript(consistent-type-imports)::`import()` type annotations are forbidden.
[CI/Fast gate                 ]   🚧  ::warning file=src/router/test/onboard.spec.ts,line=237,endLine=237,col=9,endColumn=25,title=unicorn(consistent-function-scoping)::Function `releaseDiscovery` does not capture any variables from its parent scope
[CI/Fast gate                 ]   🚧  ::warning file=src/router/test/board.spec.ts,line=421,endLine=421,col=58,endColumn=77,title=import(no-named-as-default-member)::"SuperJSON" also has a named export "stringify"
[CI/Fast gate                 ]   🚧  ::warning file=src/router/test/board.spec.ts,line=539,endLine=539,col=16,endColumn=35,title=import(no-named-as-default-member)::"SuperJSON" also has a named export "stringify"
[CI/Fast gate                 ]   🚧  ::warning file=src/router/test/board.spec.ts,line=910,endLine=910,col=14,endColumn=33,title=import(no-named-as-default-member)::"SuperJSON" also has a named export "stringify"
[CI/Fast gate                 ]   🚧  ::warning file=src/router/test/board.spec.ts,line=1405,endLine=1405,col=12,endColumn=27,title=import(no-named-as-default-member)::"SuperJSON" also has a named export "parse"
[CI/Fast gate                 ]   🚧  ::warning file=src/router/test/board.spec.ts,line=1525,endLine=1525,col=36,endColumn=55,title=import(no-named-as-default-member)::"SuperJSON" also has a named export "stringify"
[CI/Fast gate                 ]   🚧  ::warning file=src/router/test/board.spec.ts,line=1614,endLine=1614,col=16,endColumn=35,title=import(no-named-as-default-member)::"SuperJSON" also has a named export "stringify"
[CI/Fast gate                 ]   🚧  ::warning file=src/router/test/board.spec.ts,line=1681,endLine=1681,col=12,endColumn=27,title=import(no-named-as-default-member)::"SuperJSON" also has a named export "parse"
[CI/Fast gate                 ]   🚧  ::warning file=src/router/test/board.spec.ts,line=1744,endLine=1744,col=12,endColumn=27,title=import(no-named-as-default-member)::"SuperJSON" also has a named export "parse"
[CI/Fast gate                 ]   🚧  ::warning file=src/router/test/board.spec.ts,line=2177,endLine=2177,col=16,endColumn=35,title=import(no-named-as-default-member)::"SuperJSON" also has a named export "stringify"
[CI/Fast gate                 ]   🚧  ::warning file=src/router/test/board.spec.ts,line=2504,endLine=2504,col=14,endColumn=33,title=import(no-named-as-default-member)::"SuperJSON" also has a named export "stringify"
[CI/Fast gate                 ]   🚧  ::warning file=src/router/test/board.spec.ts,line=2552,endLine=2552,col=14,endColumn=33,title=import(no-named-as-default-member)::"SuperJSON" also has a named export "stringify"
[CI/Fast gate                 ]   🚧  ::warning file=src/router/test/board.spec.ts,line=2580,endLine=2580,col=14,endColumn=33,title=import(no-named-as-default-member)::"SuperJSON" also has a named export "stringify"
[CI/Fast gate                 ]   🚧  ::warning file=src/router/test/board.spec.ts,line=1314,endLine=1314,col=72,endColumn=79,title=eslint(no-shadow)::'section' is already declared in the upper scope.
[CI/Fast gate                 ]   🚧  ::warning file=src/router/test/board.spec.ts,line=1521,endLine=1521,col=66,endColumn=70,title=eslint(no-shadow)::'item' is already declared in the upper scope.
[CI/Fast gate                 ]   🚧  ::warning file=src/router/test/board.spec.ts,line=2744,endLine=2744,col=51,endColumn=55,title=eslint(no-shadow)::'line' is already declared in the upper scope.
[CI/Fast gate                 ]   🚧  ::warning file=src/router/test/board.spec.ts,line=2750,endLine=2750,col=33,endColumn=38,title=eslint(no-shadow)::'entry' is already declared in the upper scope.
[CI/Fast gate                 ]   🚧  ::warning file=src/router/board.ts,line=548,endLine=548,col=29,endColumn=44,title=import(no-named-as-default-member)::"superjson" also has a named export "parse"
[CI/Fast gate                 ]   🚧  ::warning file=src/router/board.ts,line=1674,endLine=1674,col=70,endColumn=89,title=import(no-named-as-default-member)::"superjson" also has a named export "stringify"
[CI/Fast gate                 ]   🚧  ::warning file=src/router/board.ts,line=1708,endLine=1708,col=26,endColumn=45,title=import(no-named-as-default-member)::"superjson" also has a named export "stringify"
[CI/Fast gate                 ]   🚧  ::warning file=src/router/board.ts,line=1709,endLine=1709,col=34,endColumn=53,title=import(no-named-as-default-member)::"superjson" also has a named export "stringify"
[CI/Fast gate                 ]   🚧  ::warning file=src/router/board.ts,line=1767,endLine=1767,col=26,endColumn=45,title=import(no-named-as-default-member)::"superjson" also has a named export "stringify"
[CI/Fast gate                 ]   🚧  ::warning file=src/router/board.ts,line=1768,endLine=1768,col=34,endColumn=53,title=import(no-named-as-default-member)::"superjson" also has a named export "stringify"
[CI/Fast gate                 ]   🚧  ::warning file=src/router/board.ts,line=1799,endLine=1799,col=70,endColumn=89,title=import(no-named-as-default-member)::"superjson" also has a named export "stringify"
[CI/Fast gate                 ]   🚧  ::warning file=src/router/board.ts,line=1873,endLine=1873,col=72,endColumn=91,title=import(no-named-as-default-member)::"superjson" also has a named export "stringify"
[CI/Fast gate                 ]   🚧  ::warning file=src/router/board.ts,line=1910,endLine=1910,col=28,endColumn=47,title=import(no-named-as-default-member)::"superjson" also has a named export "stringify"
[CI/Fast gate                 ]   🚧  ::warning file=src/router/board.ts,line=1911,endLine=1911,col=36,endColumn=55,title=import(no-named-as-default-member)::"superjson" also has a named export "stringify"
[CI/Fast gate                 ]   🚧  ::warning file=src/router/board.ts,line=1976,endLine=1976,col=26,endColumn=45,title=import(no-named-as-default-member)::"superjson" also has a named export "stringify"
[CI/Fast gate                 ]   🚧  ::warning file=src/router/board.ts,line=1977,endLine=1977,col=34,endColumn=53,title=import(no-named-as-default-member)::"superjson" also has a named export "stringify"
[CI/Fast gate                 ]   🚧  ::warning file=src/router/board.ts,line=2005,endLine=2005,col=70,endColumn=89,title=import(no-named-as-default-member)::"superjson" also has a named export "stringify"
[CI/Fast gate                 ]   🚧  ::warning file=src/router/board.ts,line=2322,endLine=2322,col=20,endColumn=39,title=import(no-named-as-default-member)::"superjson" also has a named export "stringify"
[CI/Fast gate                 ]   🚧  ::warning file=src/router/board.ts,line=2958,endLine=2958,col=18,endColumn=33,title=import(no-named-as-default-member)::"superjson" also has a named export "parse"
[CI/Fast gate                 ]   🚧  ::warning file=src/router/board.ts,line=2983,endLine=2983,col=28,endColumn=43,title=import(no-named-as-default-member)::"superjson" also has a named export "parse"
[CI/Fast gate                 ]   🚧  ::warning file=src/router/board.ts,line=2984,endLine=2984,col=20,endColumn=35,title=import(no-named-as-default-member)::"superjson" also has a named export "parse"
[CI/Fast gate                 ]   🚧  ::warning file=src/router/board.ts,line=432,endLine=432,col=37,endColumn=40,title=eslint(no-shadow)::'sql' is already declared in the upper scope.
[CI/Fast gate                 ]   🚧  ::warning file=src/router/board.ts,line=445,endLine=445,col=32,endColumn=35,title=eslint(no-shadow)::'asc' is already declared in the upper scope.
[CI/Fast gate                 ]   🚧  ::warning file=src/router/board.ts,line=2495,endLine=2495,col=9,endColumn=15,title=eslint(no-shadow)::'boards' is already declared in the upper scope.
[CI/Fast gate                 ]   🚧  ::warning file=src/router/board.ts,line=2503,endLine=2503,col=6,endColumn=11,title=eslint(no-shadow)::'board' is already declared in the upper scope.
[CI/Fast gate                 ]   🚧  ::warning file=src/router/board.ts,line=2946,endLine=2946,col=11,endColumn=19,title=eslint(no-shadow)::'sections' is already declared in the upper scope.
[CI/Fast gate                 ]   🚧  ::warning file=src/router/board.ts,line=2946,endLine=2946,col=21,endColumn=26,title=eslint(no-shadow)::'items' is already declared in the upper scope.
[CI/Fast gate                 ]   🚧  ::warning file=src/router/board.ts,line=2946,endLine=2946,col=28,endColumn=35,title=eslint(no-shadow)::'layouts' is already declared in the upper scope.
[CI/Fast gate                 ]   🚧  ::warning file=src/router/board.ts,line=2982,endLine=2982,col=49,endColumn=53,title=eslint(no-shadow)::'item' is already declared in the upper scope.
[CI/Fast gate                 ]   🚧  ::warning file=src/router/home.ts,line=22,endLine=22,col=49,endColumn=51,title=eslint(no-shadow)::'db' is already declared in the upper scope.
[CI/Fast gate                 ]   |
[CI/Fast gate                 ]   | Found 88 warnings and 0 errors.
[CI/Fast gate                 ]   | Finished in 295ms on 230 files with 197 rules using 20 threads.
[CI/Fast gate                 ]   ❓  ::endgroup::
[CI/Fast gate                 ]   ❓  ::group::@homarr/cron-jobs:typecheck
[CI/Fast gate                 ]   | cache miss, executing 41898699b72f223f
[CI/Fast gate                 ]   | $ bun --bun tsc --noEmit
[CI/Fast gate                 ]   ❓  ::endgroup::
[CI/Fast gate                 ]   ❓  ::group::@homarr/boards:lint
[CI/Fast gate                 ]   | cache miss, executing 44d5f21f5fee0b26
[CI/Fast gate                 ]   | $ oxlint
[CI/Fast gate                 ]   | Found 0 warnings and 0 errors.
[CI/Fast gate                 ]   | Finished in 131ms on 7 files with 197 rules using 20 threads.
[CI/Fast gate                 ]   ❓  ::endgroup::
[CI/Fast gate                 ]   ❓  ::group::@homarr/websocket:lint
[CI/Fast gate                 ]   | cache miss, executing 1d2acf2f3dd6c7d6
[CI/Fast gate                 ]   | $ oxlint
[CI/Fast gate                 ]   | Found 0 warnings and 0 errors.
[CI/Fast gate                 ]   | Finished in 121ms on 1 file with 197 rules using 20 threads.
[CI/Fast gate                 ]   ❓  ::endgroup::
[CI/Fast gate                 ]   ❓  ::group::@homarr/api:typecheck
[CI/Fast gate                 ]   | cache miss, executing 201fd707810b5324
[CI/Fast gate                 ]   | $ bun --bun tsc --noEmit
[CI/Fast gate                 ]   ❓  ::endgroup::
[CI/Fast gate                 ]   ❓  ::group::@homarr/forms-collection:lint
[CI/Fast gate                 ]   | cache miss, executing e7d9f85388f0a933
[CI/Fast gate                 ]   | $ oxlint
[CI/Fast gate                 ]   🚧  ::warning file=src/board-create/board-create-form.tsx,line=67,endLine=67,col=11,endColumn=20,title=jsx-a11y(no-autofocus)::The `autoFocus` attribute is found here, which can cause usability issues for sighted and non-sighted users.
[CI/Fast gate                 ]   🚧  ::warning file=src/new-app/_form.tsx,line=116,endLine=116,col=12,endColumn=24,title=react-hooks(exhaustive-deps)::React hook useImperativeHandle depends on `handleSubmit`, which changes every render
[CI/Fast gate                 ]   |
[CI/Fast gate                 ]   | Found 2 warnings and 0 errors.
[CI/Fast gate                 ]   | Finished in 155ms on 11 files with 197 rules using 20 threads.
[CI/Fast gate                 ]   ❓  ::endgroup::
[CI/Fast gate                 ]   ❓  ::group::@homarr/websocket:typecheck
[CI/Fast gate                 ]   | cache miss, executing b88ccb230a7b9f99
[CI/Fast gate                 ]   | $ bun --bun tsc --noEmit
[CI/Fast gate                 ]   ❓  ::endgroup::
[CI/Fast gate                 ]   ❓  ::group::@homarr/forms-collection:typecheck
[CI/Fast gate                 ]   | cache miss, executing 44ba5f3b719bddbc
[CI/Fast gate                 ]   | $ bun --bun tsc --noEmit
[CI/Fast gate                 ]   ❓  ::endgroup::
[CI/Fast gate                 ]   ❓  ::group::@homarr/modals-collection:lint
[CI/Fast gate                 ]   | cache miss, executing 9d1bba0af186d1d7
[CI/Fast gate                 ]   | $ oxlint
[CI/Fast gate                 ]   🚧  ::warning file=src/search-engines/request-media-modal.tsx,line=60,endLine=60,col=11,endColumn=27,title=react-hooks(exhaustive-deps)::React Hook useMemo has missing dependencies: 'requestedSeasons', and 't'
[CI/Fast gate                 ]   🚧  ::warning file=src/search-engines/request-media-modal.tsx,line=67,endLine=67,col=5,endColumn=29,title=react-hooks(exhaustive-deps)::React Hook useMemo has unnecessary dependency: data.requestedSeasons
[CI/Fast gate                 ]   |
[CI/Fast gate                 ]   | Found 2 warnings and 0 errors.
[CI/Fast gate                 ]   | Finished in 150ms on 11 files with 197 rules using 20 threads.
[CI/Fast gate                 ]   ❓  ::endgroup::
[CI/Fast gate                 ]   ❓  ::group::@homarr/boards:typecheck
[CI/Fast gate                 ]   | cache miss, executing b28358a12370eb41
[CI/Fast gate                 ]   | $ bun --bun tsc --noEmit
[CI/Fast gate                 ]   ❓  ::endgroup::
[CI/Fast gate                 ]   ❓  ::group::@homarr/onboarding:lint
[CI/Fast gate                 ]   | cache miss, executing 7881753250df82f5
[CI/Fast gate                 ]   | $ oxlint
[CI/Fast gate                 ]   🚧  ::warning file=src/onboarding-wordmark.tsx,line=95,endLine=95,col=7,endColumn=17,title=jsx-a11y(prefer-tag-over-role)::Prefer `img` over `role` attribute `img`.
[CI/Fast gate                 ]   🚧  ::warning file=src/setup-studio.tsx,line=724,endLine=724,col=43,endColumn=56,title=jsx-a11y(prefer-tag-over-role)::Prefer `dialog` over `role` attribute `dialog`.
[CI/Fast gate                 ]   |
[CI/Fast gate                 ]   | Found 2 warnings and 0 errors.
[CI/Fast gate                 ]   | Finished in 107ms on 21 files with 197 rules using 20 threads.
[CI/Fast gate                 ]   ❓  ::endgroup::
[CI/Fast gate                 ]   ❓  ::group::@homarr/onboarding:typecheck
[CI/Fast gate                 ]   | cache miss, executing 0a1dc11dfe46b253
[CI/Fast gate                 ]   | $ bun --bun tsc --noEmit
[CI/Fast gate                 ]   ❓  ::endgroup::
[CI/Fast gate                 ]   ❓  ::group::@homarr/modals-collection:typecheck
[CI/Fast gate                 ]   | cache miss, executing 7dcfa3064428ab09
[CI/Fast gate                 ]   | $ bun --bun tsc --noEmit
[CI/Fast gate                 ]   ❓  ::endgroup::
[CI/Fast gate                 ]   ❓  ::group::@homarr/spotlight:typecheck
[CI/Fast gate                 ]   | cache miss, executing b9ead8ac4e0f4e6f
[CI/Fast gate                 ]   | $ bun --bun tsc --noEmit
[CI/Fast gate                 ]   ❓  ::endgroup::
[CI/Fast gate                 ]   ❓  ::group::@homarr/spotlight:lint
[CI/Fast gate                 ]   | cache miss, executing 4614b19008a9d303
[CI/Fast gate                 ]   | $ oxlint
[CI/Fast gate                 ]   🚧  ::warning file=src/modes/command/children/new-integration.tsx,line=16,endLine=16,col=8,endColumn=12,title=unicorn(no-array-sort)::Use `Array#toSorted()` instead of `Array#sort()`.
[CI/Fast gate                 ]   🚧  ::warning file=src/lib/interaction.ts,line=54,endLine=54,col=60,endColumn=71,title=eslint(no-shadow)::'interaction' is already declared in the upper scope.
[CI/Fast gate                 ]   🚧  ::warning file=src/modes/home/context.tsx,line=125,endLine=125,col=9,endColumn=27,title=react-hooks(exhaustive-deps)::React Hook useEffect has a complex expression in the dependency array.
[CI/Fast gate                 ]   🚧  ::warning file=src/modes/home/context.tsx,line=116,endLine=116,col=7,endColumn=14,title=react-hooks(exhaustive-deps)::React Hook useEffect has missing dependencies: 'context', and 'items'
[CI/Fast gate                 ]   🚧  ::warning file=src/components/actions/group-actions.tsx,line=51,endLine=51,col=10,endColumn=14,title=unicorn(no-array-sort)::Use `Array#toSorted()` instead of `Array#sort()`.
[CI/Fast gate                 ]   🚧  ::warning file=src/modes/external/search-engines-search-group.tsx,line=233,endLine=233,col=62,endColumn=67,title=eslint(no-shadow)::'query' is already declared in the upper scope.
[CI/Fast gate                 ]   |
[CI/Fast gate                 ]   | Found 6 warnings and 0 errors.
[CI/Fast gate                 ]   | Finished in 110ms on 53 files with 197 rules using 20 threads.
[CI/Fast gate                 ]   ❓  ::endgroup::
[CI/Fast gate                 ]   ❓  ::group::@homarr/nextjs:build
[CI/Fast gate                 ]   | cache miss, executing edea120dc10eb311
[CI/Fast gate                 ]   | $ HOMARR_VERSION=$(bun -p "require('../../package.json').version") bun run with-env bun --bun next build
[CI/Fast gate                 ]   | $ bun --bun dotenv -e ../../.env -- bun --bun next build
[CI/Fast gate                 ]   | ▲ Next.js 16.3.6 (Turbopack)
[CI/Fast gate                 ]   | ✓ Running next.config.ts took 453ms
[CI/Fast gate                 ]   | - Experiments (use with caution):
[CI/Fast gate                 ]   |   · optimizePackageImports
[CI/Fast gate                 ]   |
[CI/Fast gate                 ]   |   Creating an optimized production build ...
[CI/Fast gate                 ]   | ✓ Compiled successfully in 49s
[CI/Fast gate                 ]   |   Skipping validation of types
[CI/Fast gate                 ]   |   Finished TypeScript config validation in 10ms ...
[CI/Fast gate                 ]   |   Collecting page data using 19 workers ...
[CI/Fast gate                 ]   |   Generating static pages using 19 workers (0/19) ...
[CI/Fast gate                 ]   |   Generating static pages using 19 workers (4/19)
[CI/Fast gate                 ]   |   Generating static pages using 19 workers (9/19)
[CI/Fast gate                 ]   |   Generating static pages using 19 workers (14/19)
[CI/Fast gate                 ]   | ✓ Generating static pages using 19 workers (19/19) in 1062ms
[CI/Fast gate                 ]   | Turbopack build encountered 10 warnings:
[CI/Fast gate                 ]   | [externals]/node:crypto
[CI/Fast gate                 ]   | Warning: unexpected export *
[CI/Fast gate                 ]   | export * used with module [externals]/node:crypto [external] (node:crypto, cjs) which is a CommonJS module with exports only available at runtime
[CI/Fast gate                 ]   | List all export names manually (`export { a, b, c } from "...") or rewrite the module to ESM, to avoid the additional runtime code.`
[CI/Fast gate                 ]   |
[CI/Fast gate                 ]   | Import trace:
[CI/Fast gate                 ]   |   external:
[CI/Fast gate                 ]   |     [externals]/node:crypto [external]
[CI/Fast gate                 ]   |     ./apps/nextjs/src/app/api/assistant/chat/route.ts [App Route]
[CI/Fast gate                 ]   |
[CI/Fast gate                 ]   |
[CI/Fast gate                 ]   | ./apps/nextjs/src/app/api/backup/import/route.ts:340:13
[CI/Fast gate                 ]   | Warning: Dynamic filesystem access causes tracing of the whole project
[CI/Fast gate                 ]   |   338 |       try {
[CI/Fast gate                 ]   |   339 |         const sidecar = `${dbPath}${suffix}`;
[CI/Fast gate                 ]   | > 340 |         if (fs.existsSync(sidecar)) fs.unlinkSync(sidecar);
[CI/Fast gate                 ]   |       |             ^^^^^^^^^^^^^^^^^^^^^^
[CI/Fast gate                 ]   |   341 |       } catch (cleanupErr) {
[CI/Fast gate                 ]   |   342 |         logger.warn("Failed to remove SQLite sidecar file after restore", { suffix, dbPat...
[CI/Fast gate                 ]   |   343 |       }
[CI/Fast gate                 ]   |
[CI/Fast gate                 ]   | Static analysis determined that this filesystem access causes the whole project to be traced and included in the output.
[CI/Fast gate                 ]   | This is usually unintentional and leads to all source files (including the public folder) to be deployed as part of the server code.
[CI/Fast gate                 ]   | This can slow down deployments or lead to failures when size limits are exceeded.
[CI/Fast gate                 ]   | To resolve this, you can
[CI/Fast gate                 ]   | - make sure the path is statically scoped to some subfolder, for example path.join(process.cwd(), 'data', bar), or
[CI/Fast gate                 ]   | - only use them in development, or
[CI/Fast gate                 ]   | - opt out by adding an ignore comment to the highlighted call: fs.existsSync(/*turbopackIgnore: true*/ ...), or
[CI/Fast gate                 ]   | - remove them.
[CI/Fast gate                 ]   |
[CI/Fast gate                 ]   | Import trace:
[CI/Fast gate                 ]   |   App Route:
[CI/Fast gate                 ]   |     ./apps/nextjs/src/app/api/backup/import/route.ts
[CI/Fast gate                 ]   |     ./apps/nextjs/src/app/api/backup/import/route.ts
[CI/Fast gate                 ]   |
[CI/Fast gate                 ]   |
[CI/Fast gate                 ]   | ./packages/core/src/infrastructure/certificates/files/index.ts:19:8
[CI/Fast gate                 ]   | Warning: Dynamic filesystem access causes tracing of the whole project
[CI/Fast gate                 ]   |   17 |   }
[CI/Fast gate                 ]   |   18 |
[CI/Fast gate                 ]   | > 19 |   if (!fsSync.existsSync(folder)) {
[CI/Fast gate                 ]   |      |        ^^^^^^^^^^^^^^^^^^^^^^^^^
[CI/Fast gate                 ]   |   20 |     await fs.mkdir(folder, { recursive: true });
[CI/Fast gate                 ]   |   21 |   }
[CI/Fast gate                 ]   |   22 |
[CI/Fast gate                 ]   |
[CI/Fast gate                 ]   | Static analysis determined that this filesystem access causes the whole project to be traced and included in the output.
[CI/Fast gate                 ]   | This is usually unintentional and leads to all source files (including the public folder) to be deployed as part of the server code.
[CI/Fast gate                 ]   | This can slow down deployments or lead to failures when size limits are exceeded.
[CI/Fast gate                 ]   | To resolve this, you can
[CI/Fast gate                 ]   | - make sure the path is statically scoped to some subfolder, for example path.join(process.cwd(), 'data', bar), or
[CI/Fast gate                 ]   | - only use them in development, or
[CI/Fast gate                 ]   | - opt out by adding an ignore comment to the highlighted call: fs.existsSync(/*turbopackIgnore: true*/ ...), or
[CI/Fast gate                 ]   | - remove them.
[CI/Fast gate                 ]   |
[CI/Fast gate                 ]   | Import traces:
[CI/Fast gate                 ]   |   App Route:
[CI/Fast gate                 ]   |     ./packages/core/src/infrastructure/certificates/files/index.ts
[CI/Fast gate                 ]   |     ./packages/core/src/infrastructure/http/request.ts
[CI/Fast gate                 ]   |     ./packages/image-proxy/src/index.ts
[CI/Fast gate                 ]   |     ./apps/nextjs/src/app/api/image-proxy/[id]/route.ts
[CI/Fast gate                 ]   |
[CI/Fast gate                 ]   |   Server Component:
[CI/Fast gate                 ]   |     ./packages/core/src/infrastructure/certificates/files/index.ts
[CI/Fast gate                 ]   |     ./packages/core/src/infrastructure/http/request.ts
[CI/Fast gate                 ]   |     ./packages/auth/providers/oidc/oidc-provider.ts
[CI/Fast gate                 ]   |     ./packages/auth/configuration.ts
[CI/Fast gate                 ]   |     ./packages/auth/next.ts
[CI/Fast gate                 ]   |     ./apps/nextjs/src/app/[locale]/manage/search-engines/page.tsx
[CI/Fast gate                 ]   |
[CI/Fast gate                 ]   |   Instrumentation:
[CI/Fast gate                 ]   |     ./packages/core/src/infrastructure/certificates/files/index.ts
[CI/Fast gate                 ]   |     ./packages/core/src/infrastructure/http/request.ts
[CI/Fast gate                 ]   |     ./packages/core/src/infrastructure/http/index.ts
[CI/Fast gate                 ]   |     ./apps/tasks/src/overrides.ts
[CI/Fast gate                 ]   |     ./apps/tasks/src/main.ts
[CI/Fast gate                 ]   |     ./apps/nextjs/src/instrumentation-node.ts
[CI/Fast gate                 ]   |     ./apps/nextjs/src/instrumentation.ts
[CI/Fast gate                 ]   |
[CI/Fast gate                 ]   |
[CI/Fast gate                 ]   | ./packages/core/src/infrastructure/certificates/files/index.ts:28:24
[CI/Fast gate                 ]   | Warning: Dynamic filesystem access causes tracing of the whole project
[CI/Fast gate                 ]   |   26 |       .filter((file) => file.endsWith(".crt") || file.endsWith(".pem"))
[CI/Fast gate                 ]   |   27 |       .map(async (file) => ({
[CI/Fast gate                 ]   | > 28 |         content: await fs.readFile(path.join(folder, file), "utf8"),
[CI/Fast gate                 ]   |      |                        ^^^^^^^^^^^^^^^^^^^^^^^^^^^^^^^^^^^^^^^^^^^^
[CI/Fast gate                 ]   |   29 |         fileName: file,
[CI/Fast gate                 ]   |   30 |       })),
[CI/Fast gate                 ]   |   31 |   );
[CI/Fast gate                 ]   |
[CI/Fast gate                 ]   | Static analysis determined that this filesystem access causes the whole project to be traced and included in the output.
[CI/Fast gate                 ]   | This is usually unintentional and leads to all source files (including the public folder) to be deployed as part of the server code.
[CI/Fast gate                 ]   | This can slow down deployments or lead to failures when size limits are exceeded.
[CI/Fast gate                 ]   | To resolve this, you can
[CI/Fast gate                 ]   | - make sure the path is statically scoped to some subfolder, for example path.join(process.cwd(), 'data', bar), or
[CI/Fast gate                 ]   | - only use them in development, or
[CI/Fast gate                 ]   | - opt out by adding an ignore comment to the highlighted call: fs.readFile(/*turbopackIgnore: true*/ ...), or
[CI/Fast gate                 ]   | - remove them.
[CI/Fast gate                 ]   |
[CI/Fast gate                 ]   | Import traces:
[CI/Fast gate                 ]   |   App Route:
[CI/Fast gate                 ]   |     ./packages/core/src/infrastructure/certificates/files/index.ts
[CI/Fast gate                 ]   |     ./packages/core/src/infrastructure/http/request.ts
[CI/Fast gate                 ]   |     ./packages/image-proxy/src/index.ts
[CI/Fast gate                 ]   |     ./apps/nextjs/src/app/api/image-proxy/[id]/route.ts
[CI/Fast gate                 ]   |
[CI/Fast gate                 ]   |   Server Component:
[CI/Fast gate                 ]   |     ./packages/core/src/infrastructure/certificates/files/index.ts
[CI/Fast gate                 ]   |     ./packages/core/src/infrastructure/http/request.ts
[CI/Fast gate                 ]   |     ./packages/auth/providers/oidc/oidc-provider.ts
[CI/Fast gate                 ]   |     ./packages/auth/configuration.ts
[CI/Fast gate                 ]   |     ./packages/auth/next.ts
[CI/Fast gate                 ]   |     ./apps/nextjs/src/app/[locale]/manage/search-engines/page.tsx
[CI/Fast gate                 ]   |
[CI/Fast gate                 ]   |   Instrumentation:
[CI/Fast gate                 ]   |     ./packages/core/src/infrastructure/certificates/files/index.ts
[CI/Fast gate                 ]   |     ./packages/core/src/infrastructure/http/request.ts
[CI/Fast gate                 ]   |     ./packages/core/src/infrastructure/http/index.ts
[CI/Fast gate                 ]   |     ./apps/tasks/src/overrides.ts
[CI/Fast gate                 ]   |     ./apps/tasks/src/main.ts
[CI/Fast gate                 ]   |     ./apps/nextjs/src/instrumentation-node.ts
[CI/Fast gate                 ]   |     ./apps/nextjs/src/instrumentation.ts
[CI/Fast gate                 ]   |
[CI/Fast gate                 ]   |
[CI/Fast gate                 ]   | ./packages/core/src/infrastructure/certificates/files/index.ts:51:25
[CI/Fast gate                 ]   | Warning: Dynamic filesystem access causes tracing of the whole project
[CI/Fast gate                 ]   |   49 |
[CI/Fast gate                 ]   |   50 |   const fullPath = path.join(folder, fileName);
[CI/Fast gate                 ]   | > 51 |   const content = await fs.readFile(fullPath, "utf8");
[CI/Fast gate                 ]   |      |                         ^^^^^^^^^^^^^^^^^^^^^^^^^^^^^
[CI/Fast gate                 ]   |   52 |
[CI/Fast gate                 ]   |   53 |   await fs.rm(fullPath);
[CI/Fast gate                 ]   |   54 |   try {
[CI/Fast gate                 ]   |
[CI/Fast gate                 ]   | Static analysis determined that this filesystem access causes the whole project to be traced and included in the output.
[CI/Fast gate                 ]   | This is usually unintentional and leads to all source files (including the public folder) to be deployed as part of the server code.
[CI/Fast gate                 ]   | This can slow down deployments or lead to failures when size limits are exceeded.
[CI/Fast gate                 ]   | To resolve this, you can
[CI/Fast gate                 ]   | - make sure the path is statically scoped to some subfolder, for example path.join(process.cwd(), 'data', bar), or
[CI/Fast gate                 ]   | - only use them in development, or
[CI/Fast gate                 ]   | - opt out by adding an ignore comment to the highlighted call: fs.readFile(/*turbopackIgnore: true*/ ...), or
[CI/Fast gate                 ]   | - remove them.
[CI/Fast gate                 ]   |
[CI/Fast gate                 ]   | Import traces:
[CI/Fast gate                 ]   |   App Route:
[CI/Fast gate                 ]   |     ./packages/core/src/infrastructure/certificates/files/index.ts
[CI/Fast gate                 ]   |     ./packages/core/src/infrastructure/http/request.ts
[CI/Fast gate                 ]   |     ./packages/image-proxy/src/index.ts
[CI/Fast gate                 ]   |     ./apps/nextjs/src/app/api/image-proxy/[id]/route.ts
[CI/Fast gate                 ]   |
[CI/Fast gate                 ]   |   Server Component:
[CI/Fast gate                 ]   |     ./packages/core/src/infrastructure/certificates/files/index.ts
[CI/Fast gate                 ]   |     ./packages/core/src/infrastructure/http/request.ts
[CI/Fast gate                 ]   |     ./packages/auth/providers/oidc/oidc-provider.ts
[CI/Fast gate                 ]   |     ./packages/auth/configuration.ts
[CI/Fast gate                 ]   |     ./packages/auth/next.ts
[CI/Fast gate                 ]   |     ./apps/nextjs/src/app/[locale]/manage/search-engines/page.tsx
[CI/Fast gate                 ]   |
[CI/Fast gate                 ]   |   Instrumentation:
[CI/Fast gate                 ]   |     ./packages/core/src/infrastructure/certificates/files/index.ts
[CI/Fast gate                 ]   |     ./packages/core/src/infrastructure/http/request.ts
[CI/Fast gate                 ]   |     ./packages/core/src/infrastructure/http/index.ts
[CI/Fast gate                 ]   |     ./apps/tasks/src/overrides.ts
[CI/Fast gate                 ]   |     ./apps/tasks/src/main.ts
[CI/Fast gate                 ]   |     ./apps/nextjs/src/instrumentation-node.ts
[CI/Fast gate                 ]   |     ./apps/nextjs/src/instrumentation.ts
[CI/Fast gate                 ]   |
[CI/Fast gate                 ]   |
[CI/Fast gate                 ]   | ./packages/core/src/infrastructure/certificates/files/index.ts:23:28
[CI/Fast gate                 ]   | Warning: Dynamic filesystem access causes tracing of the whole project
[CI/Fast gate                 ]   |   21 |   }
[CI/Fast gate                 ]   |   22 |
[CI/Fast gate                 ]   | > 23 |   const dirContent = await fs.readdir(folder);
[CI/Fast gate                 ]   |      |                            ^^^^^^^^^^^^^^^^^^
[CI/Fast gate                 ]   |   24 |   return await Promise.all(
[CI/Fast gate                 ]   |   25 |     dirContent
[CI/Fast gate                 ]   |   26 |       .filter((file) => file.endsWith(".crt") || file.endsWith(".pem"))
[CI/Fast gate                 ]   |
[CI/Fast gate                 ]   | Static analysis determined that this filesystem access causes the whole project to be traced and included in the output.
[CI/Fast gate                 ]   | This is usually unintentional and leads to all source files (including the public folder) to be deployed as part of the server code.
[CI/Fast gate                 ]   | This can slow down deployments or lead to failures when size limits are exceeded.
[CI/Fast gate                 ]   | To resolve this, you can
[CI/Fast gate                 ]   | - make sure the path is statically scoped to some subfolder, for example path.join(process.cwd(), 'data', bar), or
[CI/Fast gate                 ]   | - only use them in development, or
[CI/Fast gate                 ]   | - opt out by adding an ignore comment to the highlighted call: fs.readdir(/*turbopackIgnore: true*/ ...), or
[CI/Fast gate                 ]   | - remove them.
[CI/Fast gate                 ]   |
[CI/Fast gate                 ]   | Import traces:
[CI/Fast gate                 ]   |   App Route:
[CI/Fast gate                 ]   |     ./packages/core/src/infrastructure/certificates/files/index.ts
[CI/Fast gate                 ]   |     ./packages/core/src/infrastructure/http/request.ts
[CI/Fast gate                 ]   |     ./packages/image-proxy/src/index.ts
[CI/Fast gate                 ]   |     ./apps/nextjs/src/app/api/image-proxy/[id]/route.ts
[CI/Fast gate                 ]   |
[CI/Fast gate                 ]   |   Server Component:
[CI/Fast gate                 ]   |     ./packages/core/src/infrastructure/certificates/files/index.ts
[CI/Fast gate                 ]   |     ./packages/core/src/infrastructure/http/request.ts
[CI/Fast gate                 ]   |     ./packages/auth/providers/oidc/oidc-provider.ts
[CI/Fast gate                 ]   |     ./packages/auth/configuration.ts
[CI/Fast gate                 ]   |     ./packages/auth/next.ts
[CI/Fast gate                 ]   |     ./apps/nextjs/src/app/[locale]/manage/search-engines/page.tsx
[CI/Fast gate                 ]   |
[CI/Fast gate                 ]   |   Instrumentation:
[CI/Fast gate                 ]   |     ./packages/core/src/infrastructure/certificates/files/index.ts
[CI/Fast gate                 ]   |     ./packages/core/src/infrastructure/http/request.ts
[CI/Fast gate                 ]   |     ./packages/core/src/infrastructure/http/index.ts
[CI/Fast gate                 ]   |     ./apps/tasks/src/overrides.ts
[CI/Fast gate                 ]   |     ./apps/tasks/src/main.ts
[CI/Fast gate                 ]   |     ./apps/nextjs/src/instrumentation-node.ts
[CI/Fast gate                 ]   |     ./apps/nextjs/src/instrumentation.ts
[CI/Fast gate                 ]   |
[CI/Fast gate                 ]   |
[CI/Fast gate                 ]   | ./packages/core/src/infrastructure/certificates/files/index.ts:45:31
[CI/Fast gate                 ]   | Warning: Dynamic filesystem access causes tracing of the whole project
[CI/Fast gate                 ]   |   43 |   }
[CI/Fast gate                 ]   |   44 |
[CI/Fast gate                 ]   | > 45 |   const existingFiles = await fs.readdir(folder, { withFileTypes: true });
[CI/Fast gate                 ]   |      |                               ^^^^^^^^^^^^^^^^^^^^^^^^^^^^^^^^^^^^^^^^^^^
[CI/Fast gate                 ]   |   46 |   if (!existingFiles.some((file) => file.isFile() && file.name === fileName)) {
[CI/Fast gate                 ]   |   47 |     throw new Error(`File ${fileName} does not exist`);
[CI/Fast gate                 ]   |   48 |   }
[CI/Fast gate                 ]   |
[CI/Fast gate                 ]   | Static analysis determined that this filesystem access causes the whole project to be traced and included in the output.
[CI/Fast gate                 ]   | This is usually unintentional and leads to all source files (including the public folder) to be deployed as part of the server code.
[CI/Fast gate                 ]   | This can slow down deployments or lead to failures when size limits are exceeded.
[CI/Fast gate                 ]   | To resolve this, you can
[CI/Fast gate                 ]   | - make sure the path is statically scoped to some subfolder, for example path.join(process.cwd(), 'data', bar), or
[CI/Fast gate                 ]   | - only use them in development, or
[CI/Fast gate                 ]   | - opt out by adding an ignore comment to the highlighted call: fs.readdir(/*turbopackIgnore: true*/ ...), or
[CI/Fast gate                 ]   | - remove them.
[CI/Fast gate                 ]   |
[CI/Fast gate                 ]   | Import traces:
[CI/Fast gate                 ]   |   App Route:
[CI/Fast gate                 ]   |     ./packages/core/src/infrastructure/certificates/files/index.ts
[CI/Fast gate                 ]   |     ./packages/core/src/infrastructure/http/request.ts
[CI/Fast gate                 ]   |     ./packages/image-proxy/src/index.ts
[CI/Fast gate                 ]   |     ./apps/nextjs/src/app/api/image-proxy/[id]/route.ts
[CI/Fast gate                 ]   |
[CI/Fast gate                 ]   |   Server Component:
[CI/Fast gate                 ]   |     ./packages/core/src/infrastructure/certificates/files/index.ts
[CI/Fast gate                 ]   |     ./packages/core/src/infrastructure/http/request.ts
[CI/Fast gate                 ]   |     ./packages/auth/providers/oidc/oidc-provider.ts
[CI/Fast gate                 ]   |     ./packages/auth/configuration.ts
[CI/Fast gate                 ]   |     ./packages/auth/next.ts
[CI/Fast gate                 ]   |     ./apps/nextjs/src/app/[locale]/manage/search-engines/page.tsx
[CI/Fast gate                 ]   |
[CI/Fast gate                 ]   |   Instrumentation:
[CI/Fast gate                 ]   |     ./packages/core/src/infrastructure/certificates/files/index.ts
[CI/Fast gate                 ]   |     ./packages/core/src/infrastructure/http/request.ts
[CI/Fast gate                 ]   |     ./packages/core/src/infrastructure/http/index.ts
[CI/Fast gate                 ]   |     ./apps/tasks/src/overrides.ts
[CI/Fast gate                 ]   |     ./apps/tasks/src/main.ts
[CI/Fast gate                 ]   |     ./apps/nextjs/src/instrumentation-node.ts
[CI/Fast gate                 ]   |     ./apps/nextjs/src/instrumentation.ts
[CI/Fast gate                 ]   |
[CI/Fast gate                 ]   |
[CI/Fast gate                 ]   | ./packages/core/src/infrastructure/certificates/files/index.ts:28:36
[CI/Fast gate                 ]   | Warning: Dynamic filesystem access causes tracing of the whole project
[CI/Fast gate                 ]   |   26 |       .filter((file) => file.endsWith(".crt") || file.endsWith(".pem"))
[CI/Fast gate                 ]   |   27 |       .map(async (file) => ({
[CI/Fast gate                 ]   | > 28 |         content: await fs.readFile(path.join(folder, file), "utf8"),
[CI/Fast gate                 ]   |      |                                    ^^^^^^^^^^^^^^^^^^^^^^^
[CI/Fast gate                 ]   |   29 |         fileName: file,
[CI/Fast gate                 ]   |   30 |       })),
[CI/Fast gate                 ]   |   31 |   );
[CI/Fast gate                 ]   |
[CI/Fast gate                 ]   | Static analysis determined that this filesystem access causes the whole project to be traced and included in the output.
[CI/Fast gate                 ]   | This is usually unintentional and leads to all source files (including the public folder) to be deployed as part of the server code.
[CI/Fast gate                 ]   | This can slow down deployments or lead to failures when size limits are exceeded.
[CI/Fast gate                 ]   | To resolve this, you can
[CI/Fast gate                 ]   | - make sure the path is statically scoped to some subfolder, for example path.join(process.cwd(), 'data', bar), or
[CI/Fast gate                 ]   | - only use them in development, or
[CI/Fast gate                 ]   | - opt out by adding an ignore comment to the highlighted call: path.join(/*turbopackIgnore: true*/ ...), or
[CI/Fast gate                 ]   | - remove them.
[CI/Fast gate                 ]   |
[CI/Fast gate                 ]   | Import traces:
[CI/Fast gate                 ]   |   App Route:
[CI/Fast gate                 ]   |     ./packages/core/src/infrastructure/certificates/files/index.ts
[CI/Fast gate                 ]   |     ./packages/core/src/infrastructure/http/request.ts
[CI/Fast gate                 ]   |     ./packages/image-proxy/src/index.ts
[CI/Fast gate                 ]   |     ./apps/nextjs/src/app/api/image-proxy/[id]/route.ts
[CI/Fast gate                 ]   |
[CI/Fast gate                 ]   |   Server Component:
[CI/Fast gate                 ]   |     ./packages/core/src/infrastructure/certificates/files/index.ts
[CI/Fast gate                 ]   |     ./packages/core/src/infrastructure/http/request.ts
[CI/Fast gate                 ]   |     ./packages/auth/providers/oidc/oidc-provider.ts
[CI/Fast gate                 ]   |     ./packages/auth/configuration.ts
[CI/Fast gate                 ]   |     ./packages/auth/next.ts
[CI/Fast gate                 ]   |     ./apps/nextjs/src/app/[locale]/manage/search-engines/page.tsx
[CI/Fast gate                 ]   |
[CI/Fast gate                 ]   |   Instrumentation:
[CI/Fast gate                 ]   |     ./packages/core/src/infrastructure/certificates/files/index.ts
[CI/Fast gate                 ]   |     ./packages/core/src/infrastructure/http/request.ts
[CI/Fast gate                 ]   |     ./packages/core/src/infrastructure/http/index.ts
[CI/Fast gate                 ]   |     ./apps/tasks/src/overrides.ts
[CI/Fast gate                 ]   |     ./apps/tasks/src/main.ts
[CI/Fast gate                 ]   |     ./apps/nextjs/src/instrumentation-node.ts
[CI/Fast gate                 ]   |     ./apps/nextjs/src/instrumentation.ts
[CI/Fast gate                 ]   |
[CI/Fast gate                 ]   |
[CI/Fast gate                 ]   | ./packages/core/src/infrastructure/certificates/files/index.ts:50:20
[CI/Fast gate                 ]   | Warning: Dynamic filesystem access causes tracing of the whole project
[CI/Fast gate                 ]   |   48 |   }
[CI/Fast gate                 ]   |   49 |
[CI/Fast gate                 ]   | > 50 |   const fullPath = path.join(folder, fileName);
[CI/Fast gate                 ]   |      |                    ^^^^^^^^^^^^^^^^^^^^^^^^^^^
[CI/Fast gate                 ]   |   51 |   const content = await fs.readFile(fullPath, "utf8");
[CI/Fast gate                 ]   |   52 |
[CI/Fast gate                 ]   |   53 |   await fs.rm(fullPath);
[CI/Fast gate                 ]   |
[CI/Fast gate                 ]   | Static analysis determined that this filesystem access causes the whole project to be traced and included in the output.
[CI/Fast gate                 ]   | This is usually unintentional and leads to all source files (including the public folder) to be deployed as part of the server code.
[CI/Fast gate                 ]   | This can slow down deployments or lead to failures when size limits are exceeded.
[CI/Fast gate                 ]   | To resolve this, you can
[CI/Fast gate                 ]   | - make sure the path is statically scoped to some subfolder, for example path.join(process.cwd(), 'data', bar), or
[CI/Fast gate                 ]   | - only use them in development, or
[CI/Fast gate                 ]   | - opt out by adding an ignore comment to the highlighted call: path.join(/*turbopackIgnore: true*/ ...), or
[CI/Fast gate                 ]   | - remove them.
[CI/Fast gate                 ]   |
[CI/Fast gate                 ]   | Import traces:
[CI/Fast gate                 ]   |   App Route:
[CI/Fast gate                 ]   |     ./packages/core/src/infrastructure/certificates/files/index.ts
[CI/Fast gate                 ]   |     ./packages/core/src/infrastructure/http/request.ts
[CI/Fast gate                 ]   |     ./packages/image-proxy/src/index.ts
[CI/Fast gate                 ]   |     ./apps/nextjs/src/app/api/image-proxy/[id]/route.ts
[CI/Fast gate                 ]   |
[CI/Fast gate                 ]   |   Server Component:
[CI/Fast gate                 ]   |     ./packages/core/src/infrastructure/certificates/files/index.ts
[CI/Fast gate                 ]   |     ./packages/core/src/infrastructure/http/request.ts
[CI/Fast gate                 ]   |     ./packages/auth/providers/oidc/oidc-provider.ts
[CI/Fast gate                 ]   |     ./packages/auth/configuration.ts
[CI/Fast gate                 ]   |     ./packages/auth/next.ts
[CI/Fast gate                 ]   |     ./apps/nextjs/src/app/[locale]/manage/search-engines/page.tsx
[CI/Fast gate                 ]   |
[CI/Fast gate                 ]   |   Instrumentation:
[CI/Fast gate                 ]   |     ./packages/core/src/infrastructure/certificates/files/index.ts
[CI/Fast gate                 ]   |     ./packages/core/src/infrastructure/http/request.ts
[CI/Fast gate                 ]   |     ./packages/core/src/infrastructure/http/index.ts
[CI/Fast gate                 ]   |     ./apps/tasks/src/overrides.ts
[CI/Fast gate                 ]   |     ./apps/tasks/src/main.ts
[CI/Fast gate                 ]   |     ./apps/nextjs/src/instrumentation-node.ts
[CI/Fast gate                 ]   |     ./apps/nextjs/src/instrumentation.ts
[CI/Fast gate                 ]   |
[CI/Fast gate                 ]   |
[CI/Fast gate                 ]   | ./packages/core/src/infrastructure/certificates/files/index.ts:73:22
[CI/Fast gate                 ]   | Warning: Dynamic filesystem access causes tracing of the whole project
[CI/Fast gate                 ]   |   71 |   }
[CI/Fast gate                 ]   |   72 |
[CI/Fast gate                 ]   | > 73 |   await fs.writeFile(path.join(folder, fileName), content);
[CI/Fast gate                 ]   |      |                      ^^^^^^^^^^^^^^^^^^^^^^^^^^^
[CI/Fast gate                 ]   |   74 | };
[CI/Fast gate                 ]   |   75 |
[CI/Fast gate                 ]   |
[CI/Fast gate                 ]   | Static analysis determined that this filesystem access causes the whole project to be traced and included in the output.
[CI/Fast gate                 ]   | This is usually unintentional and leads to all source files (including the public folder) to be deployed as part of the server code.
[CI/Fast gate                 ]   | This can slow down deployments or lead to failures when size limits are exceeded.
[CI/Fast gate                 ]   | To resolve this, you can
[CI/Fast gate                 ]   | - make sure the path is statically scoped to some subfolder, for example path.join(process.cwd(), 'data', bar), or
[CI/Fast gate                 ]   | - only use them in development, or
[CI/Fast gate                 ]   | - opt out by adding an ignore comment to the highlighted call: path.join(/*turbopackIgnore: true*/ ...), or
[CI/Fast gate                 ]   | - remove them.
[CI/Fast gate                 ]   |
[CI/Fast gate                 ]   | Import traces:
[CI/Fast gate                 ]   |   App Route:
[CI/Fast gate                 ]   |     ./packages/core/src/infrastructure/certificates/files/index.ts
[CI/Fast gate                 ]   |     ./packages/core/src/infrastructure/http/request.ts
[CI/Fast gate                 ]   |     ./packages/image-proxy/src/index.ts
[CI/Fast gate                 ]   |     ./apps/nextjs/src/app/api/image-proxy/[id]/route.ts
[CI/Fast gate                 ]   |
[CI/Fast gate                 ]   |   Server Component:
[CI/Fast gate                 ]   |     ./packages/core/src/infrastructure/certificates/files/index.ts
[CI/Fast gate                 ]   |     ./packages/core/src/infrastructure/http/request.ts
[CI/Fast gate                 ]   |     ./packages/auth/providers/oidc/oidc-provider.ts
[CI/Fast gate                 ]   |     ./packages/auth/configuration.ts
[CI/Fast gate                 ]   |     ./packages/auth/next.ts
[CI/Fast gate                 ]   |     ./apps/nextjs/src/app/[locale]/manage/search-engines/page.tsx
[CI/Fast gate                 ]   |
[CI/Fast gate                 ]   |   Instrumentation:
[CI/Fast gate                 ]   |     ./packages/core/src/infrastructure/certificates/files/index.ts
[CI/Fast gate                 ]   |     ./packages/core/src/infrastructure/http/request.ts
[CI/Fast gate                 ]   |     ./packages/core/src/infrastructure/http/index.ts
[CI/Fast gate                 ]   |     ./apps/tasks/src/overrides.ts
[CI/Fast gate                 ]   |     ./apps/tasks/src/main.ts
[CI/Fast gate                 ]   |     ./apps/nextjs/src/instrumentation-node.ts
[CI/Fast gate                 ]   |     ./apps/nextjs/src/instrumentation.ts
[CI/Fast gate                 ]   |
[CI/Fast gate                 ]   |
[CI/Fast gate                 ]   |   Finalizing page optimization ...
[CI/Fast gate                 ]   |
[CI/Fast gate                 ]   | Route (app)
[CI/Fast gate                 ]   | ┌ ○ /_not-found
[CI/Fast gate                 ]   | ├ ƒ /[locale]
[CI/Fast gate                 ]   | ├ ƒ /[locale]/auth/invite/[id]
[CI/Fast gate                 ]   | ├ ƒ /[locale]/auth/login
[CI/Fast gate                 ]   | ├ ƒ /[locale]/boards
[CI/Fast gate                 ]   | ├ ƒ /[locale]/boards/[name]
[CI/Fast gate                 ]   | ├ ƒ /[locale]/boards/[name]/settings
[CI/Fast gate                 ]   | ├ ƒ /[locale]/custom-widget-configuration/[token]
[CI/Fast gate                 ]   | ├ ƒ /[locale]/init
[CI/Fast gate                 ]   | ├ ƒ /[locale]/manage
[CI/Fast gate                 ]   | ├ ƒ /[locale]/manage/[...not-found]
[CI/Fast gate                 ]   | ├ ƒ /[locale]/manage/about
[CI/Fast gate                 ]   | ├ ƒ /[locale]/manage/apps
[CI/Fast gate                 ]   | ├ ƒ /[locale]/manage/apps/edit/[id]
[CI/Fast gate                 ]   | ├ ƒ /[locale]/manage/apps/new
[CI/Fast gate                 ]   | ├ ƒ /[locale]/manage/assistant
[CI/Fast gate                 ]   | ├ ƒ /[locale]/manage/boards
[CI/Fast gate                 ]   | ├ ƒ /[locale]/manage/custom-widgets
[CI/Fast gate                 ]   | ├ ƒ /[locale]/manage/custom-widgets/edit/[id]
[CI/Fast gate                 ]   | ├ ƒ /[locale]/manage/custom-widgets/new
[CI/Fast gate                 ]   | ├ ƒ /[locale]/manage/custom-widgets/preview/[id]
[CI/Fast gate                 ]   | ├ ƒ /[locale]/manage/custom-widgets/publish/[id]
[CI/Fast gate                 ]   | ├ ƒ /[locale]/manage/custom-widgets/workshop
[CI/Fast gate                 ]   | ├ ƒ /[locale]/manage/custom-widgets/workshop/[id]
[CI/Fast gate                 ]   | ├ ƒ /[locale]/manage/integrations
[CI/Fast gate                 ]   | ├ ƒ /[locale]/manage/integrations/edit/[id]
[CI/Fast gate                 ]   | ├ ƒ /[locale]/manage/integrations/new
[CI/Fast gate                 ]   | ├ ƒ /[locale]/manage/medias
[CI/Fast gate                 ]   | ├ ƒ /[locale]/manage/search-engines
[CI/Fast gate                 ]   | ├ ƒ /[locale]/manage/search-engines/edit/[id]
[CI/Fast gate                 ]   | ├ ƒ /[locale]/manage/search-engines/new
[CI/Fast gate                 ]   | ├ ƒ /[locale]/manage/settings
[CI/Fast gate                 ]   | ├ ƒ /[locale]/manage/tools/api
[CI/Fast gate                 ]   | ├ ƒ /[locale]/manage/tools/backup
[CI/Fast gate                 ]   | ├ ƒ /[locale]/manage/tools/certificates
[CI/Fast gate                 ]   | ├ ƒ /[locale]/manage/tools/certificates/hostnames
[CI/Fast gate                 ]   | ├ ƒ /[locale]/manage/tools/docker
[CI/Fast gate                 ]   | ├ ƒ /[locale]/manage/tools/docker/logs/[containerId]
[CI/Fast gate                 ]   | ├ ƒ /[locale]/manage/tools/kubernetes
[CI/Fast gate                 ]   | ├ ƒ /[locale]/manage/tools/kubernetes/configmaps
[CI/Fast gate                 ]   | ├ ƒ /[locale]/manage/tools/kubernetes/ingresses
[CI/Fast gate                 ]   | ├ ƒ /[locale]/manage/tools/kubernetes/namespaces
[CI/Fast gate                 ]   | ├ ƒ /[locale]/manage/tools/kubernetes/nodes
[CI/Fast gate                 ]   | ├ ƒ /[locale]/manage/tools/kubernetes/pods
[CI/Fast gate                 ]   | ├ ƒ /[locale]/manage/tools/kubernetes/secrets
[CI/Fast gate                 ]   | ├ ƒ /[locale]/manage/tools/kubernetes/services
[CI/Fast gate                 ]   | ├ ƒ /[locale]/manage/tools/kubernetes/volumes
[CI/Fast gate                 ]   | ├ ƒ /[locale]/manage/tools/logs
[CI/Fast gate                 ]   | ├ ƒ /[locale]/manage/tools/tasks
[CI/Fast gate                 ]   | ├ ƒ /[locale]/manage/users
[CI/Fast gate                 ]   | ├ ƒ /[locale]/manage/users/[userId]/general
[CI/Fast gate                 ]   | ├ ƒ /[locale]/manage/users/[userId]/security
[CI/Fast gate                 ]   | ├ ƒ /[locale]/manage/users/create
[CI/Fast gate                 ]   | ├ ƒ /[locale]/manage/users/groups
[CI/Fast gate                 ]   | ├ ƒ /[locale]/manage/users/groups/[id]
[CI/Fast gate                 ]   | ├ ƒ /[locale]/manage/users/groups/[id]/members
[CI/Fast gate                 ]   | ├ ƒ /[locale]/manage/users/groups/[id]/permissions
[CI/Fast gate                 ]   | ├ ƒ /[locale]/manage/users/groups/[id]/settings
[CI/Fast gate                 ]   | ├ ƒ /[locale]/manage/users/invites
[CI/Fast gate                 ]   | ├ ƒ /[locale]/manage/workshop
[CI/Fast gate                 ]   | ├ ƒ /[locale]/reference/api
[CI/Fast gate                 ]   | ├ ƒ /[locale]/widgets/[kind]
[CI/Fast gate                 ]   | ├ ƒ /api/[...trpc]
[CI/Fast gate                 ]   | ├ ○ /api/about/contributors/crowdin
[CI/Fast gate                 ]   | ├ ○ /api/about/contributors/github
[CI/Fast gate                 ]   | ├ ○ /api/about/contributors/opencollective
[CI/Fast gate                 ]   | ├ ○ /api/about/dependencies
[CI/Fast gate                 ]   | ├ ƒ /api/assistant/chat
[CI/Fast gate                 ]   | ├ ƒ /api/auth/[...nextauth]
[CI/Fast gate                 ]   | ├ ƒ /api/backup/export
[CI/Fast gate                 ]   | ├ ƒ /api/backup/import
[CI/Fast gate                 ]   | ├ ƒ /api/backup/migrations
[CI/Fast gate                 ]   | ├ ƒ /api/backup/sql-wasm
[CI/Fast gate                 ]   | ├ ƒ /api/custom-widgets/[resource]
[CI/Fast gate                 ]   | ├ ƒ /api/custom-widgets/configuration-request/[token]
[CI/Fast gate                 ]   | ├ ƒ /api/health/live
[CI/Fast gate                 ]   | ├ ƒ /api/health/ready
[CI/Fast gate                 ]   | ├ ƒ /api/image-proxy/[id]
[CI/Fast gate                 ]   | ├ ƒ /api/mcp
[CI/Fast gate                 ]   | ├ ƒ /api/mcp/[transport]
[CI/Fast gate                 ]   | ├ ƒ /api/mcp/oauth/authorize
[CI/Fast gate                 ]   | ├ ƒ /api/mcp/oauth/register
[CI/Fast gate                 ]   | ├ ƒ /api/mcp/oauth/token
[CI/Fast gate                 ]   | ├ ƒ /api/onboarding/claim
[CI/Fast gate                 ]   | ├ ƒ /api/openapi
[CI/Fast gate                 ]   | ├ ƒ /api/trpc/[trpc]
[CI/Fast gate                 ]   | ├ ƒ /api/user-medias/[id]
[CI/Fast gate                 ]   | ├ ƒ /manifest.webmanifest
[CI/Fast gate                 ]   | └ ƒ /well-known/[...path]
[CI/Fast gate                 ]   |
[CI/Fast gate                 ]   |
[CI/Fast gate                 ]   | ƒ Proxy (Middleware)
[CI/Fast gate                 ]   |
[CI/Fast gate                 ]   | ○  (Static)   prerendered as static content
[CI/Fast gate                 ]   | ƒ  (Dynamic)  server-rendered on demand
[CI/Fast gate                 ]   |
[CI/Fast gate                 ]   ❓  ::endgroup::
[CI/Fast gate                 ]   ❓  ::group::@homarr/widgets:lint
[CI/Fast gate                 ]   | cache miss, executing 7b293db95885625a
[CI/Fast gate                 ]   | $ oxlint
[CI/Fast gate                 ]   🚧  ::warning file=src/speedtest-tracker/recent-results.tsx,line=249,endLine=263,col=18,endColumn=10,title=react(no-unstable-nested-components)::Do not define components during render.
[CI/Fast gate                 ]   🚧  ::warning file=src/speedtest-tracker/recent-results.tsx,line=358,endLine=372,col=18,endColumn=10,title=react(no-unstable-nested-components)::Do not define components during render.
[CI/Fast gate                 ]   🚧  ::warning file=src/health-monitoring/index.ts,line=77,endLine=77,col=76,endColumn=105,title=unicorn(no-useless-length-check)::Found a useless array length check
[CI/Fast gate                 ]   🚧  ::warning file=src/health-monitoring/index.ts,line=83,endLine=83,col=76,endColumn=105,title=unicorn(no-useless-length-check)::Found a useless array length check
[CI/Fast gate                 ]   🚧  ::warning file=src/common/homarr-data-table.tsx,line=3,endLine=3,col=1,endColumn=34,title=import(no-unassigned-import)::Imported module should be assigned
[CI/Fast gate                 ]   🚧  ::warning file=src/weather/animated-icon.tsx,line=3,endLine=3,col=1,endColumn=32,title=import(no-unassigned-import)::Imported module should be assigned
[CI/Fast gate                 ]   🚧  ::warning file=src/anchor-note/editor.tsx,line=11,endLine=11,col=1,endColumn=46,title=import(no-unassigned-import)::Imported module should be assigned
[CI/Fast gate                 ]   🚧  ::warning file=src/anchor-note/component.tsx,line=20,endLine=20,col=1,endColumn=28,title=import(no-unassigned-import)::Imported module should be assigned
[CI/Fast gate                 ]   🚧  ::warning file=src/video/component.tsx,line=13,endLine=13,col=1,endColumn=37,title=import(no-unassigned-import)::Imported module should be assigned
[CI/Fast gate                 ]   🚧  ::warning file=src/video/component.tsx,line=82,endLine=82,col=17,endColumn=24,title=react-hooks(exhaustive-deps)::React Hook useEffect has missing dependencies: 'options.hasAutoPlay', 'options.isMuted', 'options.feedUrl', and 'options.hasControls'
[CI/Fast gate                 ]   🚧  ::warning file=src/docker/component.tsx,line=3,endLine=3,col=1,endColumn=23,title=import(no-unassigned-import)::Imported module should be assigned
[CI/Fast gate                 ]   🚧  ::warning file=src/downloads/component.tsx,line=3,endLine=3,col=1,endColumn=32,title=import(no-unassigned-import)::Imported module should be assigned
[CI/Fast gate                 ]   🚧  ::warning file=src/downloads/component.tsx,line=4,endLine=4,col=1,endColumn=23,title=import(no-unassigned-import)::Imported module should be assigned
[CI/Fast gate                 ]   🚧  ::warning file=src/downloads/component.tsx,line=806,endLine=806,col=22,endColumn=97,title=react(no-unstable-nested-components)::Do not define components during render.
[CI/Fast gate                 ]   🚧  ::warning file=src/notebook/notebook.tsx,line=234,endLine=234,col=20,endColumn=26,title=eslint(no-shadow)::'editor' is already declared in the upper scope.
[CI/Fast gate                 ]   🚧  ::warning file=src/notebook/notebook.tsx,line=237,endLine=237,col=20,endColumn=26,title=eslint(no-shadow)::'editor' is already declared in the upper scope.
[CI/Fast gate                 ]   🚧  ::warning file=src/notebook/notebook.tsx,line=67,endLine=67,col=1,endColumn=37,title=import(no-unassigned-import)::Imported module should be assigned
[CI/Fast gate                 ]   🚧  ::warning file=src/notebook/notebook.tsx,line=68,endLine=68,col=1,endColumn=25,title=import(no-unassigned-import)::Imported module should be assigned
[CI/Fast gate                 ]   |
[CI/Fast gate                 ]   | Found 18 warnings and 0 errors.
[CI/Fast gate                 ]   | Finished in 399ms on 432 files with 197 rules using 20 threads.
[CI/Fast gate                 ]   ❓  ::endgroup::
[CI/Fast gate                 ]   ❓  ::group::@homarr/widgets:typecheck
[CI/Fast gate                 ]   | cache miss, executing 98cc5537bcd40f34
[CI/Fast gate                 ]   | $ bun --bun tsc --noEmit
[CI/Fast gate                 ]   ❓  ::endgroup::
[CI/Fast gate                 ]   ❓  ::group::@homarr/tasks:lint
[CI/Fast gate                 ]   | cache miss, executing ae704cb86d60c694
[CI/Fast gate                 ]   | $ oxlint
[CI/Fast gate                 ]   🚧  ::warning file=src/main.ts,line=2,endLine=2,col=1,endColumn=22,title=import(no-unassigned-import)::Imported module should be assigned
[CI/Fast gate                 ]   |
[CI/Fast gate                 ]   | Found 1 warning and 0 errors.
[CI/Fast gate                 ]   | Finished in 176ms on 4 files with 197 rules using 20 threads.
[CI/Fast gate                 ]   ❓  ::endgroup::
[CI/Fast gate                 ]   ❓  ::group::@homarr/tasks:typecheck
[CI/Fast gate                 ]   | cache miss, executing 9dd98703efcc2569
[CI/Fast gate                 ]   | $ bun --bun tsc --noEmit
[CI/Fast gate                 ]   ❓  ::endgroup::
[CI/Fast gate                 ]   ❓  ::group::@homarr/nextjs:lint
[CI/Fast gate                 ]   | cache miss, executing 5025cbfa44a81bb6
[CI/Fast gate                 ]   | $ oxlint
[CI/Fast gate                 ]   🚧  ::warning file=src/app/[locale]/manage/integrations/_components/test-connection/integration-test-connection-error.tsx,line=103,endLine=103,col=51,endColumn=56,title=eslint(no-shadow)::'cause' is already declared in the upper scope.
[CI/Fast gate                 ]   🚧  ::warning file=src/app/[locale]/manage/integrations/_components/test-connection/integration-test-connection-error.tsx,line=45,endLine=49,col=24,endColumn=20,title=react(no-unstable-nested-components)::Do not define components during render.
[CI/Fast gate                 ]   🚧  ::warning file=src/app/[locale]/manage/integrations/_components/test-connection/integration-test-connection-error.tsx,line=57,endLine=61,col=24,endColumn=20,title=react(no-unstable-nested-components)::Do not define components during render.
[CI/Fast gate                 ]   🚧  ::warning file=src/app/[locale]/manage/users/[userId]/general/_components/_profile-avatar-form.tsx,line=144,endLine=144,col=12,endColumn=18,title=unicorn(prefer-add-event-listener)::Prefer `addEventListener()` over their `on`-function counterparts.
[CI/Fast gate                 ]   🚧  ::warning file=src/app/[locale]/manage/users/[userId]/general/_components/_profile-avatar-form.tsx,line=145,endLine=145,col=12,endColumn=19,title=unicorn(prefer-add-event-listener)::Prefer `addEventListener()` over their `on`-function counterparts.
[CI/Fast gate                 ]   🚧  ::warning file=src/app/[locale]/manage/search-engines/edit/[id]/_search-engine-edit-form.tsx,line=54,endLine=54,col=48,endColumn=49,title=eslint(no-shadow)::'t' is already declared in the upper scope.
[CI/Fast gate                 ]   🚧  ::warning file=src/app/[locale]/manage/tools/api/components/scalar-api-reference-frame.tsx,line=10,endLine=10,col=11,endColumn=17,title=react(iframe-missing-sandbox)::An iframe element is missing a sandbox attribute
[CI/Fast gate                 ]   🚧  ::warning file=src/components/board/board-select.tsx,line=22,endLine=30,col=21,endColumn=8,title=react(no-unstable-nested-components)::Do not define components during render.
[CI/Fast gate                 ]   🚧  ::warning file=src/app/[locale]/manage/integrations/_components/test-connection/test-connection-certificate.tsx,line=184,endLine=191,col=19,endColumn=10,title=react(no-unstable-nested-components)::Do not define components during render.
[CI/Fast gate                 ]   🚧  ::warning file=src/app/[locale]/manage/users/create/_components/create-user-stepper.tsx,line=127,endLine=127,col=7,endColumn=15,title=react-hooks(exhaustive-deps)::React hook useCallback depends on `allForms`, which changes every render
[CI/Fast gate                 ]   🚧  ::warning file=src/components/board/board-layout-thumbnail.tsx,line=36,endLine=36,col=43,endColumn=53,title=jsx-a11y(prefer-tag-over-role)::Prefer `img` over `role` attribute `img`.
[CI/Fast gate                 ]   🚧  ::warning file=src/components/board/board-layout-thumbnail.tsx,line=54,endLine=54,col=43,endColumn=53,title=jsx-a11y(prefer-tag-over-role)::Prefer `img` over `role` attribute `img`.
[CI/Fast gate                 ]   🚧  ::warning file=src/components/board/board-layout-thumbnail.tsx,line=71,endLine=71,col=38,endColumn=48,title=jsx-a11y(prefer-tag-over-role)::Prefer `img` over `role` attribute `img`.
[CI/Fast gate                 ]   🚧  ::warning file=src/app/[locale]/manage/integrations/new/_integration-new-form.tsx,line=92,endLine=92,col=36,endColumn=40,title=eslint(no-shadow)::'kind' is already declared in the upper scope.
[CI/Fast gate                 ]   🚧  ::warning file=src/app/[locale]/manage/integrations/new/_integration-new-form.tsx,line=125,endLine=125,col=11,endColumn=14,title=eslint(no-shadow)::'url' is already declared in the upper scope.
[CI/Fast gate                 ]   🚧  ::warning file=src/app/[locale]/manage/integrations/new/_integration-new-form.tsx,line=194,endLine=194,col=41,endColumn=45,title=eslint(no-shadow)::'kind' is already declared in the upper scope.
[CI/Fast gate                 ]   🚧  ::warning file=src/app/[locale]/manage/integrations/new/_integration-new-form.tsx,line=185,endLine=185,col=63,endColumn=72,title=jsx-a11y(no-autofocus)::The `autoFocus` attribute is found here, which can cause usability issues for sighted and non-sighted users.
[CI/Fast gate                 ]   🚧  ::warning file=src/app/[locale]/manage/users/groups/_components/group-create-form.tsx,line=49,endLine=49,col=50,endColumn=59,title=jsx-a11y(no-autofocus)::The `autoFocus` attribute is found here, which can cause usability issues for sighted and non-sighted users.
[CI/Fast gate                 ]   🚧  ::warning file=src/app/[locale]/manage/search-engines/new/_search-engine-new-form.tsx,line=44,endLine=44,col=48,endColumn=49,title=eslint(no-shadow)::'t' is already declared in the upper scope.
[CI/Fast gate                 ]   🚧  ::warning file=src/app/[locale]/manage/tools/api/components/scalar-api-reference.tsx,line=8,endLine=8,col=1,endColumn=48,title=import(no-unassigned-import)::Imported module should be assigned
[CI/Fast gate                 ]   🚧  ::warning file=src/app/[locale]/manage/tools/api/components/scalar-api-reference.tsx,line=9,endLine=9,col=1,endColumn=29,title=import(no-unassigned-import)::Imported module should be assigned
[CI/Fast gate                 ]   🚧  ::warning file=src/app/[locale]/manage/boards/_components/duplicate-board-form.tsx,line=74,endLine=74,col=11,endColumn=20,title=jsx-a11y(no-autofocus)::The `autoFocus` attribute is found here, which can cause usability issues for sighted and non-sighted users.
[CI/Fast gate                 ]   🚧  ::warning file=src/app/[locale]/manage/users/groups/[id]/_reserved-group-alert.tsx,line=17,endLine=26,col=23,endColumn=10,title=react(no-unstable-nested-components)::Do not define components during render.
[CI/Fast gate                 ]   🚧  ::warning file=src/app/[locale]/manage/tools/docker/logs/[containerId]/page.tsx,line=8,endLine=8,col=1,endColumn=37,title=import(no-unassigned-import)::Imported module should be assigned
[CI/Fast gate                 ]   🚧  ::warning file=src/app/[locale]/boards/(content)/_query-snapshot.ts,line=89,endLine=89,col=24,endColumn=43,title=import(no-named-as-default-member)::"superjson" also has a named export "stringify"
[CI/Fast gate                 ]   🚧  ::warning file=src/app/[locale]/boards/(content)/_query-snapshot.ts,line=134,endLine=134,col=16,endColumn=35,title=import(no-named-as-default-member)::"superjson" also has a named export "stringify"
[CI/Fast gate                 ]   🚧  ::warning file=src/app/[locale]/boards/(content)/_query-snapshot.ts,line=135,endLine=135,col=18,endColumn=33,title=import(no-named-as-default-member)::"superjson" also has a named export "parse"
[CI/Fast gate                 ]   🚧  ::warning file=src/components/layout/header/tour-target.tsx,line=8,endLine=8,col=40,endColumn=83,title=typescript(consistent-type-imports)::`import()` type annotations are forbidden.
[CI/Fast gate                 ]   🚧  ::warning file=src/app/[locale]/manage/tools/kubernetes/ingresses/ingresses-table.tsx,line=52,endLine=52,col=13,endColumn=27,title=unicorn(consistent-function-scoping)::Function `getAbsoluteUrl` does not capture any variables from its parent scope
[CI/Fast gate                 ]   🚧  ::warning file=src/components/layout/header/burger.tsx,line=12,endLine=12,col=50,endColumn=59,title=eslint(no-shadow)::'collapsed' is already declared in the upper scope.
[CI/Fast gate                 ]   🚧  ::warning file=src/app/[locale]/_client-providers/mantine.tsx,line=39,endLine=39,col=17,endColumn=38,title=unicorn(consistent-function-scoping)::Function `updateCookieValue` does not capture any variables from its parent scope
[CI/Fast gate                 ]   🚧  ::warning file=src/components/board/items/lazy-widget-edit-modal.tsx,line=184,endLine=194,col=21,endColumn=6,title=react(no-unstable-nested-components)::Do not define components during render.
[CI/Fast gate                 ]   🚧  ::warning file=src/components/board/items/item-content.tsx,line=123,endLine=123,col=23,endColumn=117,title=react(no-unstable-nested-components)::Do not define components during render.
[CI/Fast gate                 ]   🚧  ::warning file=src/components/board/items/item-content.tsx,line=350,endLine=358,col=27,endColumn=12,title=react(no-unstable-nested-components)::Do not define components during render.
[CI/Fast gate                 ]   🚧  ::warning file=src/components/board/items/item-content.tsx,line=493,endLine=501,col=27,endColumn=12,title=react(no-unstable-nested-components)::Do not define components during render.
[CI/Fast gate                 ]   🚧  ::warning file=src/app/[locale]/manage/tools/docker/docker-table.tsx,line=272,endLine=272,col=55,endColumn=60,title=eslint(no-shadow)::'table' is already declared in the upper scope.
[CI/Fast gate                 ]   🚧  ::warning file=src/app/[locale]/manage/medias/_actions/upload-media.tsx,line=10,endLine=10,col=14,endColumn=31,title=unicorn(consistent-function-scoping)::Function `onSettledAsync` does not capture any variables from its parent scope
[CI/Fast gate                 ]   🚧  ::warning file=src/app/[locale]/manage/users/_components/user-list.tsx,line=31,endLine=38,col=15,endColumn=10,title=react(no-unstable-nested-components)::Do not define components during render.
[CI/Fast gate                 ]   🚧  ::warning file=src/app/[locale]/manage/users/_components/user-list.tsx,line=44,endLine=53,col=15,endColumn=10,title=react(no-unstable-nested-components)::Do not define components during render.
[CI/Fast gate                 ]   🚧  ::warning file=src/errors/trpc-catch-error.ts,line=1,endLine=1,col=1,endColumn=22,title=import(no-unassigned-import)::Imported module should be assigned
[CI/Fast gate                 ]   🚧  ::warning file=src/app/api/assistant/chat/assistant-tool-policy.spec.ts,line=290,endLine=290,col=9,endColumn=17,title=unicorn(consistent-function-scoping)::Function `toolStep` does not capture any variables from its parent scope
[CI/Fast gate                 ]   🚧  ::warning file=src/app/api/assistant/chat/assistant-tool-policy.spec.ts,line=291,endLine=291,col=9,endColumn=24,title=unicorn(consistent-function-scoping)::Function `placementChoice` does not capture any variables from its parent scope
[CI/Fast gate                 ]   🚧  ::warning file=src/components/assistant/assistant-message-content.tsx,line=384,endLine=384,col=12,endColumn=18,title=unicorn(prefer-add-event-listener)::Prefer `addEventListener()` over their `on`-function counterparts.
[CI/Fast gate                 ]   🚧  ::warning file=src/components/assistant/assistant-message-content.tsx,line=387,endLine=387,col=12,endColumn=19,title=unicorn(prefer-add-event-listener)::Prefer `addEventListener()` over their `on`-function counterparts.
[CI/Fast gate                 ]   🚧  ::warning file=src/components/assistant/assistant-conversation-context.tsx,line=522,endLine=522,col=13,endColumn=23,title=jsx-a11y(prefer-tag-over-role)::Prefer `img` over `role` attribute `img`.
[CI/Fast gate                 ]   🚧  ::warning file=src/app/[locale]/boards/[name]/settings/_background.tsx,line=158,endLine=158,col=25,endColumn=28,title=jsx-a11y(img-redundant-alt)::Redundant `alt` attribute.
[CI/Fast gate                 ]   🚧  ::warning file=src/components/layout/header/tour-target.spec.ts,line=52,endLine=52,col=11,endColumn=19,title=react(no-children-prop)::Avoid passing children using a prop.
[CI/Fast gate                 ]   🚧  ::warning file=src/components/layout/header/tour-target.spec.ts,line=52,endLine=52,col=64,endColumn=72,title=react(no-children-prop)::Avoid passing children using a prop.
[CI/Fast gate                 ]   🚧  ::warning file=src/app/[locale]/manage/users/groups/_client.tsx,line=25,endLine=25,col=18,endColumn=22,title=unicorn(no-array-sort)::Use `Array#toSorted()` instead of `Array#sort()`.
[CI/Fast gate                 ]   🚧  ::warning file=src/app/[locale]/manage/tools/certificates/page.tsx,line=51,endLine=51,col=6,endColumn=10,title=unicorn(no-array-sort)::Use `Array#toSorted()` instead of `Array#sort()`.
[CI/Fast gate                 ]   🚧  ::warning file=src/app/[locale]/manage/tools/logs/level-selection.tsx,line=19,endLine=19,col=28,endColumn=33,title=eslint(no-shadow)::'level' is already declared in the upper scope.
[CI/Fast gate                 ]   🚧  ::warning file=src/components/board/items/item-select-modal.spec.tsx,line=149,endLine=149,col=11,endColumn=19,title=unicorn(consistent-function-scoping)::Function `FakeIcon` does not capture any variables from its parent scope
[CI/Fast gate                 ]   🚧  ::warning file=src/app/[locale]/manage/users/groups/_groups-table.tsx,line=96,endLine=96,col=18,endColumn=26,title=eslint(no-shadow)::'groupIds' is already declared in the upper scope.
[CI/Fast gate                 ]   🚧  ::warning file=src/app/[locale]/_client-providers/trpc.tsx,line=208,endLine=208,col=26,endColumn=47,title=import(no-named-as-default-member)::"superjson" also has a named export "deserialize"
[CI/Fast gate                 ]   🚧  ::warning file=src/components/onboarding/tour-shell.tsx,line=133,endLine=158,col=15,endColumn=8,title=react(no-unstable-nested-components)::Do not define components during render.
[CI/Fast gate                 ]   🚧  ::warning file=src/components/onboarding/tour-shell.tsx,line=159,endLine=165,col=27,endColumn=8,title=react(no-unstable-nested-components)::Do not define components during render.
[CI/Fast gate                 ]   🚧  ::warning file=src/components/onboarding/tour-shell.tsx,line=166,endLine=169,col=26,endColumn=8,title=react(no-unstable-nested-components)::Do not define components during render.
[CI/Fast gate                 ]   🚧  ::warning file=src/components/onboarding/tour-shell.tsx,line=170,endLine=181,col=27,endColumn=8,title=react(no-unstable-nested-components)::Do not define components during render.
[CI/Fast gate                 ]   🚧  ::warning file=src/components/onboarding/tour-shell.tsx,line=182,endLine=186,col=23,endColumn=8,title=react(no-unstable-nested-components)::Do not define components during render.
[CI/Fast gate                 ]   🚧  ::warning file=src/app/api/user-medias/[id]/route.ts,line=28,endLine=28,col=23,endColumn=41,title=import(no-named-as-default-member)::"DOMPurify" also has a named export "sanitize"
[CI/Fast gate                 ]   🚧  ::warning file=src/app/[locale]/manage/tools/logs/page.tsx,line=5,endLine=5,col=1,endColumn=37,title=import(no-unassigned-import)::Imported module should be assigned
[CI/Fast gate                 ]   🚧  ::warning file=src/app/[locale]/manage/about/page.tsx,line=164,endLine=164,col=30,endColumn=37,title=eslint(no-shadow)::'version' is already declared in the upper scope.
[CI/Fast gate                 ]   🚧  ::warning file=src/app/[locale]/manage/about/page.tsx,line=216,endLine=216,col=33,endColumn=36,title=eslint(no-shadow)::'key' is already declared in the upper scope.
[CI/Fast gate                 ]   🚧  ::warning file=src/app/[locale]/compose.tsx,line=8,endLine=8,col=19,endColumn=26,title=unicorn(no-array-reverse)::Use `Array#toReversed()` instead of `Array#reverse()`.
[CI/Fast gate                 ]   🚧  ::warning file=next.config.ts,line=4,endLine=4,col=1,endColumn=27,title=import(no-unassigned-import)::Imported module should be assigned
[CI/Fast gate                 ]   🚧  ::warning file=next.config.ts,line=5,endLine=5,col=1,endColumn=45,title=import(no-unassigned-import)::Imported module should be assigned
[CI/Fast gate                 ]   🚧  ::warning file=next.config.ts,line=6,endLine=6,col=1,endColumn=29,title=import(no-unassigned-import)::Imported module should be assigned
[CI/Fast gate                 ]   🚧  ::warning file=next.config.ts,line=7,endLine=7,col=1,endColumn=47,title=import(no-unassigned-import)::Imported module should be assigned
[CI/Fast gate                 ]   🚧  ::warning file=next.config.ts,line=8,endLine=8,col=1,endColumn=29,title=import(no-unassigned-import)::Imported module should be assigned
[CI/Fast gate                 ]   🚧  ::warning file=src/app/[locale]/layout.tsx,line=4,endLine=4,col=1,endColumn=55,title=import(no-unassigned-import)::Imported module should be assigned
[CI/Fast gate                 ]   🚧  ::warning file=src/app/[locale]/layout.tsx,line=5,endLine=5,col=1,endColumn=43,title=import(no-unassigned-import)::Imported module should be assigned
[CI/Fast gate                 ]   🚧  ::warning file=src/app/[locale]/layout.tsx,line=6,endLine=6,col=1,endColumn=39,title=import(no-unassigned-import)::Imported module should be assigned
[CI/Fast gate                 ]   🚧  ::warning file=src/app/[locale]/layout.tsx,line=7,endLine=7,col=1,endColumn=39,title=import(no-unassigned-import)::Imported module should be assigned
[CI/Fast gate                 ]   🚧  ::warning file=src/app/[locale]/layout.tsx,line=8,endLine=8,col=1,endColumn=32,title=import(no-unassigned-import)::Imported module should be assigned
[CI/Fast gate                 ]   🚧  ::warning file=src/app/[locale]/layout.tsx,line=9,endLine=9,col=1,endColumn=44,title=import(no-unassigned-import)::Imported module should be assigned
[CI/Fast gate                 ]   🚧  ::warning file=src/app/[locale]/layout.tsx,line=10,endLine=10,col=1,endColumn=39,title=import(no-unassigned-import)::Imported module should be assigned
[CI/Fast gate                 ]   🚧  ::warning file=src/app/[locale]/layout.tsx,line=11,endLine=11,col=1,endColumn=37,title=import(no-unassigned-import)::Imported module should be assigned
[CI/Fast gate                 ]   🚧  ::warning file=src/app/[locale]/layout.tsx,line=12,endLine=12,col=1,endColumn=36,title=import(no-unassigned-import)::Imported module should be assigned
[CI/Fast gate                 ]   |
[CI/Fast gate                 ]   | Found 78 warnings and 0 errors.
[CI/Fast gate                 ]   | Finished in 725ms on 697 files with 197 rules using 20 threads.
[CI/Fast gate                 ]   ❓  ::endgroup::
[CI/Fast gate                 ]   ❓  ::group::@homarr/nextjs:typecheck
[CI/Fast gate                 ]   | cache miss, executing 2814e4134ce054b6
[CI/Fast gate                 ]   | $ bun --bun tsc --noEmit
[CI/Fast gate                 ]   ❓  ::endgroup::
[CI/Fast gate                 ]   |
[CI/Fast gate                 ]   |  Tasks:    80 successful, 80 total
[CI/Fast gate                 ]   | Cached:    0 cached, 80 total
[CI/Fast gate                 ]   |   Time:    3m53.327s
[CI/Fast gate                 ]   |
[CI/Fast gate                 ]   |  WARNING  no output files found for task @homarr/docs#typecheck. Please check your `outputs` key in `turbo.json`
[CI/Fast gate                 ]   ✅  Success - Main Lint, typecheck, and build affected workspaces [3m53.501943963s]
[CI/Fast gate                 ] ⭐ Run Main Validate workspace configuration
[CI/Fast gate                 ]   🐳  docker exec cmd=[bash -e /var/run/act/workflow/6] user= workdir=
[CI/Fast gate                 ]   | $ bunx --bun sherif@latest
[CI/Fast gate                 ]   | Resolving dependencies
[CI/Fast gate                 ]   | Resolved, downloaded and extracted [18]
[CI/Fast gate                 ]   | Saved lockfile
[CI/Fast gate                 ]   |
[CI/Fast gate                 ]   | 1 issue found in ./:
[CI/Fast gate                 ]   |
[CI/Fast gate                 ]   |  ⚠️ warning All packages matching the workspace should have a package.json file. packages-without-package-json
[CI/Fast gate                 ]   |    ./apps/workshop/package.json doesn't exist.
[CI/Fast gate                 ]   |
[CI/Fast gate                 ]   | 1 issue found in ./package.json:
[CI/Fast gate                 ]   |
[CI/Fast gate                 ]   |  ⚠️ warning The root package.json is private and should only have devDependencies. Declare dependencies in each package. root-package-dependencies
[CI/Fast gate                 ]   |   │ {
[CI/Fast gate                 ]   |   │   "private": "true",     ← root package is private...
[CI/Fast gate                 ]   |   │   ...
[CI/Fast gate                 ]   |   -   "dependencies": {      ← but has dependencies...
[CI/Fast gate                 ]   |   -      ...
[CI/Fast gate                 ]   |   -   },
[CI/Fast gate                 ]   |   │   ...
[CI/Fast gate                 ]   |   +   "devDependencies": {   ← instead of devDependencies.
[CI/Fast gate                 ]   |   +      ...
[CI/Fast gate                 ]   |   +   }
[CI/Fast gate                 ]   |   │ }
[CI/Fast gate                 ]   |
[CI/Fast gate                 ]   | 2 issues found (0 ⨯, 2 ⚠️, 0 ✓) across 40 packages in 1.400328ms.
[CI/Fast gate                 ]   |  Note: use `-i` to ignore dependencies, `-r` to ignore rules, `-p` to ignore packages, and `-f` to autofix fixable issues.
[CI/Fast gate                 ]   ✅  Success - Main Validate workspace configuration [596.909901ms]
[CI/Fast gate                 ] ⭐ Run Main Validate Custom Widget architecture
[CI/Fast gate                 ]   🐳  docker exec cmd=[bash -e /var/run/act/workflow/7] user= workdir=
[CI/Fast gate                 ]   | $ bun run --filter @homarr/custom-widgets check:architecture
[CI/Fast gate                 ]   | [?2026h@homarr/custom-widgets check:architecture $ bun ./scripts/check-architecture.mjs
[CI/Fast gate                 ]   | │ Custom Widgets architecture checks passed for 196 production modules.
[CI/Fast gate                 ]   | └─ Running...
[CI/Fast gate                 ]   | [?2026l[?2026h[0G[K[1A[K[1A[K[1A[K@homarr/custom-widgets check:architecture $ bun ./scripts/check-architecture.mjs
[CI/Fast gate                 ]   | │ Custom Widgets architecture checks passed for 196 production modules.
[CI/Fast gate                 ]   | └─ Done in 61 ms
[CI/Fast gate                 ]   ✅  Success - Main Validate Custom Widget architecture [161.048536ms]
[CI/Fast gate                 ] ⭐ Run Main Validate checked-in OpenAPI schema
[CI/Fast gate                 ]   🐳  docker exec cmd=[bash -e /var/run/act/workflow/8] user= workdir=
[CI/Fast gate                 ]   | $ bun ./scripts/check-openapi-schema.mts
[CI/Fast gate                 ]   ✅  Success - Main Validate checked-in OpenAPI schema [810.784736ms]
[CI/Fast gate                 ] ⭐ Run Main Validate Custom Widget bundle budget
[CI/Fast gate                 ]   🐳  docker exec cmd=[bash -e /var/run/act/workflow/9] user= workdir=
[CI/Fast gate                 ]   |
[CI/Fast gate                 ]   |    • Packages in scope: @homarr/nextjs
[CI/Fast gate                 ]   |    • Running build in 1 package
[CI/Fast gate                 ]   |    • Remote caching disabled, using shared worktree cache
[CI/Fast gate                 ]   |
[CI/Fast gate                 ]   ❓  ::group::@homarr/db:build
[CI/Fast gate                 ]   | cache hit, replaying logs 03e72e3b4c494dd6
[CI/Fast gate                 ]   | $ bun run build:sqlite && bun run build:postgresql
[CI/Fast gate                 ]   | $ bun build migrations/sqlite/migrate.ts --target=bun --format=cjs --outfile=migrations/sqlite/migrate.cjs
[CI/Fast gate                 ]   | Bundled 1349 modules in 79ms
[CI/Fast gate                 ]   |
[CI/Fast gate                 ]   |   migrate.cjs  2.91 MB  (entry point)
[CI/Fast gate                 ]   |
[CI/Fast gate                 ]   | $ bun build migrations/postgresql/migrate.ts --target=bun --format=cjs --outfile=migrations/postgresql/migrate.cjs
[CI/Fast gate                 ]   | Bundled 1349 modules in 80ms
[CI/Fast gate                 ]   |
[CI/Fast gate                 ]   |   migrate.cjs  2.91 MB  (entry point)
[CI/Fast gate                 ]   |
[CI/Fast gate                 ]   ❓  ::endgroup::
[CI/Fast gate                 ]   ❓  ::group::@homarr/nextjs:build
[CI/Fast gate                 ]   | cache hit, replaying logs edea120dc10eb311
[CI/Fast gate                 ]   | $ HOMARR_VERSION=$(bun -p "require('../../package.json').version") bun run with-env bun --bun next build
[CI/Fast gate                 ]   | $ bun --bun dotenv -e ../../.env -- bun --bun next build
[CI/Fast gate                 ]   | ▲ Next.js 16.3.6 (Turbopack)
[CI/Fast gate                 ]   | ✓ Running next.config.ts took 453ms
[CI/Fast gate                 ]   | - Experiments (use with caution):
[CI/Fast gate                 ]   |   · optimizePackageImports
[CI/Fast gate                 ]   |
[CI/Fast gate                 ]   |   Creating an optimized production build ...
[CI/Fast gate                 ]   | ✓ Compiled successfully in 49s
[CI/Fast gate                 ]   |   Skipping validation of types
[CI/Fast gate                 ]   |   Finished TypeScript config validation in 10ms ...
[CI/Fast gate                 ]   |   Collecting page data using 19 workers ...
[CI/Fast gate                 ]   |   Generating static pages using 19 workers (0/19) ...
[CI/Fast gate                 ]   |   Generating static pages using 19 workers (4/19)
[CI/Fast gate                 ]   |   Generating static pages using 19 workers (9/19)
[CI/Fast gate                 ]   |   Generating static pages using 19 workers (14/19)
[CI/Fast gate                 ]   | ✓ Generating static pages using 19 workers (19/19) in 1062ms
[CI/Fast gate                 ]   | Turbopack build encountered 10 warnings:
[CI/Fast gate                 ]   | [externals]/node:crypto
[CI/Fast gate                 ]   | Warning: unexpected export *
[CI/Fast gate                 ]   | export * used with module [externals]/node:crypto [external] (node:crypto, cjs) which is a CommonJS module with exports only available at runtime
[CI/Fast gate                 ]   | List all export names manually (`export { a, b, c } from "...") or rewrite the module to ESM, to avoid the additional runtime code.`
[CI/Fast gate                 ]   |
[CI/Fast gate                 ]   | Import trace:
[CI/Fast gate                 ]   |   external:
[CI/Fast gate                 ]   |     [externals]/node:crypto [external]
[CI/Fast gate                 ]   |     ./apps/nextjs/src/app/api/assistant/chat/route.ts [App Route]
[CI/Fast gate                 ]   |
[CI/Fast gate                 ]   |
[CI/Fast gate                 ]   | ./apps/nextjs/src/app/api/backup/import/route.ts:340:13
[CI/Fast gate                 ]   | Warning: Dynamic filesystem access causes tracing of the whole project
[CI/Fast gate                 ]   |   338 |       try {
[CI/Fast gate                 ]   |   339 |         const sidecar = `${dbPath}${suffix}`;
[CI/Fast gate                 ]   | > 340 |         if (fs.existsSync(sidecar)) fs.unlinkSync(sidecar);
[CI/Fast gate                 ]   |       |             ^^^^^^^^^^^^^^^^^^^^^^
[CI/Fast gate                 ]   |   341 |       } catch (cleanupErr) {
[CI/Fast gate                 ]   |   342 |         logger.warn("Failed to remove SQLite sidecar file after restore", { suffix, dbPat...
[CI/Fast gate                 ]   |   343 |       }
[CI/Fast gate                 ]   |
[CI/Fast gate                 ]   | Static analysis determined that this filesystem access causes the whole project to be traced and included in the output.
[CI/Fast gate                 ]   | This is usually unintentional and leads to all source files (including the public folder) to be deployed as part of the server code.
[CI/Fast gate                 ]   | This can slow down deployments or lead to failures when size limits are exceeded.
[CI/Fast gate                 ]   | To resolve this, you can
[CI/Fast gate                 ]   | - make sure the path is statically scoped to some subfolder, for example path.join(process.cwd(), 'data', bar), or
[CI/Fast gate                 ]   | - only use them in development, or
[CI/Fast gate                 ]   | - opt out by adding an ignore comment to the highlighted call: fs.existsSync(/*turbopackIgnore: true*/ ...), or
[CI/Fast gate                 ]   | - remove them.
[CI/Fast gate                 ]   |
[CI/Fast gate                 ]   | Import trace:
[CI/Fast gate                 ]   |   App Route:
[CI/Fast gate                 ]   |     ./apps/nextjs/src/app/api/backup/import/route.ts
[CI/Fast gate                 ]   |     ./apps/nextjs/src/app/api/backup/import/route.ts
[CI/Fast gate                 ]   |
[CI/Fast gate                 ]   |
[CI/Fast gate                 ]   | ./packages/core/src/infrastructure/certificates/files/index.ts:19:8
[CI/Fast gate                 ]   | Warning: Dynamic filesystem access causes tracing of the whole project
[CI/Fast gate                 ]   |   17 |   }
[CI/Fast gate                 ]   |   18 |
[CI/Fast gate                 ]   | > 19 |   if (!fsSync.existsSync(folder)) {
[CI/Fast gate                 ]   |      |        ^^^^^^^^^^^^^^^^^^^^^^^^^
[CI/Fast gate                 ]   |   20 |     await fs.mkdir(folder, { recursive: true });
[CI/Fast gate                 ]   |   21 |   }
[CI/Fast gate                 ]   |   22 |
[CI/Fast gate                 ]   |
[CI/Fast gate                 ]   | Static analysis determined that this filesystem access causes the whole project to be traced and included in the output.
[CI/Fast gate                 ]   | This is usually unintentional and leads to all source files (including the public folder) to be deployed as part of the server code.
[CI/Fast gate                 ]   | This can slow down deployments or lead to failures when size limits are exceeded.
[CI/Fast gate                 ]   | To resolve this, you can
[CI/Fast gate                 ]   | - make sure the path is statically scoped to some subfolder, for example path.join(process.cwd(), 'data', bar), or
[CI/Fast gate                 ]   | - only use them in development, or
[CI/Fast gate                 ]   | - opt out by adding an ignore comment to the highlighted call: fs.existsSync(/*turbopackIgnore: true*/ ...), or
[CI/Fast gate                 ]   | - remove them.
[CI/Fast gate                 ]   |
[CI/Fast gate                 ]   | Import traces:
[CI/Fast gate                 ]   |   App Route:
[CI/Fast gate                 ]   |     ./packages/core/src/infrastructure/certificates/files/index.ts
[CI/Fast gate                 ]   |     ./packages/core/src/infrastructure/http/request.ts
[CI/Fast gate                 ]   |     ./packages/image-proxy/src/index.ts
[CI/Fast gate                 ]   |     ./apps/nextjs/src/app/api/image-proxy/[id]/route.ts
[CI/Fast gate                 ]   |
[CI/Fast gate                 ]   |   Server Component:
[CI/Fast gate                 ]   |     ./packages/core/src/infrastructure/certificates/files/index.ts
[CI/Fast gate                 ]   |     ./packages/core/src/infrastructure/http/request.ts
[CI/Fast gate                 ]   |     ./packages/auth/providers/oidc/oidc-provider.ts
[CI/Fast gate                 ]   |     ./packages/auth/configuration.ts
[CI/Fast gate                 ]   |     ./packages/auth/next.ts
[CI/Fast gate                 ]   |     ./apps/nextjs/src/app/[locale]/manage/search-engines/page.tsx
[CI/Fast gate                 ]   |
[CI/Fast gate                 ]   |   Instrumentation:
[CI/Fast gate                 ]   |     ./packages/core/src/infrastructure/certificates/files/index.ts
[CI/Fast gate                 ]   |     ./packages/core/src/infrastructure/http/request.ts
[CI/Fast gate                 ]   |     ./packages/core/src/infrastructure/http/index.ts
[CI/Fast gate                 ]   |     ./apps/tasks/src/overrides.ts
[CI/Fast gate                 ]   |     ./apps/tasks/src/main.ts
[CI/Fast gate                 ]   |     ./apps/nextjs/src/instrumentation-node.ts
[CI/Fast gate                 ]   |     ./apps/nextjs/src/instrumentation.ts
[CI/Fast gate                 ]   |
[CI/Fast gate                 ]   |
[CI/Fast gate                 ]   | ./packages/core/src/infrastructure/certificates/files/index.ts:28:24
[CI/Fast gate                 ]   | Warning: Dynamic filesystem access causes tracing of the whole project
[CI/Fast gate                 ]   |   26 |       .filter((file) => file.endsWith(".crt") || file.endsWith(".pem"))
[CI/Fast gate                 ]   |   27 |       .map(async (file) => ({
[CI/Fast gate                 ]   | > 28 |         content: await fs.readFile(path.join(folder, file), "utf8"),
[CI/Fast gate                 ]   |      |                        ^^^^^^^^^^^^^^^^^^^^^^^^^^^^^^^^^^^^^^^^^^^^
[CI/Fast gate                 ]   |   29 |         fileName: file,
[CI/Fast gate                 ]   |   30 |       })),
[CI/Fast gate                 ]   |   31 |   );
[CI/Fast gate                 ]   |
[CI/Fast gate                 ]   | Static analysis determined that this filesystem access causes the whole project to be traced and included in the output.
[CI/Fast gate                 ]   | This is usually unintentional and leads to all source files (including the public folder) to be deployed as part of the server code.
[CI/Fast gate                 ]   | This can slow down deployments or lead to failures when size limits are exceeded.
[CI/Fast gate                 ]   | To resolve this, you can
[CI/Fast gate                 ]   | - make sure the path is statically scoped to some subfolder, for example path.join(process.cwd(), 'data', bar), or
[CI/Fast gate                 ]   | - only use them in development, or
[CI/Fast gate                 ]   | - opt out by adding an ignore comment to the highlighted call: fs.readFile(/*turbopackIgnore: true*/ ...), or
[CI/Fast gate                 ]   | - remove them.
[CI/Fast gate                 ]   |
[CI/Fast gate                 ]   | Import traces:
[CI/Fast gate                 ]   |   App Route:
[CI/Fast gate                 ]   |     ./packages/core/src/infrastructure/certificates/files/index.ts
[CI/Fast gate                 ]   |     ./packages/core/src/infrastructure/http/request.ts
[CI/Fast gate                 ]   |     ./packages/image-proxy/src/index.ts
[CI/Fast gate                 ]   |     ./apps/nextjs/src/app/api/image-proxy/[id]/route.ts
[CI/Fast gate                 ]   |
[CI/Fast gate                 ]   |   Server Component:
[CI/Fast gate                 ]   |     ./packages/core/src/infrastructure/certificates/files/index.ts
[CI/Fast gate                 ]   |     ./packages/core/src/infrastructure/http/request.ts
[CI/Fast gate                 ]   |     ./packages/auth/providers/oidc/oidc-provider.ts
[CI/Fast gate                 ]   |     ./packages/auth/configuration.ts
[CI/Fast gate                 ]   |     ./packages/auth/next.ts
[CI/Fast gate                 ]   |     ./apps/nextjs/src/app/[locale]/manage/search-engines/page.tsx
[CI/Fast gate                 ]   |
[CI/Fast gate                 ]   |   Instrumentation:
[CI/Fast gate                 ]   |     ./packages/core/src/infrastructure/certificates/files/index.ts
[CI/Fast gate                 ]   |     ./packages/core/src/infrastructure/http/request.ts
[CI/Fast gate                 ]   |     ./packages/core/src/infrastructure/http/index.ts
[CI/Fast gate                 ]   |     ./apps/tasks/src/overrides.ts
[CI/Fast gate                 ]   |     ./apps/tasks/src/main.ts
[CI/Fast gate                 ]   |     ./apps/nextjs/src/instrumentation-node.ts
[CI/Fast gate                 ]   |     ./apps/nextjs/src/instrumentation.ts
[CI/Fast gate                 ]   |
[CI/Fast gate                 ]   |
[CI/Fast gate                 ]   | ./packages/core/src/infrastructure/certificates/files/index.ts:51:25
[CI/Fast gate                 ]   | Warning: Dynamic filesystem access causes tracing of the whole project
[CI/Fast gate                 ]   |   49 |
[CI/Fast gate                 ]   |   50 |   const fullPath = path.join(folder, fileName);
[CI/Fast gate                 ]   | > 51 |   const content = await fs.readFile(fullPath, "utf8");
[CI/Fast gate                 ]   |      |                         ^^^^^^^^^^^^^^^^^^^^^^^^^^^^^
[CI/Fast gate                 ]   |   52 |
[CI/Fast gate                 ]   |   53 |   await fs.rm(fullPath);
[CI/Fast gate                 ]   |   54 |   try {
[CI/Fast gate                 ]   |
[CI/Fast gate                 ]   | Static analysis determined that this filesystem access causes the whole project to be traced and included in the output.
[CI/Fast gate                 ]   | This is usually unintentional and leads to all source files (including the public folder) to be deployed as part of the server code.
[CI/Fast gate                 ]   | This can slow down deployments or lead to failures when size limits are exceeded.
[CI/Fast gate                 ]   | To resolve this, you can
[CI/Fast gate                 ]   | - make sure the path is statically scoped to some subfolder, for example path.join(process.cwd(), 'data', bar), or
[CI/Fast gate                 ]   | - only use them in development, or
[CI/Fast gate                 ]   | - opt out by adding an ignore comment to the highlighted call: fs.readFile(/*turbopackIgnore: true*/ ...), or
[CI/Fast gate                 ]   | - remove them.
[CI/Fast gate                 ]   |
[CI/Fast gate                 ]   | Import traces:
[CI/Fast gate                 ]   |   App Route:
[CI/Fast gate                 ]   |     ./packages/core/src/infrastructure/certificates/files/index.ts
[CI/Fast gate                 ]   |     ./packages/core/src/infrastructure/http/request.ts
[CI/Fast gate                 ]   |     ./packages/image-proxy/src/index.ts
[CI/Fast gate                 ]   |     ./apps/nextjs/src/app/api/image-proxy/[id]/route.ts
[CI/Fast gate                 ]   |
[CI/Fast gate                 ]   |   Server Component:
[CI/Fast gate                 ]   |     ./packages/core/src/infrastructure/certificates/files/index.ts
[CI/Fast gate                 ]   |     ./packages/core/src/infrastructure/http/request.ts
[CI/Fast gate                 ]   |     ./packages/auth/providers/oidc/oidc-provider.ts
[CI/Fast gate                 ]   |     ./packages/auth/configuration.ts
[CI/Fast gate                 ]   |     ./packages/auth/next.ts
[CI/Fast gate                 ]   |     ./apps/nextjs/src/app/[locale]/manage/search-engines/page.tsx
[CI/Fast gate                 ]   |
[CI/Fast gate                 ]   |   Instrumentation:
[CI/Fast gate                 ]   |     ./packages/core/src/infrastructure/certificates/files/index.ts
[CI/Fast gate                 ]   |     ./packages/core/src/infrastructure/http/request.ts
[CI/Fast gate                 ]   |     ./packages/core/src/infrastructure/http/index.ts
[CI/Fast gate                 ]   |     ./apps/tasks/src/overrides.ts
[CI/Fast gate                 ]   |     ./apps/tasks/src/main.ts
[CI/Fast gate                 ]   |     ./apps/nextjs/src/instrumentation-node.ts
[CI/Fast gate                 ]   |     ./apps/nextjs/src/instrumentation.ts
[CI/Fast gate                 ]   |
[CI/Fast gate                 ]   |
[CI/Fast gate                 ]   | ./packages/core/src/infrastructure/certificates/files/index.ts:23:28
[CI/Fast gate                 ]   | Warning: Dynamic filesystem access causes tracing of the whole project
[CI/Fast gate                 ]   |   21 |   }
[CI/Fast gate                 ]   |   22 |
[CI/Fast gate                 ]   | > 23 |   const dirContent = await fs.readdir(folder);
[CI/Fast gate                 ]   |      |                            ^^^^^^^^^^^^^^^^^^
[CI/Fast gate                 ]   |   24 |   return await Promise.all(
[CI/Fast gate                 ]   |   25 |     dirContent
[CI/Fast gate                 ]   |   26 |       .filter((file) => file.endsWith(".crt") || file.endsWith(".pem"))
[CI/Fast gate                 ]   |
[CI/Fast gate                 ]   | Static analysis determined that this filesystem access causes the whole project to be traced and included in the output.
[CI/Fast gate                 ]   | This is usually unintentional and leads to all source files (including the public folder) to be deployed as part of the server code.
[CI/Fast gate                 ]   | This can slow down deployments or lead to failures when size limits are exceeded.
[CI/Fast gate                 ]   | To resolve this, you can
[CI/Fast gate                 ]   | - make sure the path is statically scoped to some subfolder, for example path.join(process.cwd(), 'data', bar), or
[CI/Fast gate                 ]   | - only use them in development, or
[CI/Fast gate                 ]   | - opt out by adding an ignore comment to the highlighted call: fs.readdir(/*turbopackIgnore: true*/ ...), or
[CI/Fast gate                 ]   | - remove them.
[CI/Fast gate                 ]   |
[CI/Fast gate                 ]   | Import traces:
[CI/Fast gate                 ]   |   App Route:
[CI/Fast gate                 ]   |     ./packages/core/src/infrastructure/certificates/files/index.ts
[CI/Fast gate                 ]   |     ./packages/core/src/infrastructure/http/request.ts
[CI/Fast gate                 ]   |     ./packages/image-proxy/src/index.ts
[CI/Fast gate                 ]   |     ./apps/nextjs/src/app/api/image-proxy/[id]/route.ts
[CI/Fast gate                 ]   |
[CI/Fast gate                 ]   |   Server Component:
[CI/Fast gate                 ]   |     ./packages/core/src/infrastructure/certificates/files/index.ts
[CI/Fast gate                 ]   |     ./packages/core/src/infrastructure/http/request.ts
[CI/Fast gate                 ]   |     ./packages/auth/providers/oidc/oidc-provider.ts
[CI/Fast gate                 ]   |     ./packages/auth/configuration.ts
[CI/Fast gate                 ]   |     ./packages/auth/next.ts
[CI/Fast gate                 ]   |     ./apps/nextjs/src/app/[locale]/manage/search-engines/page.tsx
[CI/Fast gate                 ]   |
[CI/Fast gate                 ]   |   Instrumentation:
[CI/Fast gate                 ]   |     ./packages/core/src/infrastructure/certificates/files/index.ts
[CI/Fast gate                 ]   |     ./packages/core/src/infrastructure/http/request.ts
[CI/Fast gate                 ]   |     ./packages/core/src/infrastructure/http/index.ts
[CI/Fast gate                 ]   |     ./apps/tasks/src/overrides.ts
[CI/Fast gate                 ]   |     ./apps/tasks/src/main.ts
[CI/Fast gate                 ]   |     ./apps/nextjs/src/instrumentation-node.ts
[CI/Fast gate                 ]   |     ./apps/nextjs/src/instrumentation.ts
[CI/Fast gate                 ]   |
[CI/Fast gate                 ]   |
[CI/Fast gate                 ]   | ./packages/core/src/infrastructure/certificates/files/index.ts:45:31
[CI/Fast gate                 ]   | Warning: Dynamic filesystem access causes tracing of the whole project
[CI/Fast gate                 ]   |   43 |   }
[CI/Fast gate                 ]   |   44 |
[CI/Fast gate                 ]   | > 45 |   const existingFiles = await fs.readdir(folder, { withFileTypes: true });
[CI/Fast gate                 ]   |      |                               ^^^^^^^^^^^^^^^^^^^^^^^^^^^^^^^^^^^^^^^^^^^
[CI/Fast gate                 ]   |   46 |   if (!existingFiles.some((file) => file.isFile() && file.name === fileName)) {
[CI/Fast gate                 ]   |   47 |     throw new Error(`File ${fileName} does not exist`);
[CI/Fast gate                 ]   |   48 |   }
[CI/Fast gate                 ]   |
[CI/Fast gate                 ]   | Static analysis determined that this filesystem access causes the whole project to be traced and included in the output.
[CI/Fast gate                 ]   | This is usually unintentional and leads to all source files (including the public folder) to be deployed as part of the server code.
[CI/Fast gate                 ]   | This can slow down deployments or lead to failures when size limits are exceeded.
[CI/Fast gate                 ]   | To resolve this, you can
[CI/Fast gate                 ]   | - make sure the path is statically scoped to some subfolder, for example path.join(process.cwd(), 'data', bar), or
[CI/Fast gate                 ]   | - only use them in development, or
[CI/Fast gate                 ]   | - opt out by adding an ignore comment to the highlighted call: fs.readdir(/*turbopackIgnore: true*/ ...), or
[CI/Fast gate                 ]   | - remove them.
[CI/Fast gate                 ]   |
[CI/Fast gate                 ]   | Import traces:
[CI/Fast gate                 ]   |   App Route:
[CI/Fast gate                 ]   |     ./packages/core/src/infrastructure/certificates/files/index.ts
[CI/Fast gate                 ]   |     ./packages/core/src/infrastructure/http/request.ts
[CI/Fast gate                 ]   |     ./packages/image-proxy/src/index.ts
[CI/Fast gate                 ]   |     ./apps/nextjs/src/app/api/image-proxy/[id]/route.ts
[CI/Fast gate                 ]   |
[CI/Fast gate                 ]   |   Server Component:
[CI/Fast gate                 ]   |     ./packages/core/src/infrastructure/certificates/files/index.ts
[CI/Fast gate                 ]   |     ./packages/core/src/infrastructure/http/request.ts
[CI/Fast gate                 ]   |     ./packages/auth/providers/oidc/oidc-provider.ts
[CI/Fast gate                 ]   |     ./packages/auth/configuration.ts
[CI/Fast gate                 ]   |     ./packages/auth/next.ts
[CI/Fast gate                 ]   |     ./apps/nextjs/src/app/[locale]/manage/search-engines/page.tsx
[CI/Fast gate                 ]   |
[CI/Fast gate                 ]   |   Instrumentation:
[CI/Fast gate                 ]   |     ./packages/core/src/infrastructure/certificates/files/index.ts
[CI/Fast gate                 ]   |     ./packages/core/src/infrastructure/http/request.ts
[CI/Fast gate                 ]   |     ./packages/core/src/infrastructure/http/index.ts
[CI/Fast gate                 ]   |     ./apps/tasks/src/overrides.ts
[CI/Fast gate                 ]   |     ./apps/tasks/src/main.ts
[CI/Fast gate                 ]   |     ./apps/nextjs/src/instrumentation-node.ts
[CI/Fast gate                 ]   |     ./apps/nextjs/src/instrumentation.ts
[CI/Fast gate                 ]   |
[CI/Fast gate                 ]   |
[CI/Fast gate                 ]   | ./packages/core/src/infrastructure/certificates/files/index.ts:28:36
[CI/Fast gate                 ]   | Warning: Dynamic filesystem access causes tracing of the whole project
[CI/Fast gate                 ]   |   26 |       .filter((file) => file.endsWith(".crt") || file.endsWith(".pem"))
[CI/Fast gate                 ]   |   27 |       .map(async (file) => ({
[CI/Fast gate                 ]   | > 28 |         content: await fs.readFile(path.join(folder, file), "utf8"),
[CI/Fast gate                 ]   |      |                                    ^^^^^^^^^^^^^^^^^^^^^^^
[CI/Fast gate                 ]   |   29 |         fileName: file,
[CI/Fast gate                 ]   |   30 |       })),
[CI/Fast gate                 ]   |   31 |   );
[CI/Fast gate                 ]   |
[CI/Fast gate                 ]   | Static analysis determined that this filesystem access causes the whole project to be traced and included in the output.
[CI/Fast gate                 ]   | This is usually unintentional and leads to all source files (including the public folder) to be deployed as part of the server code.
[CI/Fast gate                 ]   | This can slow down deployments or lead to failures when size limits are exceeded.
[CI/Fast gate                 ]   | To resolve this, you can
[CI/Fast gate                 ]   | - make sure the path is statically scoped to some subfolder, for example path.join(process.cwd(), 'data', bar), or
[CI/Fast gate                 ]   | - only use them in development, or
[CI/Fast gate                 ]   | - opt out by adding an ignore comment to the highlighted call: path.join(/*turbopackIgnore: true*/ ...), or
[CI/Fast gate                 ]   | - remove them.
[CI/Fast gate                 ]   |
[CI/Fast gate                 ]   | Import traces:
[CI/Fast gate                 ]   |   App Route:
[CI/Fast gate                 ]   |     ./packages/core/src/infrastructure/certificates/files/index.ts
[CI/Fast gate                 ]   |     ./packages/core/src/infrastructure/http/request.ts
[CI/Fast gate                 ]   |     ./packages/image-proxy/src/index.ts
[CI/Fast gate                 ]   |     ./apps/nextjs/src/app/api/image-proxy/[id]/route.ts
[CI/Fast gate                 ]   |
[CI/Fast gate                 ]   |   Server Component:
[CI/Fast gate                 ]   |     ./packages/core/src/infrastructure/certificates/files/index.ts
[CI/Fast gate                 ]   |     ./packages/core/src/infrastructure/http/request.ts
[CI/Fast gate                 ]   |     ./packages/auth/providers/oidc/oidc-provider.ts
[CI/Fast gate                 ]   |     ./packages/auth/configuration.ts
[CI/Fast gate                 ]   |     ./packages/auth/next.ts
[CI/Fast gate                 ]   |     ./apps/nextjs/src/app/[locale]/manage/search-engines/page.tsx
[CI/Fast gate                 ]   |
[CI/Fast gate                 ]   |   Instrumentation:
[CI/Fast gate                 ]   |     ./packages/core/src/infrastructure/certificates/files/index.ts
[CI/Fast gate                 ]   |     ./packages/core/src/infrastructure/http/request.ts
[CI/Fast gate                 ]   |     ./packages/core/src/infrastructure/http/index.ts
[CI/Fast gate                 ]   |     ./apps/tasks/src/overrides.ts
[CI/Fast gate                 ]   |     ./apps/tasks/src/main.ts
[CI/Fast gate                 ]   |     ./apps/nextjs/src/instrumentation-node.ts
[CI/Fast gate                 ]   |     ./apps/nextjs/src/instrumentation.ts
[CI/Fast gate                 ]   |
[CI/Fast gate                 ]   |
[CI/Fast gate                 ]   | ./packages/core/src/infrastructure/certificates/files/index.ts:50:20
[CI/Fast gate                 ]   | Warning: Dynamic filesystem access causes tracing of the whole project
[CI/Fast gate                 ]   |   48 |   }
[CI/Fast gate                 ]   |   49 |
[CI/Fast gate                 ]   | > 50 |   const fullPath = path.join(folder, fileName);
[CI/Fast gate                 ]   |      |                    ^^^^^^^^^^^^^^^^^^^^^^^^^^^
[CI/Fast gate                 ]   |   51 |   const content = await fs.readFile(fullPath, "utf8");
[CI/Fast gate                 ]   |   52 |
[CI/Fast gate                 ]   |   53 |   await fs.rm(fullPath);
[CI/Fast gate                 ]   |
[CI/Fast gate                 ]   | Static analysis determined that this filesystem access causes the whole project to be traced and included in the output.
[CI/Fast gate                 ]   | This is usually unintentional and leads to all source files (including the public folder) to be deployed as part of the server code.
[CI/Fast gate                 ]   | This can slow down deployments or lead to failures when size limits are exceeded.
[CI/Fast gate                 ]   | To resolve this, you can
[CI/Fast gate                 ]   | - make sure the path is statically scoped to some subfolder, for example path.join(process.cwd(), 'data', bar), or
[CI/Fast gate                 ]   | - only use them in development, or
[CI/Fast gate                 ]   | - opt out by adding an ignore comment to the highlighted call: path.join(/*turbopackIgnore: true*/ ...), or
[CI/Fast gate                 ]   | - remove them.
[CI/Fast gate                 ]   |
[CI/Fast gate                 ]   | Import traces:
[CI/Fast gate                 ]   |   App Route:
[CI/Fast gate                 ]   |     ./packages/core/src/infrastructure/certificates/files/index.ts
[CI/Fast gate                 ]   |     ./packages/core/src/infrastructure/http/request.ts
[CI/Fast gate                 ]   |     ./packages/image-proxy/src/index.ts
[CI/Fast gate                 ]   |     ./apps/nextjs/src/app/api/image-proxy/[id]/route.ts
[CI/Fast gate                 ]   |
[CI/Fast gate                 ]   |   Server Component:
[CI/Fast gate                 ]   |     ./packages/core/src/infrastructure/certificates/files/index.ts
[CI/Fast gate                 ]   |     ./packages/core/src/infrastructure/http/request.ts
[CI/Fast gate                 ]   |     ./packages/auth/providers/oidc/oidc-provider.ts
[CI/Fast gate                 ]   |     ./packages/auth/configuration.ts
[CI/Fast gate                 ]   |     ./packages/auth/next.ts
[CI/Fast gate                 ]   |     ./apps/nextjs/src/app/[locale]/manage/search-engines/page.tsx
[CI/Fast gate                 ]   |
[CI/Fast gate                 ]   |   Instrumentation:
[CI/Fast gate                 ]   |     ./packages/core/src/infrastructure/certificates/files/index.ts
[CI/Fast gate                 ]   |     ./packages/core/src/infrastructure/http/request.ts
[CI/Fast gate                 ]   |     ./packages/core/src/infrastructure/http/index.ts
[CI/Fast gate                 ]   |     ./apps/tasks/src/overrides.ts
[CI/Fast gate                 ]   |     ./apps/tasks/src/main.ts
[CI/Fast gate                 ]   |     ./apps/nextjs/src/instrumentation-node.ts
[CI/Fast gate                 ]   |     ./apps/nextjs/src/instrumentation.ts
[CI/Fast gate                 ]   |
[CI/Fast gate                 ]   |
[CI/Fast gate                 ]   | ./packages/core/src/infrastructure/certificates/files/index.ts:73:22
[CI/Fast gate                 ]   | Warning: Dynamic filesystem access causes tracing of the whole project
[CI/Fast gate                 ]   |   71 |   }
[CI/Fast gate                 ]   |   72 |
[CI/Fast gate                 ]   | > 73 |   await fs.writeFile(path.join(folder, fileName), content);
[CI/Fast gate                 ]   |      |                      ^^^^^^^^^^^^^^^^^^^^^^^^^^^
[CI/Fast gate                 ]   |   74 | };
[CI/Fast gate                 ]   |   75 |
[CI/Fast gate                 ]   |
[CI/Fast gate                 ]   | Static analysis determined that this filesystem access causes the whole project to be traced and included in the output.
[CI/Fast gate                 ]   | This is usually unintentional and leads to all source files (including the public folder) to be deployed as part of the server code.
[CI/Fast gate                 ]   | This can slow down deployments or lead to failures when size limits are exceeded.
[CI/Fast gate                 ]   | To resolve this, you can
[CI/Fast gate                 ]   | - make sure the path is statically scoped to some subfolder, for example path.join(process.cwd(), 'data', bar), or
[CI/Fast gate                 ]   | - only use them in development, or
[CI/Fast gate                 ]   | - opt out by adding an ignore comment to the highlighted call: path.join(/*turbopackIgnore: true*/ ...), or
[CI/Fast gate                 ]   | - remove them.
[CI/Fast gate                 ]   |
[CI/Fast gate                 ]   | Import traces:
[CI/Fast gate                 ]   |   App Route:
[CI/Fast gate                 ]   |     ./packages/core/src/infrastructure/certificates/files/index.ts
[CI/Fast gate                 ]   |     ./packages/core/src/infrastructure/http/request.ts
[CI/Fast gate                 ]   |     ./packages/image-proxy/src/index.ts
[CI/Fast gate                 ]   |     ./apps/nextjs/src/app/api/image-proxy/[id]/route.ts
[CI/Fast gate                 ]   |
[CI/Fast gate                 ]   |   Server Component:
[CI/Fast gate                 ]   |     ./packages/core/src/infrastructure/certificates/files/index.ts
[CI/Fast gate                 ]   |     ./packages/core/src/infrastructure/http/request.ts
[CI/Fast gate                 ]   |     ./packages/auth/providers/oidc/oidc-provider.ts
[CI/Fast gate                 ]   |     ./packages/auth/configuration.ts
[CI/Fast gate                 ]   |     ./packages/auth/next.ts
[CI/Fast gate                 ]   |     ./apps/nextjs/src/app/[locale]/manage/search-engines/page.tsx
[CI/Fast gate                 ]   |
[CI/Fast gate                 ]   |   Instrumentation:
[CI/Fast gate                 ]   |     ./packages/core/src/infrastructure/certificates/files/index.ts
[CI/Fast gate                 ]   |     ./packages/core/src/infrastructure/http/request.ts
[CI/Fast gate                 ]   |     ./packages/core/src/infrastructure/http/index.ts
[CI/Fast gate                 ]   |     ./apps/tasks/src/overrides.ts
[CI/Fast gate                 ]   |     ./apps/tasks/src/main.ts
[CI/Fast gate                 ]   |     ./apps/nextjs/src/instrumentation-node.ts
[CI/Fast gate                 ]   |     ./apps/nextjs/src/instrumentation.ts
[CI/Fast gate                 ]   |
[CI/Fast gate                 ]   |
[CI/Fast gate                 ]   |   Finalizing page optimization ...
[CI/Fast gate                 ]   |
[CI/Fast gate                 ]   | Route (app)
[CI/Fast gate                 ]   | ┌ ○ /_not-found
[CI/Fast gate                 ]   | ├ ƒ /[locale]
[CI/Fast gate                 ]   | ├ ƒ /[locale]/auth/invite/[id]
[CI/Fast gate                 ]   | ├ ƒ /[locale]/auth/login
[CI/Fast gate                 ]   | ├ ƒ /[locale]/boards
[CI/Fast gate                 ]   | ├ ƒ /[locale]/boards/[name]
[CI/Fast gate                 ]   | ├ ƒ /[locale]/boards/[name]/settings
[CI/Fast gate                 ]   | ├ ƒ /[locale]/custom-widget-configuration/[token]
[CI/Fast gate                 ]   | ├ ƒ /[locale]/init
[CI/Fast gate                 ]   | ├ ƒ /[locale]/manage
[CI/Fast gate                 ]   | ├ ƒ /[locale]/manage/[...not-found]
[CI/Fast gate                 ]   | ├ ƒ /[locale]/manage/about
[CI/Fast gate                 ]   | ├ ƒ /[locale]/manage/apps
[CI/Fast gate                 ]   | ├ ƒ /[locale]/manage/apps/edit/[id]
[CI/Fast gate                 ]   | ├ ƒ /[locale]/manage/apps/new
[CI/Fast gate                 ]   | ├ ƒ /[locale]/manage/assistant
[CI/Fast gate                 ]   | ├ ƒ /[locale]/manage/boards
[CI/Fast gate                 ]   | ├ ƒ /[locale]/manage/custom-widgets
[CI/Fast gate                 ]   | ├ ƒ /[locale]/manage/custom-widgets/edit/[id]
[CI/Fast gate                 ]   | ├ ƒ /[locale]/manage/custom-widgets/new
[CI/Fast gate                 ]   | ├ ƒ /[locale]/manage/custom-widgets/preview/[id]
[CI/Fast gate                 ]   | ├ ƒ /[locale]/manage/custom-widgets/publish/[id]
[CI/Fast gate                 ]   | ├ ƒ /[locale]/manage/custom-widgets/workshop
[CI/Fast gate                 ]   | ├ ƒ /[locale]/manage/custom-widgets/workshop/[id]
[CI/Fast gate                 ]   | ├ ƒ /[locale]/manage/integrations
[CI/Fast gate                 ]   | ├ ƒ /[locale]/manage/integrations/edit/[id]
[CI/Fast gate                 ]   | ├ ƒ /[locale]/manage/integrations/new
[CI/Fast gate                 ]   | ├ ƒ /[locale]/manage/medias
[CI/Fast gate                 ]   | ├ ƒ /[locale]/manage/search-engines
[CI/Fast gate                 ]   | ├ ƒ /[locale]/manage/search-engines/edit/[id]
[CI/Fast gate                 ]   | ├ ƒ /[locale]/manage/search-engines/new
[CI/Fast gate                 ]   | ├ ƒ /[locale]/manage/settings
[CI/Fast gate                 ]   | ├ ƒ /[locale]/manage/tools/api
[CI/Fast gate                 ]   | ├ ƒ /[locale]/manage/tools/backup
[CI/Fast gate                 ]   | ├ ƒ /[locale]/manage/tools/certificates
[CI/Fast gate                 ]   | ├ ƒ /[locale]/manage/tools/certificates/hostnames
[CI/Fast gate                 ]   | ├ ƒ /[locale]/manage/tools/docker
[CI/Fast gate                 ]   | ├ ƒ /[locale]/manage/tools/docker/logs/[containerId]
[CI/Fast gate                 ]   | ├ ƒ /[locale]/manage/tools/kubernetes
[CI/Fast gate                 ]   | ├ ƒ /[locale]/manage/tools/kubernetes/configmaps
[CI/Fast gate                 ]   | ├ ƒ /[locale]/manage/tools/kubernetes/ingresses
[CI/Fast gate                 ]   | ├ ƒ /[locale]/manage/tools/kubernetes/namespaces
[CI/Fast gate                 ]   | ├ ƒ /[locale]/manage/tools/kubernetes/nodes
[CI/Fast gate                 ]   | ├ ƒ /[locale]/manage/tools/kubernetes/pods
[CI/Fast gate                 ]   | ├ ƒ /[locale]/manage/tools/kubernetes/secrets
[CI/Fast gate                 ]   | ├ ƒ /[locale]/manage/tools/kubernetes/services
[CI/Fast gate                 ]   | ├ ƒ /[locale]/manage/tools/kubernetes/volumes
[CI/Fast gate                 ]   | ├ ƒ /[locale]/manage/tools/logs
[CI/Fast gate                 ]   | ├ ƒ /[locale]/manage/tools/tasks
[CI/Fast gate                 ]   | ├ ƒ /[locale]/manage/users
[CI/Fast gate                 ]   | ├ ƒ /[locale]/manage/users/[userId]/general
[CI/Fast gate                 ]   | ├ ƒ /[locale]/manage/users/[userId]/security
[CI/Fast gate                 ]   | ├ ƒ /[locale]/manage/users/create
[CI/Fast gate                 ]   | ├ ƒ /[locale]/manage/users/groups
[CI/Fast gate                 ]   | ├ ƒ /[locale]/manage/users/groups/[id]
[CI/Fast gate                 ]   | ├ ƒ /[locale]/manage/users/groups/[id]/members
[CI/Fast gate                 ]   | ├ ƒ /[locale]/manage/users/groups/[id]/permissions
[CI/Fast gate                 ]   | ├ ƒ /[locale]/manage/users/groups/[id]/settings
[CI/Fast gate                 ]   | ├ ƒ /[locale]/manage/users/invites
[CI/Fast gate                 ]   | ├ ƒ /[locale]/manage/workshop
[CI/Fast gate                 ]   | ├ ƒ /[locale]/reference/api
[CI/Fast gate                 ]   | ├ ƒ /[locale]/widgets/[kind]
[CI/Fast gate                 ]   | ├ ƒ /api/[...trpc]
[CI/Fast gate                 ]   | ├ ○ /api/about/contributors/crowdin
[CI/Fast gate                 ]   | ├ ○ /api/about/contributors/github
[CI/Fast gate                 ]   | ├ ○ /api/about/contributors/opencollective
[CI/Fast gate                 ]   | ├ ○ /api/about/dependencies
[CI/Fast gate                 ]   | ├ ƒ /api/assistant/chat
[CI/Fast gate                 ]   | ├ ƒ /api/auth/[...nextauth]
[CI/Fast gate                 ]   | ├ ƒ /api/backup/export
[CI/Fast gate                 ]   | ├ ƒ /api/backup/import
[CI/Fast gate                 ]   | ├ ƒ /api/backup/migrations
[CI/Fast gate                 ]   | ├ ƒ /api/backup/sql-wasm
[CI/Fast gate                 ]   | ├ ƒ /api/custom-widgets/[resource]
[CI/Fast gate                 ]   | ├ ƒ /api/custom-widgets/configuration-request/[token]
[CI/Fast gate                 ]   | ├ ƒ /api/health/live
[CI/Fast gate                 ]   | ├ ƒ /api/health/ready
[CI/Fast gate                 ]   | ├ ƒ /api/image-proxy/[id]
[CI/Fast gate                 ]   | ├ ƒ /api/mcp
[CI/Fast gate                 ]   | ├ ƒ /api/mcp/[transport]
[CI/Fast gate                 ]   | ├ ƒ /api/mcp/oauth/authorize
[CI/Fast gate                 ]   | ├ ƒ /api/mcp/oauth/register
[CI/Fast gate                 ]   | ├ ƒ /api/mcp/oauth/token
[CI/Fast gate                 ]   | ├ ƒ /api/onboarding/claim
[CI/Fast gate                 ]   | ├ ƒ /api/openapi
[CI/Fast gate                 ]   | ├ ƒ /api/trpc/[trpc]
[CI/Fast gate                 ]   | ├ ƒ /api/user-medias/[id]
[CI/Fast gate                 ]   | ├ ƒ /manifest.webmanifest
[CI/Fast gate                 ]   | └ ƒ /well-known/[...path]
[CI/Fast gate                 ]   |
[CI/Fast gate                 ]   |
[CI/Fast gate                 ]   | ƒ Proxy (Middleware)
[CI/Fast gate                 ]   |
[CI/Fast gate                 ]   | ○  (Static)   prerendered as static content
[CI/Fast gate                 ]   | ƒ  (Dynamic)  server-rendered on demand
[CI/Fast gate                 ]   |
[CI/Fast gate                 ]   ❓  ::endgroup::
[CI/Fast gate                 ]   |
[CI/Fast gate                 ]   |  Tasks:    2 successful, 2 total
[CI/Fast gate                 ]   | Cached:    2 cached, 2 total
[CI/Fast gate                 ]   |   Time:    174ms >>> FULL TURBO
[CI/Fast gate                 ]   |
[CI/Fast gate                 ]   | $ bun ./scripts/check-custom-widget-bundle.mjs
[CI/Fast gate                 ]   | Custom JSX bundle check passed: 3 routes, largest payload 383620 gzip bytes (1851956 raw across 11 chunks).
[CI/Fast gate                 ]   ✅  Success - Main Validate Custom Widget bundle budget [479.842754ms]
[CI/Fast gate                 ] ⭐ Run Post Setup
[CI/Fast gate                 ] ⭐ Run Post oven-sh/setup-bun@v2
[CI/Fast gate                 ]   🐳  docker exec cmd=[/opt/acttoolcache/node/24.19.0/x64/bin/node /var/run/act/actions/oven-sh-setup-bun@v2/dist/cache-save/index.js] user= workdir=
[CI/Fast gate                 ]   ✅  Success - Post oven-sh/setup-bun@v2 [205.33311ms]
[CI/Fast gate                 ]   ✅  Success - Post Setup [274.949189ms]
[CI/Fast gate                 ] ⭐ Run Complete job
[CI/Fast gate                 ] Cleaning up container for job Fast gate
[CI/Fast gate                 ]   ✅  Success - Complete job
[CI/Fast gate                 ] 🏁  Job succeeded
[CI/Container and migration smoke       ] ⭐ Run Set up job
[CI/Container and migration smoke       ] 🚀  Start image=catthehacker/ubuntu:act-latest
[CI/Container and migration smoke       ]   🐳  docker pull image=catthehacker/ubuntu:act-latest platform=linux/amd64 username= forcePull=true
[CI/Container and migration smoke       ]   🐳  docker create image=catthehacker/ubuntu:act-latest platform=linux/amd64 entrypoint=["tail" "-f" "/dev/null"] cmd=[] network="host"
[CI/Container and migration smoke       ]   🐳  docker run image=catthehacker/ubuntu:act-latest platform=linux/amd64 entrypoint=["tail" "-f" "/dev/null"] cmd=[] network="host"
[CI/Container and migration smoke       ]   🐳  docker exec cmd=[node --no-warnings -e console.log(process.execPath)] user= workdir=
[CI/Container and migration smoke       ]   ✅  Success - Set up job
[CI/Container and migration smoke       ]   ☁  git clone 'https://github.com/actions/checkout' # ref=v7
[CI/Container and migration smoke       ]   ☁  git clone 'https://github.com/docker/setup-buildx-action' # ref=v4
[CI/Container and migration smoke       ]   ☁  git clone 'https://github.com/docker/build-push-action' # ref=v7
[CI/Container and migration smoke       ]   ☁  git clone 'https://github.com/actions/cache' # ref=v6
[CI/Container and migration smoke       ]   ☁  git clone 'https://github.com/actions/upload-artifact' # ref=v7
[CI/Container and migration smoke       ] ⭐ Run Main Setup
[CI/Container and migration smoke       ]   ☁  git clone 'https://github.com/oven-sh/setup-bun' # ref=v2
[CI/Container and migration smoke       ] ⭐ Run Main oven-sh/setup-bun@v2
[CI/Container and migration smoke       ]   🐳  docker cp src=/home/habs/.cache/act/oven-sh-setup-bun@v2/ dst=/var/run/act/actions/oven-sh-setup-bun@v2/
[CI/Container and migration smoke       ]   🐳  docker exec cmd=[/opt/acttoolcache/node/24.19.0/x64/bin/node /var/run/act/actions/oven-sh-setup-bun@v2/dist/setup/index.js] user= workdir=
[CI/Container and migration smoke       ]   ⚙  ***
[CI/Container and migration smoke       ]   | Cache Size: ~34 MB (35866725 B)
[CI/Container and migration smoke       ]   | [command]/usr/bin/tar -xf /tmp/ead2c0d1-0e89-41d5-a7ff-15b79982c339/cache.tzst -P -C /home/habs/.codex/worktrees/84a3/homarr --use-compress-program unzstd
[CI/Container and migration smoke       ]   | Cache restored successfully
[CI/Container and migration smoke       ]   | [command]/root/.bun/bin/bun --revision
[CI/Container and migration smoke       ]   | 1.4.2+744846f84
[CI/Container and migration smoke       ]   | Using a cached version of Bun: 1.4.2+744846f84
[CI/Container and migration smoke       ]   ✅  Success - Main oven-sh/setup-bun@v2 [1.144995567s]
[CI/Container and migration smoke       ]   ⚙  ::set-output:: bun-download-url=https://github.com/oven-sh/bun/releases/download/bun-v1.4.2/bun-linux-x64.zip
[CI/Container and migration smoke       ]   ⚙  ::set-output:: cache-hit=true
[CI/Container and migration smoke       ]   ⚙  ::set-output:: bun-version=1.4.2
[CI/Container and migration smoke       ]   ⚙  ::set-output:: bun-revision=1.4.2+744846f84
[CI/Container and migration smoke       ]   ⚙  ::set-output:: bun-path=/root/.bun/bin/bun
[CI/Container and migration smoke       ]   ⚙  ::add-path:: /root/.bun/bin
[CI/Container and migration smoke       ]   ☁  git clone 'https://github.com/actions/cache' # ref=v5
[CI/Container and migration smoke       ]   🐳  docker exec cmd=[/opt/acttoolcache/node/24.19.0/x64/bin/node /var/run/act/workflow/hashfiles/index.js] user= workdir=
[CI/Container and migration smoke       ] ⭐ Run Main bun install --frozen-lockfile
[CI/Container and migration smoke       ]   🐳  docker exec cmd=[bash --noprofile --norc -e -o pipefail /var/run/act/workflow/1-composite-2.sh] user= workdir=
[CI/Container and migration smoke       ]   | [0.04ms] ".env"
[CI/Container and migration smoke       ]   | bun install v1.4.2 (744846f84)
[CI/Container and migration smoke       ]   | Resolving dependencies
[CI/Container and migration smoke       ]   | Resolved, downloaded and extracted [3]
[CI/Container and migration smoke       ]   |
[CI/Container and migration smoke       ]   | Checked 2246 installs across 2222 packages (no changes) [147.00ms]
[CI/Container and migration smoke       ]   ✅  Success - Main bun install --frozen-lockfile [244.021391ms]
[CI/Container and migration smoke       ]   ✅  Success - Main Setup [2.807172322s]
[CI/Container and migration smoke       ] ⭐ Run Main Build container once with Act
[CI/Container and migration smoke       ]   🐳  docker exec cmd=[bash -e /var/run/act/workflow/5] user= workdir=
[CI/Container and migration smoke       ]   | #0 building with "default" instance using docker driver
[CI/Container and migration smoke       ]   |
[CI/Container and migration smoke       ]   | #1 [internal] load build definition from Dockerfile
[CI/Container and migration smoke       ]   | #1 transferring dockerfile: 2.56kB done
[CI/Container and migration smoke       ]   | #1 DONE 0.1s
[CI/Container and migration smoke       ]   |
[CI/Container and migration smoke       ]   | #2 resolve image config for docker-image://docker.io/docker/dockerfile:1.25
[CI/Container and migration smoke       ]   | #2 DONE 0.8s
[CI/Container and migration smoke       ]   |
[CI/Container and migration smoke       ]   | #3 docker-image://docker.io/docker/dockerfile:1.25@sha256:0adf442eae370b6087e08edc7c50b552d80ddf261576f4ebd6421006b2461f12
[CI/Container and migration smoke       ]   | #3 CACHED
[CI/Container and migration smoke       ]   |
[CI/Container and migration smoke       ]   | #4 [internal] load metadata for docker.io/oven/bun:1.4.2-alpine
[CI/Container and migration smoke       ]   | #4 DONE 0.7s
[CI/Container and migration smoke       ]   |
[CI/Container and migration smoke       ]   | #5 [internal] load .dockerignore
[CI/Container and migration smoke       ]   | #5 transferring context: 389B done
[CI/Container and migration smoke       ]   | #5 DONE 0.1s
[CI/Container and migration smoke       ]   |
[CI/Container and migration smoke       ]   | #6 [base 1/1] FROM docker.io/oven/bun:1.4.2-alpine@sha256:d888c0ae6c86d7866ff10c5aafdd9077b36aee6455b33dd270fb93c0dd5cef6f
[CI/Container and migration smoke       ]   | #6 DONE 0.0s
[CI/Container and migration smoke       ]   |
[CI/Container and migration smoke       ]   | #7 [internal] load build context
[CI/Container and migration smoke       ]   | #7 transferring context: 38.47MB 0.5s done
[CI/Container and migration smoke       ]   | #7 DONE 0.6s
[CI/Container and migration smoke       ]   |
[CI/Container and migration smoke       ]   | #8 [builder 1/9] WORKDIR /app
[CI/Container and migration smoke       ]   | #8 CACHED
[CI/Container and migration smoke       ]   |
[CI/Container and migration smoke       ]   | #9 [builder 2/9] RUN apk add --no-cache libstdc++ python3 make g++
[CI/Container and migration smoke       ]   | #9 CACHED
[CI/Container and migration smoke       ]   |
[CI/Container and migration smoke       ]   | #10 [builder 3/9] COPY bun.lock bunfig.toml package.json ./
[CI/Container and migration smoke       ]   | #10 DONE 0.5s
[CI/Container and migration smoke       ]   |
[CI/Container and migration smoke       ]   | #11 [builder 4/9] COPY patches ./patches
[CI/Container and migration smoke       ]   | #11 DONE 0.2s
[CI/Container and migration smoke       ]   |
[CI/Container and migration smoke       ]   | #12 [builder 5/9] COPY --parents ./apps/*/package.json ./packages/*/package.json ./tooling/*/package.json ./
[CI/Container and migration smoke       ]   | #12 DONE 0.4s
[CI/Container and migration smoke       ]   |
[CI/Container and migration smoke       ]   | #13 [builder 6/9] COPY --parents ./packages/definitions/src ./
[CI/Container and migration smoke       ]   | #13 DONE 0.2s
[CI/Container and migration smoke       ]   |
[CI/Container and migration smoke       ]   | #14 [builder 7/9] RUN --mount=type=cache,id=homarr-bun-cache,target=/root/.bun/install/cache,sharing=locked     bun install --frozen-lockfile --concurrent-scripts=1
[CI/Container and migration smoke       ]   | #14 0.358 bun install v1.4.2 (744846f84)
[CI/Container and migration smoke       ]   | #14 0.408 Resolving dependencies
[CI/Container and migration smoke       ]   | #14 0.409 Resolved, downloaded and extracted [3]
[CI/Container and migration smoke       ]   | #14 29.62
[CI/Container and migration smoke       ]   | #14 29.62 + @babel/parser@7.29.7
[CI/Container and migration smoke       ]   | #14 29.62 + @playwright/test@1.61.1
[CI/Container and migration smoke       ]   | #14 29.62 + @semantic-release/changelog@7.0.0
[CI/Container and migration smoke       ]   | #14 29.62 + @semantic-release/commit-analyzer@13.0.1
[CI/Container and migration smoke       ]   | #14 29.62 + @semantic-release/git@11.0.1
[CI/Container and migration smoke       ]   | #14 29.62 + @semantic-release/github@12.0.9
[CI/Container and migration smoke       ]   | #14 29.62 + @semantic-release/release-notes-generator@14.1.1
[CI/Container and migration smoke       ]   | #14 29.62 + @testcontainers/redis@12.0.4
[CI/Container and migration smoke       ]   | #14 29.62 + @turbo/gen@2.11.7
[CI/Container and migration smoke       ]   | #14 29.62 + @vitejs/plugin-react@6.0.3
[CI/Container and migration smoke       ]   | #14 29.62 + @vitest/coverage-istanbul@4.1.10
[CI/Container and migration smoke       ]   | #14 29.62 + @vitest/ui@4.1.10
[CI/Container and migration smoke       ]   | #14 29.62 + bun-types@1.4.2
[CI/Container and migration smoke       ]   | #14 29.62 + conventional-changelog-conventionalcommits@10.2.0
[CI/Container and migration smoke       ]   | #14 29.62 + cross-env@10.1.0
[CI/Container and migration smoke       ]   | #14 29.62 + jsdom@29.1.1
[CI/Container and migration smoke       ]   | #14 29.62 + json5@2.2.3
[CI/Container and migration smoke       ]   | #14 29.62 + oxfmt@0.58.0
[CI/Container and migration smoke       ]   | #14 29.62 + oxlint@1.73.0
[CI/Container and migration smoke       ]   | #14 29.62 + semantic-release@25.0.5
[CI/Container and migration smoke       ]   | #14 29.62 + testcontainers@12.0.4
[CI/Container and migration smoke       ]   | #14 29.62 + turbo@2.11.7
[CI/Container and migration smoke       ]   | #14 29.62 + typescript@7.0.2
[CI/Container and migration smoke       ]   | #14 29.62 + vite@8.1.4
[CI/Container and migration smoke       ]   | #14 29.62 + vite-tsconfig-paths@6.1.1
[CI/Container and migration smoke       ]   | #14 29.62 + vitest@4.1.10
[CI/Container and migration smoke       ]   | #14 29.62 + jsonpath-plus@10.4.0
[CI/Container and migration smoke       ]   | #14 29.62
[CI/Container and migration smoke       ]   | #14 29.62 1985 packages installed [29.26s]
[CI/Container and migration smoke       ]   | #14 DONE 39.7s
[CI/Container and migration smoke       ]   |
[CI/Container and migration smoke       ]   | #15 [builder 8/9] COPY . .
[CI/Container and migration smoke       ]   | #15 DONE 1.9s
[CI/Container and migration smoke       ]   |
[CI/Container and migration smoke       ]   | #16 [builder 9/9] RUN --mount=type=secret,id=TURBO_API,env=TURBO_API     --mount=type=secret,id=TURBO_TEAM,env=TURBO_TEAM     --mount=type=secret,id=TURBO_TOKEN,env=TURBO_TOKEN     --mount=type=secret,id=TURBO_REMOTE_CACHE_SIGNATURE_KEY,env=TURBO_REMOTE_CACHE_SIGNATURE_KEY     --mount=type=cache,id=homarr-next-build-linux/amd64,target=/app/apps/nextjs/.next/cache,sharing=locked     TURBO_PLATFORM="linux/amd64"     bun run turbo build --filter=@homarr/nextjs... --filter=@homarr/cli
[CI/Container and migration smoke       ]   | #16 0.452
[CI/Container and migration smoke       ]   | #16 0.452 Attention:
[CI/Container and migration smoke       ]   | #16 0.452 Turborepo now collects completely anonymous telemetry regarding usage.
[CI/Container and migration smoke       ]   | #16 0.452 This information is used to shape the Turborepo roadmap and prioritize features.
[CI/Container and migration smoke       ]   | #16 0.452 You can learn more, including how to opt-out if you'd not like to participate in this anonymous program, by visiting the following URL:
[CI/Container and migration smoke       ]   | #16 0.452 https://turborepo.dev/docs/telemetry
[CI/Container and migration smoke       ]   | #16 0.452
[CI/Container and migration smoke       ]   | #16 0.509
[CI/Container and migration smoke       ]   | #16 0.509    • Packages in scope: @homarr/analytics, @homarr/api, @homarr/auth, @homarr/boards, @homarr/cli, @homarr/common, @homarr/core, @homarr/cron-job-status, @homarr/cron-jobs, @homarr/cron-jobs-core, @homarr/custom-widgets, @homarr/db, @homarr/definitions, @homarr/docker, @homarr/form, @homarr/forms-collection, @homarr/icons, @homarr/image-proxy, @homarr/integrations, @homarr/modals, @homarr/modals-collection, @homarr/nextjs, @homarr/notifications, @homarr/onboarding, @homarr/ping, @homarr/redis, @homarr/request-handler, @homarr/server-settings, @homarr/settings, @homarr/spotlight, @homarr/tasks, @homarr/translation, @homarr/tsconfig, @homarr/ui, @homarr/validation, @homarr/websocket, @homarr/widgets, @homarr/workshop
[CI/Container and migration smoke       ]   | #16 0.509    • Running build in 38 packages
[CI/Container and migration smoke       ]   | #16 0.509    • Remote caching disabled
[CI/Container and migration smoke       ]   | #16 0.509
[CI/Container and migration smoke       ]   | #16 3.067 @homarr/db:build: cache miss, executing 03e72e3b4c494dd6
[CI/Container and migration smoke       ]   | #16 3.067 @homarr/cli:build: cache miss, executing 7e8cb588a1185674
[CI/Container and migration smoke       ]   | #16 3.129 @homarr/db:build: $ bun run build:sqlite && bun run build:postgresql
[CI/Container and migration smoke       ]   | #16 3.129 @homarr/db:build: $ bun build migrations/sqlite/migrate.ts --target=bun --format=cjs --outfile=migrations/sqlite/migrate.cjs
[CI/Container and migration smoke       ]   | #16 3.138 @homarr/cli:build: $ bun build src/index.ts --target=bun --format=cjs --outfile=cli.cjs --external=bcrypt --external=cpu-features
[CI/Container and migration smoke       ]   | #16 3.217 @homarr/db:build: Bundled 1349 modules in 102ms
[CI/Container and migration smoke       ]   | #16 3.217 @homarr/db:build:
[CI/Container and migration smoke       ]   | #16 3.220 @homarr/cli:build: Bundled 1795 modules in 114ms
[CI/Container and migration smoke       ]   | #16 3.220 @homarr/cli:build:
[CI/Container and migration smoke       ]   | #16 3.234 @homarr/cli:build:   cli.cjs  2.1 MB  (entry point)
[CI/Container and migration smoke       ]   | #16 3.234 @homarr/cli:build:
[CI/Container and migration smoke       ]   | #16 3.269 @homarr/db:build:   migrate.cjs  2.91 MB  (entry point)
[CI/Container and migration smoke       ]   | #16 3.269 @homarr/db:build:
[CI/Container and migration smoke       ]   | #16 3.273 @homarr/db:build: $ bun build migrations/postgresql/migrate.ts --target=bun --format=cjs --outfile=migrations/postgresql/migrate.cjs
[CI/Container and migration smoke       ]   | #16 3.357 @homarr/db:build: Bundled 1349 modules in 82ms
[CI/Container and migration smoke       ]   | #16 3.357 @homarr/db:build:
[CI/Container and migration smoke       ]   | #16 3.375 @homarr/db:build:   migrate.cjs  2.91 MB  (entry point)
[CI/Container and migration smoke       ]   | #16 3.375 @homarr/db:build:
[CI/Container and migration smoke       ]   | #16 3.384 @homarr/nextjs:build: cache miss, executing 24c8e4cbffecd1e1
[CI/Container and migration smoke       ]   | #16 3.400 @homarr/nextjs:build: $ HOMARR_VERSION=$(bun -p "require('../../package.json').version") bun run with-env bun --bun next build
[CI/Container and migration smoke       ]   | #16 3.404 @homarr/nextjs:build: $ bun --bun dotenv -e ../../.env -- bun --bun next build
[CI/Container and migration smoke       ]   | #16 3.916 @homarr/nextjs:build: ▲ Next.js 16.3.6 (Turbopack)
[CI/Container and migration smoke       ]   | #16 4.311 @homarr/nextjs:build: ✓ Running next.config.ts took 395ms
[CI/Container and migration smoke       ]   | #16 4.323 @homarr/nextjs:build: - Experiments (use with caution):
[CI/Container and migration smoke       ]   | #16 4.323 @homarr/nextjs:build:   · optimizePackageImports
[CI/Container and migration smoke       ]   | #16 4.323 @homarr/nextjs:build:
[CI/Container and migration smoke       ]   | #16 4.368 @homarr/nextjs:build:   Creating an optimized production build ...
[CI/Container and migration smoke       ]   | #16 7.879 @homarr/nextjs:build: ✓ Compiled successfully in 2.5s
[CI/Container and migration smoke       ]   | #16 7.880 @homarr/nextjs:build:   Skipping validation of types
[CI/Container and migration smoke       ]   | #16 7.885 @homarr/nextjs:build:   Finished TypeScript config validation in 5ms ...
[CI/Container and migration smoke       ]   | #16 7.899 @homarr/nextjs:build:   Collecting page data using 19 workers ...
[CI/Container and migration smoke       ]   | #16 14.30 @homarr/nextjs:build:   Generating static pages using 19 workers (0/19) ...
[CI/Container and migration smoke       ]   | #16 15.40 @homarr/nextjs:build:   Generating static pages using 19 workers (4/19)
[CI/Container and migration smoke       ]   | #16 15.48 @homarr/nextjs:build:   Generating static pages using 19 workers (9/19)
[CI/Container and migration smoke       ]   | #16 15.49 @homarr/nextjs:build:   Generating static pages using 19 workers (14/19)
[CI/Container and migration smoke       ]   | #16 15.58 @homarr/nextjs:build: ✓ Generating static pages using 19 workers (19/19) in 1280ms
[CI/Container and migration smoke       ]   | #16 15.59 @homarr/nextjs:build: Turbopack build encountered 10 warnings:
[CI/Container and migration smoke       ]   | #16 15.59 @homarr/nextjs:build: [externals]/node:crypto
[CI/Container and migration smoke       ]   | #16 15.59 @homarr/nextjs:build: Warning: unexpected export *
[CI/Container and migration smoke       ]   | #16 15.59 @homarr/nextjs:build: export * used with module [externals]/node:crypto [external] (node:crypto, cjs) which is a CommonJS module with exports only available at runtime
[CI/Container and migration smoke       ]   | #16 15.59 @homarr/nextjs:build: List all export names manually (`export { a, b, c } from "...") or rewrite the module to ESM, to avoid the additional runtime code.`
[CI/Container and migration smoke       ]   | #16 15.59 @homarr/nextjs:build:
[CI/Container and migration smoke       ]   | #16 15.59 @homarr/nextjs:build: Import trace:
[CI/Container and migration smoke       ]   | #16 15.59 @homarr/nextjs:build:   external:
[CI/Container and migration smoke       ]   | #16 15.59 @homarr/nextjs:build:     [externals]/node:crypto [external]
[CI/Container and migration smoke       ]   | #16 15.59 @homarr/nextjs:build:     ./apps/nextjs/src/app/api/assistant/chat/route.ts [App Route]
[CI/Container and migration smoke       ]   | #16 15.59 @homarr/nextjs:build:
[CI/Container and migration smoke       ]   | #16 15.59 @homarr/nextjs:build:
[CI/Container and migration smoke       ]   | #16 15.59 @homarr/nextjs:build: ./apps/nextjs/src/app/api/backup/import/route.ts:340:13
[CI/Container and migration smoke       ]   | #16 15.59 @homarr/nextjs:build: Warning: Dynamic filesystem access causes tracing of the whole project
[CI/Container and migration smoke       ]   | #16 15.59 @homarr/nextjs:build:   338 |       try {
[CI/Container and migration smoke       ]   | #16 15.59 @homarr/nextjs:build:   339 |         const sidecar = `${dbPath}${suffix}`;
[CI/Container and migration smoke       ]   | #16 15.59 @homarr/nextjs:build: > 340 |         if (fs.existsSync(sidecar)) fs.unlinkSync(sidecar);
[CI/Container and migration smoke       ]   | #16 15.59 @homarr/nextjs:build:       |             ^^^^^^^^^^^^^^^^^^^^^^
[CI/Container and migration smoke       ]   | #16 15.59 @homarr/nextjs:build:   341 |       } catch (cleanupErr) {
[CI/Container and migration smoke       ]   | #16 15.59 @homarr/nextjs:build:   342 |         logger.warn("Failed to remove SQLite sidecar file after restore", { suffix, dbPat...
[CI/Container and migration smoke       ]   | #16 15.59 @homarr/nextjs:build:   343 |       }
[CI/Container and migration smoke       ]   | #16 15.59 @homarr/nextjs:build:
[CI/Container and migration smoke       ]   | #16 15.59 @homarr/nextjs:build: Static analysis determined that this filesystem access causes the whole project to be traced and included in the output.
[CI/Container and migration smoke       ]   | #16 15.59 @homarr/nextjs:build: This is usually unintentional and leads to all source files (including the public folder) to be deployed as part of the server code.
[CI/Container and migration smoke       ]   | #16 15.59 @homarr/nextjs:build: This can slow down deployments or lead to failures when size limits are exceeded.
[CI/Container and migration smoke       ]   | #16 15.59 @homarr/nextjs:build: To resolve this, you can
[CI/Container and migration smoke       ]   | #16 15.59 @homarr/nextjs:build: - make sure the path is statically scoped to some subfolder, for example path.join(process.cwd(), 'data', bar), or
[CI/Container and migration smoke       ]   | #16 15.59 @homarr/nextjs:build: - only use them in development, or
[CI/Container and migration smoke       ]   | #16 15.59 @homarr/nextjs:build: - opt out by adding an ignore comment to the highlighted call: fs.existsSync(/*turbopackIgnore: true*/ ...), or
[CI/Container and migration smoke       ]   | #16 15.59 @homarr/nextjs:build: - remove them.
[CI/Container and migration smoke       ]   | #16 15.59 @homarr/nextjs:build:
[CI/Container and migration smoke       ]   | #16 15.59 @homarr/nextjs:build: Import trace:
[CI/Container and migration smoke       ]   | #16 15.59 @homarr/nextjs:build:   App Route:
[CI/Container and migration smoke       ]   | #16 15.59 @homarr/nextjs:build:     ./apps/nextjs/src/app/api/backup/import/route.ts
[CI/Container and migration smoke       ]   | #16 15.59 @homarr/nextjs:build:     ./apps/nextjs/src/app/api/backup/import/route.ts
[CI/Container and migration smoke       ]   | #16 15.59 @homarr/nextjs:build:
[CI/Container and migration smoke       ]   | #16 15.59 @homarr/nextjs:build:
[CI/Container and migration smoke       ]   | #16 15.59 @homarr/nextjs:build: ./packages/core/src/infrastructure/certificates/files/index.ts:19:8
[CI/Container and migration smoke       ]   | #16 15.59 @homarr/nextjs:build: Warning: Dynamic filesystem access causes tracing of the whole project
[CI/Container and migration smoke       ]   | #16 15.59 @homarr/nextjs:build:   17 |   }
[CI/Container and migration smoke       ]   | #16 15.59 @homarr/nextjs:build:   18 |
[CI/Container and migration smoke       ]   | #16 15.59 @homarr/nextjs:build: > 19 |   if (!fsSync.existsSync(folder)) {
[CI/Container and migration smoke       ]   | #16 15.59 @homarr/nextjs:build:      |        ^^^^^^^^^^^^^^^^^^^^^^^^^
[CI/Container and migration smoke       ]   | #16 15.59 @homarr/nextjs:build:   20 |     await fs.mkdir(folder, { recursive: true });
[CI/Container and migration smoke       ]   | #16 15.59 @homarr/nextjs:build:   21 |   }
[CI/Container and migration smoke       ]   | #16 15.59 @homarr/nextjs:build:   22 |
[CI/Container and migration smoke       ]   | #16 15.59 @homarr/nextjs:build:
[CI/Container and migration smoke       ]   | #16 15.59 @homarr/nextjs:build: Static analysis determined that this filesystem access causes the whole project to be traced and included in the output.
[CI/Container and migration smoke       ]   | #16 15.59 @homarr/nextjs:build: This is usually unintentional and leads to all source files (including the public folder) to be deployed as part of the server code.
[CI/Container and migration smoke       ]   | #16 15.59 @homarr/nextjs:build: This can slow down deployments or lead to failures when size limits are exceeded.
[CI/Container and migration smoke       ]   | #16 15.59 @homarr/nextjs:build: To resolve this, you can
[CI/Container and migration smoke       ]   | #16 15.59 @homarr/nextjs:build: - make sure the path is statically scoped to some subfolder, for example path.join(process.cwd(), 'data', bar), or
[CI/Container and migration smoke       ]   | #16 15.59 @homarr/nextjs:build: - only use them in development, or
[CI/Container and migration smoke       ]   | #16 15.59 @homarr/nextjs:build: - opt out by adding an ignore comment to the highlighted call: fs.existsSync(/*turbopackIgnore: true*/ ...), or
[CI/Container and migration smoke       ]   | #16 15.59 @homarr/nextjs:build: - remove them.
[CI/Container and migration smoke       ]   | #16 15.59 @homarr/nextjs:build:
[CI/Container and migration smoke       ]   | #16 15.59 @homarr/nextjs:build: Import traces:
[CI/Container and migration smoke       ]   | #16 15.59 @homarr/nextjs:build:   App Route:
[CI/Container and migration smoke       ]   | #16 15.59 @homarr/nextjs:build:     ./packages/core/src/infrastructure/certificates/files/index.ts
[CI/Container and migration smoke       ]   | #16 15.59 @homarr/nextjs:build:     ./packages/core/src/infrastructure/http/request.ts
[CI/Container and migration smoke       ]   | #16 15.59 @homarr/nextjs:build:     ./packages/image-proxy/src/index.ts
[CI/Container and migration smoke       ]   | #16 15.59 @homarr/nextjs:build:     ./apps/nextjs/src/app/api/image-proxy/[id]/route.ts
[CI/Container and migration smoke       ]   | #16 15.59 @homarr/nextjs:build:
[CI/Container and migration smoke       ]   | #16 15.59 @homarr/nextjs:build:   Server Component:
[CI/Container and migration smoke       ]   | #16 15.59 @homarr/nextjs:build:     ./packages/core/src/infrastructure/certificates/files/index.ts
[CI/Container and migration smoke       ]   | #16 15.59 @homarr/nextjs:build:     ./packages/core/src/infrastructure/http/request.ts
[CI/Container and migration smoke       ]   | #16 15.59 @homarr/nextjs:build:     ./packages/auth/providers/oidc/oidc-provider.ts
[CI/Container and migration smoke       ]   | #16 15.59 @homarr/nextjs:build:     ./packages/auth/configuration.ts
[CI/Container and migration smoke       ]   | #16 15.59 @homarr/nextjs:build:     ./packages/auth/next.ts
[CI/Container and migration smoke       ]   | #16 15.59 @homarr/nextjs:build:     ./apps/nextjs/src/app/[locale]/manage/search-engines/page.tsx
[CI/Container and migration smoke       ]   | #16 15.59 @homarr/nextjs:build:
[CI/Container and migration smoke       ]   | #16 15.59 @homarr/nextjs:build:   Instrumentation:
[CI/Container and migration smoke       ]   | #16 15.59 @homarr/nextjs:build:     ./packages/core/src/infrastructure/certificates/files/index.ts
[CI/Container and migration smoke       ]   | #16 15.59 @homarr/nextjs:build:     ./packages/core/src/infrastructure/http/request.ts
[CI/Container and migration smoke       ]   | #16 15.59 @homarr/nextjs:build:     ./packages/core/src/infrastructure/http/index.ts
[CI/Container and migration smoke       ]   | #16 15.59 @homarr/nextjs:build:     ./apps/tasks/src/overrides.ts
[CI/Container and migration smoke       ]   | #16 15.59 @homarr/nextjs:build:     ./apps/tasks/src/main.ts
[CI/Container and migration smoke       ]   | #16 15.59 @homarr/nextjs:build:     ./apps/nextjs/src/instrumentation-node.ts
[CI/Container and migration smoke       ]   | #16 15.59 @homarr/nextjs:build:     ./apps/nextjs/src/instrumentation.ts
[CI/Container and migration smoke       ]   | #16 15.59 @homarr/nextjs:build:
[CI/Container and migration smoke       ]   | #16 15.59 @homarr/nextjs:build:
[CI/Container and migration smoke       ]   | #16 15.59 @homarr/nextjs:build: ./packages/core/src/infrastructure/certificates/files/index.ts:28:24
[CI/Container and migration smoke       ]   | #16 15.59 @homarr/nextjs:build: Warning: Dynamic filesystem access causes tracing of the whole project
[CI/Container and migration smoke       ]   | #16 15.59 @homarr/nextjs:build:   26 |       .filter((file) => file.endsWith(".crt") || file.endsWith(".pem"))
[CI/Container and migration smoke       ]   | #16 15.59 @homarr/nextjs:build:   27 |       .map(async (file) => ({
[CI/Container and migration smoke       ]   | #16 15.59 @homarr/nextjs:build: > 28 |         content: await fs.readFile(path.join(folder, file), "utf8"),
[CI/Container and migration smoke       ]   | #16 15.59 @homarr/nextjs:build:      |                        ^^^^^^^^^^^^^^^^^^^^^^^^^^^^^^^^^^^^^^^^^^^^
[CI/Container and migration smoke       ]   | #16 15.59 @homarr/nextjs:build:   29 |         fileName: file,
[CI/Container and migration smoke       ]   | #16 15.59 @homarr/nextjs:build:   30 |       })),
[CI/Container and migration smoke       ]   | #16 15.59 @homarr/nextjs:build:   31 |   );
[CI/Container and migration smoke       ]   | #16 15.59 @homarr/nextjs:build:
[CI/Container and migration smoke       ]   | #16 15.59 @homarr/nextjs:build: Static analysis determined that this filesystem access causes the whole project to be traced and included in the output.
[CI/Container and migration smoke       ]   | #16 15.59 @homarr/nextjs:build: This is usually unintentional and leads to all source files (including the public folder) to be deployed as part of the server code.
[CI/Container and migration smoke       ]   | #16 15.59 @homarr/nextjs:build: This can slow down deployments or lead to failures when size limits are exceeded.
[CI/Container and migration smoke       ]   | #16 15.59 @homarr/nextjs:build: To resolve this, you can
[CI/Container and migration smoke       ]   | #16 15.59 @homarr/nextjs:build: - make sure the path is statically scoped to some subfolder, for example path.join(process.cwd(), 'data', bar), or
[CI/Container and migration smoke       ]   | #16 15.59 @homarr/nextjs:build: - only use them in development, or
[CI/Container and migration smoke       ]   | #16 15.59 @homarr/nextjs:build: - opt out by adding an ignore comment to the highlighted call: fs.readFile(/*turbopackIgnore: true*/ ...), or
[CI/Container and migration smoke       ]   | #16 15.59 @homarr/nextjs:build: - remove them.
[CI/Container and migration smoke       ]   | #16 15.59 @homarr/nextjs:build:
[CI/Container and migration smoke       ]   | #16 15.59 @homarr/nextjs:build: Import traces:
[CI/Container and migration smoke       ]   | #16 15.59 @homarr/nextjs:build:   App Route:
[CI/Container and migration smoke       ]   | #16 15.59 @homarr/nextjs:build:     ./packages/core/src/infrastructure/certificates/files/index.ts
[CI/Container and migration smoke       ]   | #16 15.59 @homarr/nextjs:build:     ./packages/core/src/infrastructure/http/request.ts
[CI/Container and migration smoke       ]   | #16 15.59 @homarr/nextjs:build:     ./packages/image-proxy/src/index.ts
[CI/Container and migration smoke       ]   | #16 15.59 @homarr/nextjs:build:     ./apps/nextjs/src/app/api/image-proxy/[id]/route.ts
[CI/Container and migration smoke       ]   | #16 15.59 @homarr/nextjs:build:
[CI/Container and migration smoke       ]   | #16 15.59 @homarr/nextjs:build:   Server Component:
[CI/Container and migration smoke       ]   | #16 15.59 @homarr/nextjs:build:     ./packages/core/src/infrastructure/certificates/files/index.ts
[CI/Container and migration smoke       ]   | #16 15.59 @homarr/nextjs:build:     ./packages/core/src/infrastructure/http/request.ts
[CI/Container and migration smoke       ]   | #16 15.59 @homarr/nextjs:build:     ./packages/auth/providers/oidc/oidc-provider.ts
[CI/Container and migration smoke       ]   | #16 15.59 @homarr/nextjs:build:     ./packages/auth/configuration.ts
[CI/Container and migration smoke       ]   | #16 15.59 @homarr/nextjs:build:     ./packages/auth/next.ts
[CI/Container and migration smoke       ]   | #16 15.59 @homarr/nextjs:build:     ./apps/nextjs/src/app/[locale]/manage/search-engines/page.tsx
[CI/Container and migration smoke       ]   | #16 15.59 @homarr/nextjs:build:
[CI/Container and migration smoke       ]   | #16 15.59 @homarr/nextjs:build:   Instrumentation:
[CI/Container and migration smoke       ]   | #16 15.59 @homarr/nextjs:build:     ./packages/core/src/infrastructure/certificates/files/index.ts
[CI/Container and migration smoke       ]   | #16 15.59 @homarr/nextjs:build:     ./packages/core/src/infrastructure/http/request.ts
[CI/Container and migration smoke       ]   | #16 15.59 @homarr/nextjs:build:     ./packages/core/src/infrastructure/http/index.ts
[CI/Container and migration smoke       ]   | #16 15.59 @homarr/nextjs:build:     ./apps/tasks/src/overrides.ts
[CI/Container and migration smoke       ]   | #16 15.59 @homarr/nextjs:build:     ./apps/tasks/src/main.ts
[CI/Container and migration smoke       ]   | #16 15.59 @homarr/nextjs:build:     ./apps/nextjs/src/instrumentation-node.ts
[CI/Container and migration smoke       ]   | #16 15.59 @homarr/nextjs:build:     ./apps/nextjs/src/instrumentation.ts
[CI/Container and migration smoke       ]   | #16 15.59 @homarr/nextjs:build:
[CI/Container and migration smoke       ]   | #16 15.59 @homarr/nextjs:build:
[CI/Container and migration smoke       ]   | #16 15.59 @homarr/nextjs:build: ./packages/core/src/infrastructure/certificates/files/index.ts:51:25
[CI/Container and migration smoke       ]   | #16 15.59 @homarr/nextjs:build: Warning: Dynamic filesystem access causes tracing of the whole project
[CI/Container and migration smoke       ]   | #16 15.59 @homarr/nextjs:build:   49 |
[CI/Container and migration smoke       ]   | #16 15.59 @homarr/nextjs:build:   50 |   const fullPath = path.join(folder, fileName);
[CI/Container and migration smoke       ]   | #16 15.59 @homarr/nextjs:build: > 51 |   const content = await fs.readFile(fullPath, "utf8");
[CI/Container and migration smoke       ]   | #16 15.59 @homarr/nextjs:build:      |                         ^^^^^^^^^^^^^^^^^^^^^^^^^^^^^
[CI/Container and migration smoke       ]   | #16 15.59 @homarr/nextjs:build:   52 |
[CI/Container and migration smoke       ]   | #16 15.59 @homarr/nextjs:build:   53 |   await fs.rm(fullPath);
[CI/Container and migration smoke       ]   | #16 15.59 @homarr/nextjs:build:   54 |   try {
[CI/Container and migration smoke       ]   | #16 15.59 @homarr/nextjs:build:
[CI/Container and migration smoke       ]   | #16 15.59 @homarr/nextjs:build: Static analysis determined that this filesystem access causes the whole project to be traced and included in the output.
[CI/Container and migration smoke       ]   | #16 15.59 @homarr/nextjs:build: This is usually unintentional and leads to all source files (including the public folder) to be deployed as part of the server code.
[CI/Container and migration smoke       ]   | #16 15.59 @homarr/nextjs:build: This can slow down deployments or lead to failures when size limits are exceeded.
[CI/Container and migration smoke       ]   | #16 15.59 @homarr/nextjs:build: To resolve this, you can
[CI/Container and migration smoke       ]   | #16 15.59 @homarr/nextjs:build: - make sure the path is statically scoped to some subfolder, for example path.join(process.cwd(), 'data', bar), or
[CI/Container and migration smoke       ]   | #16 15.59 @homarr/nextjs:build: - only use them in development, or
[CI/Container and migration smoke       ]   | #16 15.59 @homarr/nextjs:build: - opt out by adding an ignore comment to the highlighted call: fs.readFile(/*turbopackIgnore: true*/ ...), or
[CI/Container and migration smoke       ]   | #16 15.59 @homarr/nextjs:build: - remove them.
[CI/Container and migration smoke       ]   | #16 15.59 @homarr/nextjs:build:
[CI/Container and migration smoke       ]   | #16 15.59 @homarr/nextjs:build: Import traces:
[CI/Container and migration smoke       ]   | #16 15.59 @homarr/nextjs:build:   App Route:
[CI/Container and migration smoke       ]   | #16 15.59 @homarr/nextjs:build:     ./packages/core/src/infrastructure/certificates/files/index.ts
[CI/Container and migration smoke       ]   | #16 15.59 @homarr/nextjs:build:     ./packages/core/src/infrastructure/http/request.ts
[CI/Container and migration smoke       ]   | #16 15.59 @homarr/nextjs:build:     ./packages/image-proxy/src/index.ts
[CI/Container and migration smoke       ]   | #16 15.59 @homarr/nextjs:build:     ./apps/nextjs/src/app/api/image-proxy/[id]/route.ts
[CI/Container and migration smoke       ]   | #16 15.59 @homarr/nextjs:build:
[CI/Container and migration smoke       ]   | #16 15.59 @homarr/nextjs:build:   Server Component:
[CI/Container and migration smoke       ]   | #16 15.59 @homarr/nextjs:build:     ./packages/core/src/infrastructure/certificates/files/index.ts
[CI/Container and migration smoke       ]   | #16 15.59 @homarr/nextjs:build:     ./packages/core/src/infrastructure/http/request.ts
[CI/Container and migration smoke       ]   | #16 15.59 @homarr/nextjs:build:     ./packages/auth/providers/oidc/oidc-provider.ts
[CI/Container and migration smoke       ]   | #16 15.59 @homarr/nextjs:build:     ./packages/auth/configuration.ts
[CI/Container and migration smoke       ]   | #16 15.59 @homarr/nextjs:build:     ./packages/auth/next.ts
[CI/Container and migration smoke       ]   | #16 15.59 @homarr/nextjs:build:     ./apps/nextjs/src/app/[locale]/manage/search-engines/page.tsx
[CI/Container and migration smoke       ]   | #16 15.59 @homarr/nextjs:build:
[CI/Container and migration smoke       ]   | #16 15.59 @homarr/nextjs:build:   Instrumentation:
[CI/Container and migration smoke       ]   | #16 15.59 @homarr/nextjs:build:     ./packages/core/src/infrastructure/certificates/files/index.ts
[CI/Container and migration smoke       ]   | #16 15.59 @homarr/nextjs:build:     ./packages/core/src/infrastructure/http/request.ts
[CI/Container and migration smoke       ]   | #16 15.59 @homarr/nextjs:build:     ./packages/core/src/infrastructure/http/index.ts
[CI/Container and migration smoke       ]   | #16 15.59 @homarr/nextjs:build:     ./apps/tasks/src/overrides.ts
[CI/Container and migration smoke       ]   | #16 15.59 @homarr/nextjs:build:     ./apps/tasks/src/main.ts
[CI/Container and migration smoke       ]   | #16 15.59 @homarr/nextjs:build:     ./apps/nextjs/src/instrumentation-node.ts
[CI/Container and migration smoke       ]   | #16 15.59 @homarr/nextjs:build:     ./apps/nextjs/src/instrumentation.ts
[CI/Container and migration smoke       ]   | #16 15.59 @homarr/nextjs:build:
[CI/Container and migration smoke       ]   | #16 15.59 @homarr/nextjs:build:
[CI/Container and migration smoke       ]   | #16 15.59 @homarr/nextjs:build: ./packages/core/src/infrastructure/certificates/files/in  Finalizing page optimization ...
[CI/Container and migration smoke       ]   | #16 18.16 @homarr/nextjs:build:
[CI/Container and migration smoke       ]   | #16 18.16 @homarr/nextjs:build: Route (app)
[CI/Container and migration smoke       ]   | #16 18.16 @homarr/nextjs:build: ┌ ○ /_not-found
[CI/Container and migration smoke       ]   | #16 18.16 @homarr/nextjs:build: ├ ƒ /[locale]
[CI/Container and migration smoke       ]   | #16 18.16 @homarr/nextjs:build: ├ ƒ /[locale]/auth/invite/[id]
[CI/Container and migration smoke       ]   | #16 18.16 @homarr/nextjs:build: ├ ƒ /[locale]/auth/login
[CI/Container and migration smoke       ]   | #16 18.16 @homarr/nextjs:build: ├ ƒ /[locale]/boards
[CI/Container and migration smoke       ]   | #16 18.16 @homarr/nextjs:build: ├ ƒ /[locale]/boards/[name]
[CI/Container and migration smoke       ]   | #16 18.16 @homarr/nextjs:build: ├ ƒ /[locale]/boards/[name]/settings
[CI/Container and migration smoke       ]   | #16 18.16 @homarr/nextjs:build: ├ ƒ /[locale]/custom-widget-configuration/[token]
[CI/Container and migration smoke       ]   | #16 18.16 @homarr/nextjs:build: ├ ƒ /[locale]/init
[CI/Container and migration smoke       ]   | #16 18.16 @homarr/nextjs:build: ├ ƒ /[locale]/manage
[CI/Container and migration smoke       ]   | #16 18.16 @homarr/nextjs:build: ├ ƒ /[locale]/manage/[...not-found]
[CI/Container and migration smoke       ]   | #16 18.16 @homarr/nextjs:build: ├ ƒ /[locale]/manage/about
[CI/Container and migration smoke       ]   | #16 18.16 @homarr/nextjs:build: ├ ƒ /[locale]/manage/apps
[CI/Container and migration smoke       ]   | #16 18.16 @homarr/nextjs:build: ├ ƒ /[locale]/manage/apps/edit/[id]
[CI/Container and migration smoke       ]   | #16 18.16 @homarr/nextjs:build: ├ ƒ /[locale]/manage/apps/new
[CI/Container and migration smoke       ]   | #16 18.16 @homarr/nextjs:build: ├ ƒ /[locale]/manage/assistant
[CI/Container and migration smoke       ]   | #16 18.16 @homarr/nextjs:build: ├ ƒ /[locale]/manage/boards
[CI/Container and migration smoke       ]   | #16 18.16 @homarr/nextjs:build: ├ ƒ /[locale]/manage/custom-widgets
[CI/Container and migration smoke       ]   | #16 18.16 @homarr/nextjs:build: ├ ƒ /[locale]/manage/custom-widgets/edit/[id]
[CI/Container and migration smoke       ]   | #16 18.16 @homarr/nextjs:build: ├ ƒ /[locale]/manage/custom-widgets/new
[CI/Container and migration smoke       ]   | #16 18.16 @homarr/nextjs:build: ├ ƒ /[locale]/manage/custom-widgets/preview/[id]
[CI/Container and migration smoke       ]   | #16 18.16 @homarr/nextjs:build: ├ ƒ /[locale]/manage/custom-widgets/publish/[id]
[CI/Container and migration smoke       ]   | #16 18.16 @homarr/nextjs:build: ├ ƒ /[locale]/manage/custom-widgets/workshop
[CI/Container and migration smoke       ]   | #16 18.16 @homarr/nextjs:build: ├ ƒ /[locale]/manage/custom-widgets/workshop/[id]
[CI/Container and migration smoke       ]   | #16 18.16 @homarr/nextjs:build: ├ ƒ /[locale]/manage/integrations
[CI/Container and migration smoke       ]   | #16 18.16 @homarr/nextjs:build: ├ ƒ /[locale]/manage/integrations/edit/[id]
[CI/Container and migration smoke       ]   | #16 18.16 @homarr/nextjs:build: ├ ƒ /[locale]/manage/integrations/new
[CI/Container and migration smoke       ]   | #16 18.16 @homarr/nextjs:build: ├ ƒ /[locale]/manage/medias
[CI/Container and migration smoke       ]   | #16 18.16 @homarr/nextjs:build: ├ ƒ /[locale]/manage/search-engines
[CI/Container and migration smoke       ]   | #16 18.16 @homarr/nextjs:build: ├ ƒ /[locale]/manage/search-engines/edit/[id]
[CI/Container and migration smoke       ]   | #16 18.16 @homarr/nextjs:build: ├ ƒ /[locale]/manage/search-engines/new
[CI/Container and migration smoke       ]   | #16 18.16 @homarr/nextjs:build: ├ ƒ /[locale]/manage/settings
[CI/Container and migration smoke       ]   | #16 18.16 @homarr/nextjs:build: ├ ƒ /[locale]/manage/tools/api
[CI/Container and migration smoke       ]   | #16 18.16 @homarr/nextjs:build: ├ ƒ /[locale]/manage/tools/backup
[CI/Container and migration smoke       ]   | #16 18.16 @homarr/nextjs:build: ├ ƒ /[locale]/manage/tools/certificates
[CI/Container and migration smoke       ]   | #16 18.16 @homarr/nextjs:build: ├ ƒ /[locale]/manage/tools/certificates/hostnames
[CI/Container and migration smoke       ]   | #16 18.16 @homarr/nextjs:build: ├ ƒ /[locale]/manage/tools/docker
[CI/Container and migration smoke       ]   | #16 18.16 @homarr/nextjs:build: ├ ƒ /[locale]/manage/tools/docker/logs/[containerId]
[CI/Container and migration smoke       ]   | #16 18.16 @homarr/nextjs:build: ├ ƒ /[locale]/manage/tools/kubernetes
[CI/Container and migration smoke       ]   | #16 18.16 @homarr/nextjs:build: ├ ƒ /[locale]/manage/tools/kubernetes/configmaps
[CI/Container and migration smoke       ]   | #16 18.16 @homarr/nextjs:build: ├ ƒ /[locale]/manage/tools/kubernetes/ingresses
[CI/Container and migration smoke       ]   | #16 18.16 @homarr/nextjs:build: ├ ƒ /[locale]/manage/tools/kubernetes/namespaces
[CI/Container and migration smoke       ]   | #16 18.16 @homarr/nextjs:build: ├ ƒ /[locale]/manage/tools/kubernetes/nodes
[CI/Container and migration smoke       ]   | #16 18.16 @homarr/nextjs:build: ├ ƒ /[locale]/manage/tools/kubernetes/pods
[CI/Container and migration smoke       ]   | #16 18.16 @homarr/nextjs:build: ├ ƒ /[locale]/manage/tools/kubernetes/secrets
[CI/Container and migration smoke       ]   | #16 18.16 @homarr/nextjs:build: ├ ƒ /[locale]/manage/tools/kubernetes/services
[CI/Container and migration smoke       ]   | #16 18.16 @homarr/nextjs:build: ├ ƒ /[locale]/manage/tools/kubernetes/volumes
[CI/Container and migration smoke       ]   | #16 18.16 @homarr/nextjs:build: ├ ƒ /[locale]/manage/tools/logs
[CI/Container and migration smoke       ]   | #16 18.16 @homarr/nextjs:build: ├ ƒ /[locale]/manage/tools/tasks
[CI/Container and migration smoke       ]   | #16 18.16 @homarr/nextjs:build: ├ ƒ /[locale]/manage/users
[CI/Container and migration smoke       ]   | #16 18.16 @homarr/nextjs:build: ├ ƒ /[locale]/manage/users/[userId]/general
[CI/Container and migration smoke       ]   | #16 18.16 @homarr/nextjs:build: ├ ƒ /[locale]/manage/users/[userId]/security
[CI/Container and migration smoke       ]   | #16 18.16 @homarr/nextjs:build: ├ ƒ /[locale]/manage/users/create
[CI/Container and migration smoke       ]   | #16 18.16 @homarr/nextjs:build: ├ ƒ /[locale]/manage/users/groups
[CI/Container and migration smoke       ]   | #16 18.16 @homarr/nextjs:build: ├ ƒ /[locale]/manage/users/groups/[id]
[CI/Container and migration smoke       ]   | #16 18.16 @homarr/nextjs:build: ├ ƒ /[locale]/manage/users/groups/[id]/members
[CI/Container and migration smoke       ]   | #16 18.16 @homarr/nextjs:build: ├ ƒ /[locale]/manage/users/groups/[id]/permissions
[CI/Container and migration smoke       ]   | #16 18.16 @homarr/nextjs:build: ├ ƒ /[locale]/manage/users/groups/[id]/settings
[CI/Container and migration smoke       ]   | #16 18.16 @homarr/nextjs:build: ├ ƒ /[locale]/manage/users/invites
[CI/Container and migration smoke       ]   | #16 18.16 @homarr/nextjs:build: ├ ƒ /[locale]/manage/workshop
[CI/Container and migration smoke       ]   | #16 18.16 @homarr/nextjs:build: ├ ƒ /[locale]/reference/api
[CI/Container and migration smoke       ]   | #16 18.16 @homarr/nextjs:build: ├ ƒ /[locale]/widgets/[kind]
[CI/Container and migration smoke       ]   | #16 18.16 @homarr/nextjs:build: ├ ƒ /api/[...trpc]
[CI/Container and migration smoke       ]   | #16 18.16 @homarr/nextjs:build: ├ ○ /api/about/contributors/crowdin
[CI/Container and migration smoke       ]   | #16 18.16 @homarr/nextjs:build: ├ ○ /api/about/contributors/github
[CI/Container and migration smoke       ]   | #16 18.16 @homarr/nextjs:build: ├ ○ /api/about/contributors/opencollective
[CI/Container and migration smoke       ]   | #16 18.16 @homarr/nextjs:build: ├ ○ /api/about/dependencies
[CI/Container and migration smoke       ]   | #16 18.16 @homarr/nextjs:build: ├ ƒ /api/assistant/chat
[CI/Container and migration smoke       ]   | #16 18.16 @homarr/nextjs:build: ├ ƒ /api/auth/[...nextauth]
[CI/Container and migration smoke       ]   | #16 18.16 @homarr/nextjs:build: ├ ƒ /api/backup/export
[CI/Container and migration smoke       ]   | #16 18.16 @homarr/nextjs:build: ├ ƒ /api/backup/import
[CI/Container and migration smoke       ]   | #16 18.16 @homarr/nextjs:build: ├ ƒ /api/backup/migrations
[CI/Container and migration smoke       ]   | #16 18.16 @homarr/nextjs:build: ├ ƒ /api/backup/sql-wasm
[CI/Container and migration smoke       ]   | #16 18.16 @homarr/nextjs:build: ├ ƒ /api/custom-widgets/[resource]
[CI/Container and migration smoke       ]   | #16 18.16 @homarr/nextjs:build: ├ ƒ /api/custom-widgets/configuration-request/[token]
[CI/Container and migration smoke       ]   | #16 18.16 @homarr/nextjs:build: ├ ƒ /api/health/live
[CI/Container and migration smoke       ]   | #16 18.16 @homarr/nextjs:build: ├ ƒ /api/health/ready
[CI/Container and migration smoke       ]   | #16 18.16 @homarr/nextjs:build: ├ ƒ /api/image-proxy/[id]
[CI/Container and migration smoke       ]   | #16 18.16 @homarr/nextjs:build: ├ ƒ /api/mcp
[CI/Container and migration smoke       ]   | #16 18.16 @homarr/nextjs:build: ├ ƒ /api/mcp/[transport]
[CI/Container and migration smoke       ]   | #16 18.16 @homarr/nextjs:build: ├ ƒ /api/mcp/oauth/authorize
[CI/Container and migration smoke       ]   | #16 18.16 @homarr/nextjs:build: ├ ƒ /api/mcp/oauth/register
[CI/Container and migration smoke       ]   | #16 18.16 @homarr/nextjs:build: ├ ƒ /api/mcp/oauth/token
[CI/Container and migration smoke       ]   | #16 18.16 @homarr/nextjs:build: ├ ƒ /api/onboarding/claim
[CI/Container and migration smoke       ]   | #16 18.16 @homarr/nextjs:build: ├ ƒ /api/openapi
[CI/Container and migration smoke       ]   | #16 18.16 @homarr/nextjs:build: ├ ƒ /api/trpc/[trpc]
[CI/Container and migration smoke       ]   | #16 18.16 @homarr/nextjs:build: ├ ƒ /api/user-medias/[id]
[CI/Container and migration smoke       ]   | #16 18.16 @homarr/nextjs:build: ├ ƒ /manifest.webmanifest
[CI/Container and migration smoke       ]   | #16 18.16 @homarr/nextjs:build: └ ƒ /well-known/[...path]
[CI/Container and migration smoke       ]   | #16 18.16 @homarr/nextjs:build:
[CI/Container and migration smoke       ]   | #16 18.16 @homarr/nextjs:build:
[CI/Container and migration smoke       ]   | #16 18.16 @homarr/nextjs:build: ƒ Proxy (Middleware)
[CI/Container and migration smoke       ]   | #16 18.16 @homarr/nextjs:build:
[CI/Container and migration smoke       ]   | #16 18.16 @homarr/nextjs:build: ○  (Static)   prerendered as static content
[CI/Container and migration smoke       ]   | #16 18.16 @homarr/nextjs:build: ƒ  (Dynamic)  server-rendered on demand
[CI/Container and migration smoke       ]   | #16 18.16 @homarr/nextjs:build:
[CI/Container and migration smoke       ]   | #16 21.68 @homarr/nextjs:build: ✓ Finished filesystem cache database compaction in 13.6s
[CI/Container and migration smoke       ]   | #16 21.71 @homarr/nextjs:build:
[CI/Container and migration smoke       ]   | #16 21.87
[CI/Container and migration smoke       ]   | #16 21.87  Tasks:    3 successful, 3 total
[CI/Container and migration smoke       ]   | #16 21.87 Cached:    0 cached, 3 total
[CI/Container and migration smoke       ]   | #16 21.87   Time:    21.418s
[CI/Container and migration smoke       ]   | #16 21.87
[CI/Container and migration smoke       ]   | #16 DONE 35.8s
[CI/Container and migration smoke       ]   |
[CI/Container and migration smoke       ]   | #17 [runner  2/12] RUN apk add --no-cache redis nginx bash gettext su-exec openssl &&     mkdir -p /appdata /var/cache/nginx /var/log/nginx /var/lib/nginx       /run/nginx /etc/nginx/templates /etc/nginx/ssl/certs &&     touch /run/nginx/nginx.pid
[CI/Container and migration smoke       ]   | #17 CACHED
[CI/Container and migration smoke       ]   |
[CI/Container and migration smoke       ]   | #18 [runner  3/12] COPY --from=builder /app/packages/cli/cli.cjs /app/apps/cli/cli.cjs
[CI/Container and migration smoke       ]   | #18 CACHED
[CI/Container and migration smoke       ]   |
[CI/Container and migration smoke       ]   | #19 [runner  4/12] RUN printf '#!/bin/sh\ncd /app/apps/cli && exec bun ./cli.cjs "$@"\n' > /usr/bin/homarr &&     chmod +x /usr/bin/homarr
[CI/Container and migration smoke       ]   | #19 CACHED
[CI/Container and migration smoke       ]   |
[CI/Container and migration smoke       ]   | #20 [runner  5/12] COPY --from=builder /app/packages/db/migrations ./db/migrations
[CI/Container and migration smoke       ]   | #20 CACHED
[CI/Container and migration smoke       ]   |
[CI/Container and migration smoke       ]   | #21 [runner  6/12] COPY --from=builder /app/apps/nextjs/.next/standalone ./
[CI/Container and migration smoke       ]   | #21 DONE 3.6s
[CI/Container and migration smoke       ]   |
[CI/Container and migration smoke       ]   | #22 [runner  7/12] COPY --from=builder /app/apps/nextjs/.next/static ./apps/nextjs/.next/static
[CI/Container and migration smoke       ]   | #22 DONE 1.0s
[CI/Container and migration smoke       ]   |
[CI/Container and migration smoke       ]   | #23 [runner  8/12] COPY --from=builder /app/apps/nextjs/public ./apps/nextjs/public
[CI/Container and migration smoke       ]   | #23 DONE 0.4s
[CI/Container and migration smoke       ]   |
[CI/Container and migration smoke       ]   | #24 [runner  9/12] COPY scripts/run.sh ./run.sh
[CI/Container and migration smoke       ]   | #24 DONE 0.3s
[CI/Container and migration smoke       ]   |
[CI/Container and migration smoke       ]   | #25 [runner 10/12] COPY --chmod=755 scripts/entrypoint.sh ./entrypoint.sh
[CI/Container and migration smoke       ]   | #25 DONE 0.3s
[CI/Container and migration smoke       ]   |
[CI/Container and migration smoke       ]   | #26 [runner 11/12] COPY packages/redis/redis.conf /app/redis.conf
[CI/Container and migration smoke       ]   | #26 DONE 0.3s
[CI/Container and migration smoke       ]   |
[CI/Container and migration smoke       ]   | #27 [runner 12/12] COPY nginx.conf /etc/nginx/templates/nginx.conf
[CI/Container and migration smoke       ]   | #27 DONE 0.3s
[CI/Container and migration smoke       ]   |
[CI/Container and migration smoke       ]   | #28 exporting to image
[CI/Container and migration smoke       ]   | #28 exporting layers
[CI/Container and migration smoke       ]   | #28 exporting layers 1.3s done
[CI/Container and migration smoke       ]   | #28 writing image sha256:140e933178441b9dbb1d3a15fab40c75ba30cedaa9b61b7e39771b47136bb9df done
[CI/Container and migration smoke       ]   | #28 naming to docker.io/library/homarr-ci 0.0s done
[CI/Container and migration smoke       ]   | #28 naming to docker.io/library/homarr-e2e 0.0s done
[CI/Container and migration smoke       ]   | #28 DONE 1.4s
[CI/Container and migration smoke       ]   |
[CI/Container and migration smoke       ]   |  1 warning found (use docker --debug to expand):
[CI/Container and migration smoke       ]   |  - SecretsUsedInArgOrEnv: Do not use ARG or ENV instructions for sensitive data (ENV "AUTH_PROVIDERS") (line 53)
[CI/Container and migration smoke       ]   ✅  Success - Main Build container once with Act [1m31.006596107s]
[CI/Container and migration smoke       ]   🐳  docker exec cmd=[/opt/acttoolcache/node/24.19.0/x64/bin/node /var/run/act/workflow/hashfiles/index.js] user= workdir=
[CI/Container and migration smoke       ] ⭐ Run Main Install Playwright Chromium
[CI/Container and migration smoke       ]   🐳  docker exec cmd=[bash -e /var/run/act/workflow/7] user= workdir=
[CI/Container and migration smoke       ]   | Installing dependencies...
[CI/Container and migration smoke       ]   | Get:1 http://security.ubuntu.com/ubuntu noble-security InRelease [126 kB]
[CI/Container and migration smoke       ]   | Get:2 https://packages.microsoft.com/ubuntu/24.04/prod noble InRelease [3600 B]
[CI/Container and migration smoke       ]   | Get:3 https://ppa.launchpadcontent.net/git-core/ppa/ubuntu noble InRelease [24.3 kB]
[CI/Container and migration smoke       ]   | Get:4 http://archive.ubuntu.com/ubuntu noble InRelease [256 kB]
[CI/Container and migration smoke       ]   | Get:5 https://packages.microsoft.com/ubuntu/24.04/prod noble/main amd64 Packages [511 kB]
[CI/Container and migration smoke       ]   | Get:6 https://packages.microsoft.com/ubuntu/24.04/prod noble/main all Packages [643 B]
[CI/Container and migration smoke       ]   | Get:7 https://ppa.launchpadcontent.net/git-core/ppa/ubuntu noble/main amd64 Packages [3812 B]
[CI/Container and migration smoke       ]   | Get:8 http://security.ubuntu.com/ubuntu noble-security/restricted amd64 Packages [1943 kB]
[CI/Container and migration smoke       ]   | Get:9 http://security.ubuntu.com/ubuntu noble-security/universe amd64 Packages [1543 kB]
[CI/Container and migration smoke       ]   | Get:11 http://security.ubuntu.com/ubuntu noble-security/main amd64 Packages [1318 kB]
[CI/Container and migration smoke       ]   | Get:12 http://security.ubuntu.com/ubuntu noble-security/multiverse amd64 Packages [50.0 kB]
[CI/Container and migration smoke       ]   | Get:13 http://archive.ubuntu.com/ubuntu noble-updates InRelease [126 kB]
[CI/Container and migration smoke       ]   | Get:14 http://archive.ubuntu.com/ubuntu noble-backports InRelease [126 kB]
[CI/Container and migration smoke       ]   | Get:15 http://archive.ubuntu.com/ubuntu noble/main amd64 Packages [1808 kB]
[CI/Container and migration smoke       ]   | Get:10 https://packagecloud.io/github/git-lfs/ubuntu noble InRelease [29.2 kB]
[CI/Container and migration smoke       ]   | Get:16 http://archive.ubuntu.com/ubuntu noble/restricted amd64 Packages [117 kB]
[CI/Container and migration smoke       ]   | Get:17 http://archive.ubuntu.com/ubuntu noble/multiverse amd64 Packages [331 kB]
[CI/Container and migration smoke       ]   | Get:18 http://archive.ubuntu.com/ubuntu noble/universe amd64 Packages [19.3 MB]
[CI/Container and migration smoke       ]   | Get:20 http://archive.ubuntu.com/ubuntu noble-updates/main amd64 Packages [1688 kB]
[CI/Container and migration smoke       ]   | Get:21 http://archive.ubuntu.com/ubuntu noble-updates/multiverse amd64 Packages [56.2 kB]
[CI/Container and migration smoke       ]   | Get:22 http://archive.ubuntu.com/ubuntu noble-updates/restricted amd64 Packages [2127 kB]
[CI/Container and migration smoke       ]   | Get:23 http://archive.ubuntu.com/ubuntu noble-updates/universe amd64 Packages [2162 kB]
[CI/Container and migration smoke       ]   | Get:19 https://packagecloud.io/github/git-lfs/ubuntu noble/main amd64 Packages [1465 B]
[CI/Container and migration smoke       ]   | Get:24 http://archive.ubuntu.com/ubuntu noble-backports/universe amd64 Packages [36.0 kB]
[CI/Container and migration smoke       ]   | Get:25 http://archive.ubuntu.com/ubuntu noble-backports/main amd64 Packages [49.0 kB]
[CI/Container and migration smoke       ]   | Get:26 http://archive.ubuntu.com/ubuntu noble-backports/multiverse amd64 Packages [671 B]
[CI/Container and migration smoke       ]   | Fetched 33.8 MB in 3s (13.0 MB/s)
[CI/Container and migration smoke       ]   | Reading package lists...
[CI/Container and migration smoke       ]   | Reading package lists...
[CI/Container and migration smoke       ]   | Building dependency tree...
[CI/Container and migration smoke       ]   | Reading state information...
[CI/Container and migration smoke       ]   | libcairo2 is already the newest version (1.18.0-3build1).
[CI/Container and migration smoke       ]   | libcairo2 set to manually installed.
[CI/Container and migration smoke       ]   | libdbus-1-3 is already the newest version (1.14.10-4ubuntu4.1).
[CI/Container and migration smoke       ]   | libdbus-1-3 set to manually installed.
[CI/Container and migration smoke       ]   | libpango-1.0-0 is already the newest version (1.52.1+ds-1build1).
[CI/Container and migration smoke       ]   | libpango-1.0-0 set to manually installed.
[CI/Container and migration smoke       ]   | libx11-6 is already the newest version (2:1.8.7-1build1).
[CI/Container and migration smoke       ]   | libx11-6 set to manually installed.
[CI/Container and migration smoke       ]   | libxcb1 is already the newest version (1.15-1ubuntu2).
[CI/Container and migration smoke       ]   | libxcb1 set to manually installed.
[CI/Container and migration smoke       ]   | libxext6 is already the newest version (2:1.3.4-1build2).
[CI/Container and migration smoke       ]   | libxext6 set to manually installed.
[CI/Container and migration smoke       ]   | libfontconfig1 is already the newest version (2.15.0-1.1ubuntu2).
[CI/Container and migration smoke       ]   | libfontconfig1 set to manually installed.
[CI/Container and migration smoke       ]   | libfreetype6 is already the newest version (2.13.2+dfsg-1ubuntu0.1).
[CI/Container and migration smoke       ]   | libfreetype6 set to manually installed.
[CI/Container and migration smoke       ]   | The following additional packages will be installed:
[CI/Container and migration smoke       ]   |   at-spi2-common gir1.2-glib-2.0 gir1.2-glib-2.0-dev libasound2-data
[CI/Container and migration smoke       ]   |   libavahi-client3 libavahi-common-data libavahi-common3 libdrm-amdgpu1
[CI/Container and migration smoke       ]   |   libdrm-common libdrm-intel1 libfontenc1 libgirepository-2.0-0 libgl1
[CI/Container and migration smoke       ]   |   libgl1-mesa-dri libglib2.0-bin libglib2.0-data libglib2.0-dev
[CI/Container and migration smoke       ]   |   libglib2.0-dev-bin libglvnd0 libglx-mesa0 libglx0 libllvm20 libpciaccess0
[CI/Container and migration smoke       ]   |   libsensors-config libsensors5 libvulkan1 libx11-xcb1 libxaw7 libxcb-dri3-0
[CI/Container and migration smoke       ]   |   libxcb-glx0 libxcb-present0 libxcb-randr0 libxcb-sync1 libxcb-xfixes0
[CI/Container and migration smoke       ]   |   libxfont2 libxi6 libxkbfile1 libxmu6 libxmuu1 libxpm4 libxshmfence1
[CI/Container and migration smoke       ]   |   libxxf86vm1 mesa-libgallium x11-xkb-utils xauth xfonts-encodings
[CI/Container and migration smoke       ]   |   xfonts-utils xkb-data xserver-common
[CI/Container and migration smoke       ]   | Suggested packages:
[CI/Container and migration smoke       ]   |   alsa-utils libasound2-plugins cups-common low-memory-monitor libglib2.0-doc
[CI/Container and migration smoke       ]   |   libxml2-utils pciutils lm-sensors
[CI/Container and migration smoke       ]   | Recommended packages:
[CI/Container and migration smoke       ]   |   fonts-ipafont-mincho fonts-liberation-sans-narrow fonts-tlwg-loma
[CI/Container and migration smoke       ]   |   alsa-ucm-conf alsa-topology-conf at-spi2-core xdg-user-dirs
[CI/Container and migration smoke       ]   |   mesa-vulkan-drivers | vulkan-icd xfonts-base
[CI/Container and migration smoke       ]   | The following NEW packages will be installed:
[CI/Container and migration smoke       ]   |   at-spi2-common fonts-freefont-ttf fonts-ipafont-gothic fonts-liberation
[CI/Container and migration smoke       ]   |   fonts-noto-color-emoji fonts-tlwg-loma-otf fonts-unifont fonts-wqy-zenhei
[CI/Container and migration smoke       ]   |   libasound2-data libasound2t64 libatk-bridge2.0-0t64 libatk1.0-0t64
[CI/Container and migration smoke       ]   |   libatspi2.0-0t64 libavahi-client3 libavahi-common-data libavahi-common3
[CI/Container and migration smoke       ]   |   libcups2t64 libdrm-amdgpu1 libdrm-common libdrm-intel1 libdrm2 libfontenc1
[CI/Container and migration smoke       ]   |   libgbm1 libgl1 libgl1-mesa-dri libglvnd0 libglx-mesa0 libglx0 libllvm20
[CI/Container and migration smoke       ]   |   libnspr4 libnss3 libpciaccess0 libsensors-config libsensors5 libvulkan1
[CI/Container and migration smoke       ]   |   libx11-xcb1 libxaw7 libxcb-dri3-0 libxcb-glx0 libxcb-present0 libxcb-randr0
[CI/Container and migration smoke       ]   |   libxcb-sync1 libxcb-xfixes0 libxcomposite1 libxdamage1 libxfixes3 libxfont2
[CI/Container and migration smoke       ]   |   libxi6 libxkbcommon0 libxkbfile1 libxmu6 libxmuu1 libxpm4 libxrandr2
[CI/Container and migration smoke       ]   |   libxshmfence1 libxxf86vm1 mesa-libgallium x11-xkb-utils xauth
[CI/Container and migration smoke       ]   |   xfonts-cyrillic xfonts-encodings xfonts-scalable xfonts-utils xkb-data
[CI/Container and migration smoke       ]   |   xserver-common xvfb
[CI/Container and migration smoke       ]   | The following packages will be upgraded:
[CI/Container and migration smoke       ]   |   gir1.2-glib-2.0 gir1.2-glib-2.0-dev libgirepository-2.0-0 libglib2.0-0t64
[CI/Container and migration smoke       ]   |   libglib2.0-bin libglib2.0-data libglib2.0-dev libglib2.0-dev-bin
[CI/Container and migration smoke       ]   | 8 upgraded, 66 newly installed, 0 to remove and 118 not upgraded.
[CI/Container and migration smoke       ]   | Need to get 84.1 MB of archives.
[CI/Container and migration smoke       ]   | After this operation, 303 MB of additional disk space will be used.
[CI/Container and migration smoke       ]   | Get:1 http://archive.ubuntu.com/ubuntu noble/universe amd64 fonts-ipafont-gothic all 00303-21ubuntu1 [3513 kB]
[CI/Container and migration smoke       ]   | Get:2 http://archive.ubuntu.com/ubuntu noble-updates/main amd64 gir1.2-glib-2.0-dev amd64 2.80.0-6ubuntu3.9 [848 kB]
[CI/Container and migration smoke       ]   | Get:3 http://archive.ubuntu.com/ubuntu noble-updates/main amd64 libglib2.0-data all 2.80.0-6ubuntu3.9 [50.1 kB]
[CI/Container and migration smoke       ]   | Get:4 http://archive.ubuntu.com/ubuntu noble-updates/main amd64 libglib2.0-dev amd64 2.80.0-6ubuntu3.9 [1860 kB]
[CI/Container and migration smoke       ]   | Get:5 http://archive.ubuntu.com/ubuntu noble-updates/main amd64 libglib2.0-bin amd64 2.80.0-6ubuntu3.9 [97.9 kB]
[CI/Container and migration smoke       ]   | Get:6 http://archive.ubuntu.com/ubuntu noble-updates/main amd64 libgirepository-2.0-0 amd64 2.80.0-6ubuntu3.9 [73.5 kB]
[CI/Container and migration smoke       ]   | Get:7 http://archive.ubuntu.com/ubuntu noble-updates/main amd64 libglib2.0-dev-bin amd64 2.80.0-6ubuntu3.9 [138 kB]
[CI/Container and migration smoke       ]   | Get:8 http://archive.ubuntu.com/ubuntu noble-updates/main amd64 gir1.2-glib-2.0 amd64 2.80.0-6ubuntu3.9 [183 kB]
[CI/Container and migration smoke       ]   | Get:9 http://archive.ubuntu.com/ubuntu noble-updates/main amd64 libglib2.0-0t64 amd64 2.80.0-6ubuntu3.9 [1547 kB]
[CI/Container and migration smoke       ]   | Get:10 http://archive.ubuntu.com/ubuntu noble-updates/main amd64 xkb-data all 2.41-2ubuntu1.1 [397 kB]
[CI/Container and migration smoke       ]   | Get:11 http://archive.ubuntu.com/ubuntu noble-updates/main amd64 libdrm-common all 2.4.125-1ubuntu0.1~24.04.2 [9250 B]
[CI/Container and migration smoke       ]   | Get:12 http://archive.ubuntu.com/ubuntu noble-updates/main amd64 libdrm2 amd64 2.4.125-1ubuntu0.1~24.04.2 [41.4 kB]
[CI/Container and migration smoke       ]   | Get:13 http://archive.ubuntu.com/ubuntu noble/main amd64 libsensors-config all 1:3.6.0-9build1 [5546 B]
[CI/Container and migration smoke       ]   | Get:14 http://archive.ubuntu.com/ubuntu noble/main amd64 libsensors5 amd64 1:3.6.0-9build1 [26.6 kB]
[CI/Container and migration smoke       ]   | Get:15 http://archive.ubuntu.com/ubuntu noble/main amd64 libxkbcommon0 amd64 1.6.0-1build1 [122 kB]
[CI/Container and migration smoke       ]   | Get:16 http://archive.ubuntu.com/ubuntu noble/main amd64 libxmuu1 amd64 2:1.1.3-3build2 [8958 B]
[CI/Container and migration smoke       ]   | Get:17 http://archive.ubuntu.com/ubuntu noble/main amd64 xauth amd64 1:1.1.2-1build1 [25.6 kB]
[CI/Container and migration smoke       ]   | Get:18 http://archive.ubuntu.com/ubuntu noble/main amd64 at-spi2-common all 2.52.0-1build1 [8674 B]
[CI/Container and migration smoke       ]   | Get:19 http://archive.ubuntu.com/ubuntu noble/main amd64 fonts-freefont-ttf all 20211204+svn4273-2 [5641 kB]
[CI/Container and migration smoke       ]   | Get:20 http://archive.ubuntu.com/ubuntu noble/main amd64 fonts-liberation all 1:2.1.5-3 [1603 kB]
[CI/Container and migration smoke       ]   | Get:21 http://archive.ubuntu.com/ubuntu noble-updates/main amd64 fonts-noto-color-emoji all 2.047-0ubuntu0.24.04.1 [9764 kB]
[CI/Container and migration smoke       ]   | Get:22 http://archive.ubuntu.com/ubuntu noble/universe amd64 fonts-tlwg-loma-otf all 1:0.7.3-1 [107 kB]
[CI/Container and migration smoke       ]   | Get:23 http://archive.ubuntu.com/ubuntu noble/universe amd64 fonts-unifont all 1:15.1.01-1build1 [2993 kB]
[CI/Container and migration smoke       ]   | Get:24 http://archive.ubuntu.com/ubuntu noble/universe amd64 fonts-wqy-zenhei all 0.9.45-8 [7472 kB]
[CI/Container and migration smoke       ]   | Get:25 http://archive.ubuntu.com/ubuntu noble-updates/main amd64 libasound2-data all 1.2.11-1ubuntu0.3 [21.4 kB]
[CI/Container and migration smoke       ]   | Get:26 http://archive.ubuntu.com/ubuntu noble-updates/main amd64 libasound2t64 amd64 1.2.11-1ubuntu0.3 [398 kB]
[CI/Container and migration smoke       ]   | Get:27 http://archive.ubuntu.com/ubuntu noble/main amd64 libatk1.0-0t64 amd64 2.52.0-1build1 [55.3 kB]
[CI/Container and migration smoke       ]   | Get:28 http://archive.ubuntu.com/ubuntu noble/main amd64 libxi6 amd64 2:1.8.1-1build1 [32.4 kB]
[CI/Container and migration smoke       ]   | Get:29 http://archive.ubuntu.com/ubuntu noble/main amd64 libatspi2.0-0t64 amd64 2.52.0-1build1 [80.5 kB]
[CI/Container and migration smoke       ]   | Get:30 http://archive.ubuntu.com/ubuntu noble/main amd64 libatk-bridge2.0-0t64 amd64 2.52.0-1build1 [66.0 kB]
[CI/Container and migration smoke       ]   | Get:31 http://archive.ubuntu.com/ubuntu noble-updates/main amd64 libavahi-common-data amd64 0.8-13ubuntu6.2 [30.1 kB]
[CI/Container and migration smoke       ]   | Get:32 http://archive.ubuntu.com/ubuntu noble-updates/main amd64 libavahi-common3 amd64 0.8-13ubuntu6.2 [23.4 kB]
[CI/Container and migration smoke       ]   | Get:33 http://archive.ubuntu.com/ubuntu noble-updates/main amd64 libavahi-client3 amd64 0.8-13ubuntu6.2 [26.8 kB]
[CI/Container and migration smoke       ]   | Get:34 http://archive.ubuntu.com/ubuntu noble-updates/main amd64 libcups2t64 amd64 2.4.7-1.2ubuntu7.14 [274 kB]
[CI/Container and migration smoke       ]   | Get:35 http://archive.ubuntu.com/ubuntu noble-updates/main amd64 libdrm-amdgpu1 amd64 2.4.125-1ubuntu0.1~24.04.2 [21.4 kB]
[CI/Container and migration smoke       ]   | Get:36 http://archive.ubuntu.com/ubuntu noble-updates/main amd64 libpciaccess0 amd64 0.17-3ubuntu0.24.04.3 [19.2 kB]
[CI/Container and migration smoke       ]   | Get:37 http://archive.ubuntu.com/ubuntu noble-updates/main amd64 libdrm-intel1 amd64 2.4.125-1ubuntu0.1~24.04.2 [63.9 kB]
[CI/Container and migration smoke       ]   | Get:38 http://archive.ubuntu.com/ubuntu noble/main amd64 libfontenc1 amd64 1:1.1.8-1build1 [14.0 kB]
[CI/Container and migration smoke       ]   | Get:39 http://archive.ubuntu.com/ubuntu noble-updates/main amd64 libllvm20 amd64 1:20.1.2-0ubuntu1~24.04.3 [30.6 MB]
[CI/Container and migration smoke       ]   | Get:40 http://archive.ubuntu.com/ubuntu noble/main amd64 libx11-xcb1 amd64 2:1.8.7-1build1 [7800 B]
[CI/Container and migration smoke       ]   | Get:41 http://archive.ubuntu.com/ubuntu noble/main amd64 libxcb-dri3-0 amd64 1.15-1ubuntu2 [7142 B]
[CI/Container and migration smoke       ]   | Get:42 http://archive.ubuntu.com/ubuntu noble/main amd64 libxcb-present0 amd64 1.15-1ubuntu2 [5676 B]
[CI/Container and migration smoke       ]   | Get:43 http://archive.ubuntu.com/ubuntu noble/main amd64 libxcb-randr0 amd64 1.15-1ubuntu2 [17.9 kB]
[CI/Container and migration smoke       ]   | Get:44 http://archive.ubuntu.com/ubuntu noble/main amd64 libxcb-sync1 amd64 1.15-1ubuntu2 [9312 B]
[CI/Container and migration smoke       ]   | Get:45 http://archive.ubuntu.com/ubuntu noble/main amd64 libxcb-xfixes0 amd64 1.15-1ubuntu2 [10.2 kB]
[CI/Container and migration smoke       ]   | Get:46 http://archive.ubuntu.com/ubuntu noble/main amd64 libxshmfence1 amd64 1.3-1build5 [4764 B]
[CI/Container and migration smoke       ]   | Get:47 http://archive.ubuntu.com/ubuntu noble-updates/main amd64 mesa-libgallium amd64 25.2.8-0ubuntu0.24.04.4 [10.8 MB]
[CI/Container and migration smoke       ]   | Get:48 http://archive.ubuntu.com/ubuntu noble-updates/main amd64 libgbm1 amd64 25.2.8-0ubuntu0.24.04.4 [34.2 kB]
[CI/Container and migration smoke       ]   | Get:49 http://archive.ubuntu.com/ubuntu noble/main amd64 libvulkan1 amd64 1.3.275.0-1build1 [142 kB]
[CI/Container and migration smoke       ]   | Get:50 http://archive.ubuntu.com/ubuntu noble-updates/main amd64 libgl1-mesa-dri amd64 25.2.8-0ubuntu0.24.04.4 [38.0 kB]
[CI/Container and migration smoke       ]   | Get:51 http://archive.ubuntu.com/ubuntu noble/main amd64 libxcb-glx0 amd64 1.15-1ubuntu2 [24.8 kB]
[CI/Container and migration smoke       ]   | Get:52 http://archive.ubuntu.com/ubuntu noble/main amd64 libxxf86vm1 amd64 1:1.1.4-1build4 [9282 B]
[CI/Container and migration smoke       ]   | Get:53 http://archive.ubuntu.com/ubuntu noble-updates/main amd64 libglx-mesa0 amd64 25.2.8-0ubuntu0.24.04.4 [110 kB]
[CI/Container and migration smoke       ]   | Get:54 http://archive.ubuntu.com/ubuntu noble/main amd64 libnspr4 amd64 2:4.35-1.1build1 [117 kB]
[CI/Container and migration smoke       ]   | Get:55 http://archive.ubuntu.com/ubuntu noble-updates/main amd64 libnss3 amd64 2:3.98-1ubuntu0.2 [1445 kB]
[CI/Container and migration smoke       ]   | Get:56 http://archive.ubuntu.com/ubuntu noble/main amd64 libxmu6 amd64 2:1.1.3-3build2 [47.6 kB]
[CI/Container and migration smoke       ]   | Get:57 http://archive.ubuntu.com/ubuntu noble-updates/main amd64 libxpm4 amd64 1:3.5.17-1ubuntu0.24.04.2 [36.7 kB]
[CI/Container and migration smoke       ]   | Get:58 http://archive.ubuntu.com/ubuntu noble/main amd64 libxaw7 amd64 2:1.0.14-1build2 [187 kB]
[CI/Container and migration smoke       ]   | Get:59 http://archive.ubuntu.com/ubuntu noble/main amd64 libxcomposite1 amd64 1:0.4.5-1build3 [6320 B]
[CI/Container and migration smoke       ]   | Get:60 http://archive.ubuntu.com/ubuntu noble/main amd64 libxdamage1 amd64 1:1.1.6-1build1 [6150 B]
[CI/Container and migration smoke       ]   | Get:61 http://archive.ubuntu.com/ubuntu noble/main amd64 libxfixes3 amd64 1:6.0.0-2build1 [10.8 kB]
[CI/Container and migration smoke       ]   | Get:62 http://archive.ubuntu.com/ubuntu noble-updates/main amd64 libxfont2 amd64 1:2.0.6-1+deb13u1build0.24.04.2 [94.0 kB]
[CI/Container and migration smoke       ]   | Get:63 http://archive.ubuntu.com/ubuntu noble/main amd64 libxkbfile1 amd64 1:1.1.0-1build4 [70.0 kB]
[CI/Container and migration smoke       ]   | Get:64 http://archive.ubuntu.com/ubuntu noble/main amd64 libxrandr2 amd64 2:1.5.2-2build1 [19.7 kB]
[CI/Container and migration smoke       ]   | Get:65 http://archive.ubuntu.com/ubuntu noble/main amd64 x11-xkb-utils amd64 7.7+8build2 [170 kB]
[CI/Container and migration smoke       ]   | Get:66 http://archive.ubuntu.com/ubuntu noble/main amd64 xfonts-encodings all 1:1.0.5-0ubuntu2 [578 kB]
[CI/Container and migration smoke       ]   | Get:67 http://archive.ubuntu.com/ubuntu noble/main amd64 xfonts-utils amd64 1:7.7+6build3 [94.4 kB]
[CI/Container and migration smoke       ]   | Get:68 http://archive.ubuntu.com/ubuntu noble/universe amd64 xfonts-cyrillic all 1:1.0.5+nmu1 [384 kB]
[CI/Container and migration smoke       ]   | Get:69 http://archive.ubuntu.com/ubuntu noble/main amd64 xfonts-scalable all 1:1.0.3-1.3 [304 kB]
[CI/Container and migration smoke       ]   | Get:70 http://archive.ubuntu.com/ubuntu noble-updates/main amd64 xserver-common all 2:21.1.12-1ubuntu1.8 [34.8 kB]
[CI/Container and migration smoke       ]   | Get:71 http://archive.ubuntu.com/ubuntu noble/main amd64 libglvnd0 amd64 1.7.0-1build1 [69.6 kB]
[CI/Container and migration smoke       ]   | Get:72 http://archive.ubuntu.com/ubuntu noble/main amd64 libglx0 amd64 1.7.0-1build1 [38.6 kB]
[CI/Container and migration smoke       ]   | Get:73 http://archive.ubuntu.com/ubuntu noble/main amd64 libgl1 amd64 1.7.0-1build1 [102 kB]
[CI/Container and migration smoke       ]   | Get:74 http://archive.ubuntu.com/ubuntu noble-updates/universe amd64 xvfb amd64 2:21.1.12-1ubuntu1.8 [877 kB]
[CI/Container and migration smoke       ]   | debconf: delaying package configuration, since apt-utils is not installed
[CI/Container and migration smoke       ]   | Fetched 84.1 MB in 2s (43.0 MB/s)
[CI/Container and migration smoke       ]   | Selecting previously unselected package fonts-ipafont-gothic.
[CI/Container and migration smoke       ]   | (Reading database ...
(Reading database ... 5%
(Reading database ... 10%
(Reading database ... 15%
(Reading database ... 20%
(Reading database ... 25%
(Reading database ... 30%
(Reading database ... 35%
(Reading database ... 40%
(Reading database ... 45%
(Reading database ... 50%
(Reading database ... 55%
(Reading database ... 60%
(Reading database ... 65%
(Reading database ... 70%
(Reading database ... 75%
(Reading database ... 80%
(Reading database ... 85%
(Reading database ... 90%
(Reading database ... 95%
(Reading database ... 100%
(Reading database ... 26493 files and directories currently installed.)
[CI/Container and migration smoke       ]   | Preparing to unpack .../00-fonts-ipafont-gothic_00303-21ubuntu1_all.deb ...
[CI/Container and migration smoke       ]   | Unpacking fonts-ipafont-gothic (00303-21ubuntu1) ...
[CI/Container and migration smoke       ]   | Preparing to unpack .../01-gir1.2-glib-2.0-dev_2.80.0-6ubuntu3.9_amd64.deb ...
[CI/Container and migration smoke       ]   | Unpacking gir1.2-glib-2.0-dev:amd64 (2.80.0-6ubuntu3.9) over (2.80.0-6ubuntu3.8) ...
[CI/Container and migration smoke       ]   | Preparing to unpack .../02-libglib2.0-data_2.80.0-6ubuntu3.9_all.deb ...
[CI/Container and migration smoke       ]   | Unpacking libglib2.0-data (2.80.0-6ubuntu3.9) over (2.80.0-6ubuntu3.8) ...
[CI/Container and migration smoke       ]   | Preparing to unpack .../03-libglib2.0-dev_2.80.0-6ubuntu3.9_amd64.deb ...
[CI/Container and migration smoke       ]   | Unpacking libglib2.0-dev:amd64 (2.80.0-6ubuntu3.9) over (2.80.0-6ubuntu3.8) ...
[CI/Container and migration smoke       ]   | Preparing to unpack .../04-libglib2.0-bin_2.80.0-6ubuntu3.9_amd64.deb ...
[CI/Container and migration smoke       ]   | Unpacking libglib2.0-bin (2.80.0-6ubuntu3.9) over (2.80.0-6ubuntu3.8) ...
[CI/Container and migration smoke       ]   | Preparing to unpack .../05-libgirepository-2.0-0_2.80.0-6ubuntu3.9_amd64.deb ...
[CI/Container and migration smoke       ]   | Unpacking libgirepository-2.0-0:amd64 (2.80.0-6ubuntu3.9) over (2.80.0-6ubuntu3.8) ...
[CI/Container and migration smoke       ]   | Preparing to unpack .../06-libglib2.0-dev-bin_2.80.0-6ubuntu3.9_amd64.deb ...
[CI/Container and migration smoke       ]   | Unpacking libglib2.0-dev-bin (2.80.0-6ubuntu3.9) over (2.80.0-6ubuntu3.8) ...
[CI/Container and migration smoke       ]   | Preparing to unpack .../07-gir1.2-glib-2.0_2.80.0-6ubuntu3.9_amd64.deb ...
[CI/Container and migration smoke       ]   | Unpacking gir1.2-glib-2.0:amd64 (2.80.0-6ubuntu3.9) over (2.80.0-6ubuntu3.8) ...
[CI/Container and migration smoke       ]   | Preparing to unpack .../08-libglib2.0-0t64_2.80.0-6ubuntu3.9_amd64.deb ...
[CI/Container and migration smoke       ]   | Unpacking libglib2.0-0t64:amd64 (2.80.0-6ubuntu3.9) over (2.80.0-6ubuntu3.8) ...
[CI/Container and migration smoke       ]   | Selecting previously unselected package xkb-data.
[CI/Container and migration smoke       ]   | Preparing to unpack .../09-xkb-data_2.41-2ubuntu1.1_all.deb ...
[CI/Container and migration smoke       ]   | Unpacking xkb-data (2.41-2ubuntu1.1) ...
[CI/Container and migration smoke       ]   | Selecting previously unselected package libdrm-common.
[CI/Container and migration smoke       ]   | Preparing to unpack .../10-libdrm-common_2.4.125-1ubuntu0.1~24.04.2_all.deb ...
[CI/Container and migration smoke       ]   | Unpacking libdrm-common (2.4.125-1ubuntu0.1~24.04.2) ...
[CI/Container and migration smoke       ]   | Selecting previously unselected package libdrm2:amd64.
[CI/Container and migration smoke       ]   | Preparing to unpack .../11-libdrm2_2.4.125-1ubuntu0.1~24.04.2_amd64.deb ...
[CI/Container and migration smoke       ]   | Unpacking libdrm2:amd64 (2.4.125-1ubuntu0.1~24.04.2) ...
[CI/Container and migration smoke       ]   | Selecting previously unselected package libsensors-config.
[CI/Container and migration smoke       ]   | Preparing to unpack .../12-libsensors-config_1%3a3.6.0-9build1_all.deb ...
[CI/Container and migration smoke       ]   | Unpacking libsensors-config (1:3.6.0-9build1) ...
[CI/Container and migration smoke       ]   | Selecting previously unselected package libsensors5:amd64.
[CI/Container and migration smoke       ]   | Preparing to unpack .../13-libsensors5_1%3a3.6.0-9build1_amd64.deb ...
[CI/Container and migration smoke       ]   | Unpacking libsensors5:amd64 (1:3.6.0-9build1) ...
[CI/Container and migration smoke       ]   | Selecting previously unselected package libxkbcommon0:amd64.
[CI/Container and migration smoke       ]   | Preparing to unpack .../14-libxkbcommon0_1.6.0-1build1_amd64.deb ...
[CI/Container and migration smoke       ]   | Unpacking libxkbcommon0:amd64 (1.6.0-1build1) ...
[CI/Container and migration smoke       ]   | Selecting previously unselected package libxmuu1:amd64.
[CI/Container and migration smoke       ]   | Preparing to unpack .../15-libxmuu1_2%3a1.1.3-3build2_amd64.deb ...
[CI/Container and migration smoke       ]   | Unpacking libxmuu1:amd64 (2:1.1.3-3build2) ...
[CI/Container and migration smoke       ]   | Selecting previously unselected package xauth.
[CI/Container and migration smoke       ]   | Preparing to unpack .../16-xauth_1%3a1.1.2-1build1_amd64.deb ...
[CI/Container and migration smoke       ]   | Unpacking xauth (1:1.1.2-1build1) ...
[CI/Container and migration smoke       ]   | Selecting previously unselected package at-spi2-common.
[CI/Container and migration smoke       ]   | Preparing to unpack .../17-at-spi2-common_2.52.0-1build1_all.deb ...
[CI/Container and migration smoke       ]   | Unpacking at-spi2-common (2.52.0-1build1) ...
[CI/Container and migration smoke       ]   | Selecting previously unselected package fonts-freefont-ttf.
[CI/Container and migration smoke       ]   | Preparing to unpack .../18-fonts-freefont-ttf_20211204+svn4273-2_all.deb ...
[CI/Container and migration smoke       ]   | Unpacking fonts-freefont-ttf (20211204+svn4273-2) ...
[CI/Container and migration smoke       ]   | Selecting previously unselected package fonts-liberation.
[CI/Container and migration smoke       ]   | Preparing to unpack .../19-fonts-liberation_1%3a2.1.5-3_all.deb ...
[CI/Container and migration smoke       ]   | Unpacking fonts-liberation (1:2.1.5-3) ...
[CI/Container and migration smoke       ]   | Selecting previously unselected package fonts-noto-color-emoji.
[CI/Container and migration smoke       ]   | Preparing to unpack .../20-fonts-noto-color-emoji_2.047-0ubuntu0.24.04.1_all.deb ...
[CI/Container and migration smoke       ]   | Unpacking fonts-noto-color-emoji (2.047-0ubuntu0.24.04.1) ...
[CI/Container and migration smoke       ]   | Selecting previously unselected package fonts-tlwg-loma-otf.
[CI/Container and migration smoke       ]   | Preparing to unpack .../21-fonts-tlwg-loma-otf_1%3a0.7.3-1_all.deb ...
[CI/Container and migration smoke       ]   | Unpacking fonts-tlwg-loma-otf (1:0.7.3-1) ...
[CI/Container and migration smoke       ]   | Selecting previously unselected package fonts-unifont.
[CI/Container and migration smoke       ]   | Preparing to unpack .../22-fonts-unifont_1%3a15.1.01-1build1_all.deb ...
[CI/Container and migration smoke       ]   | Unpacking fonts-unifont (1:15.1.01-1build1) ...
[CI/Container and migration smoke       ]   | Selecting previously unselected package fonts-wqy-zenhei.
[CI/Container and migration smoke       ]   | Preparing to unpack .../23-fonts-wqy-zenhei_0.9.45-8_all.deb ...
[CI/Container and migration smoke       ]   | Unpacking fonts-wqy-zenhei (0.9.45-8) ...
[CI/Container and migration smoke       ]   | Selecting previously unselected package libasound2-data.
[CI/Container and migration smoke       ]   | Preparing to unpack .../24-libasound2-data_1.2.11-1ubuntu0.3_all.deb ...
[CI/Container and migration smoke       ]   | Unpacking libasound2-data (1.2.11-1ubuntu0.3) ...
[CI/Container and migration smoke       ]   | Selecting previously unselected package libasound2t64:amd64.
[CI/Container and migration smoke       ]   | Preparing to unpack .../25-libasound2t64_1.2.11-1ubuntu0.3_amd64.deb ...
[CI/Container and migration smoke       ]   | Unpacking libasound2t64:amd64 (1.2.11-1ubuntu0.3) ...
[CI/Container and migration smoke       ]   | Selecting previously unselected package libatk1.0-0t64:amd64.
[CI/Container and migration smoke       ]   | Preparing to unpack .../26-libatk1.0-0t64_2.52.0-1build1_amd64.deb ...
[CI/Container and migration smoke       ]   | Unpacking libatk1.0-0t64:amd64 (2.52.0-1build1) ...
[CI/Container and migration smoke       ]   | Selecting previously unselected package libxi6:amd64.
[CI/Container and migration smoke       ]   | Preparing to unpack .../27-libxi6_2%3a1.8.1-1build1_amd64.deb ...
[CI/Container and migration smoke       ]   | Unpacking libxi6:amd64 (2:1.8.1-1build1) ...
[CI/Container and migration smoke       ]   | Selecting previously unselected package libatspi2.0-0t64:amd64.
[CI/Container and migration smoke       ]   | Preparing to unpack .../28-libatspi2.0-0t64_2.52.0-1build1_amd64.deb ...
[CI/Container and migration smoke       ]   | Unpacking libatspi2.0-0t64:amd64 (2.52.0-1build1) ...
[CI/Container and migration smoke       ]   | Selecting previously unselected package libatk-bridge2.0-0t64:amd64.
[CI/Container and migration smoke       ]   | Preparing to unpack .../29-libatk-bridge2.0-0t64_2.52.0-1build1_amd64.deb ...
[CI/Container and migration smoke       ]   | Unpacking libatk-bridge2.0-0t64:amd64 (2.52.0-1build1) ...
[CI/Container and migration smoke       ]   | Selecting previously unselected package libavahi-common-data:amd64.
[CI/Container and migration smoke       ]   | Preparing to unpack .../30-libavahi-common-data_0.8-13ubuntu6.2_amd64.deb ...
[CI/Container and migration smoke       ]   | Unpacking libavahi-common-data:amd64 (0.8-13ubuntu6.2) ...
[CI/Container and migration smoke       ]   | Selecting previously unselected package libavahi-common3:amd64.
[CI/Container and migration smoke       ]   | Preparing to unpack .../31-libavahi-common3_0.8-13ubuntu6.2_amd64.deb ...
[CI/Container and migration smoke       ]   | Unpacking libavahi-common3:amd64 (0.8-13ubuntu6.2) ...
[CI/Container and migration smoke       ]   | Selecting previously unselected package libavahi-client3:amd64.
[CI/Container and migration smoke       ]   | Preparing to unpack .../32-libavahi-client3_0.8-13ubuntu6.2_amd64.deb ...
[CI/Container and migration smoke       ]   | Unpacking libavahi-client3:amd64 (0.8-13ubuntu6.2) ...
[CI/Container and migration smoke       ]   | Selecting previously unselected package libcups2t64:amd64.
[CI/Container and migration smoke       ]   | Preparing to unpack .../33-libcups2t64_2.4.7-1.2ubuntu7.14_amd64.deb ...
[CI/Container and migration smoke       ]   | Unpacking libcups2t64:amd64 (2.4.7-1.2ubuntu7.14) ...
[CI/Container and migration smoke       ]   | Selecting previously unselected package libdrm-amdgpu1:amd64.
[CI/Container and migration smoke       ]   | Preparing to unpack .../34-libdrm-amdgpu1_2.4.125-1ubuntu0.1~24.04.2_amd64.deb ...
[CI/Container and migration smoke       ]   | Unpacking libdrm-amdgpu1:amd64 (2.4.125-1ubuntu0.1~24.04.2) ...
[CI/Container and migration smoke       ]   | Selecting previously unselected package libpciaccess0:amd64.
[CI/Container and migration smoke       ]   | Preparing to unpack .../35-libpciaccess0_0.17-3ubuntu0.24.04.3_amd64.deb ...
[CI/Container and migration smoke       ]   | Unpacking libpciaccess0:amd64 (0.17-3ubuntu0.24.04.3) ...
[CI/Container and migration smoke       ]   | Selecting previously unselected package libdrm-intel1:amd64.
[CI/Container and migration smoke       ]   | Preparing to unpack .../36-libdrm-intel1_2.4.125-1ubuntu0.1~24.04.2_amd64.deb ...
[CI/Container and migration smoke       ]   | Unpacking libdrm-intel1:amd64 (2.4.125-1ubuntu0.1~24.04.2) ...
[CI/Container and migration smoke       ]   | Selecting previously unselected package libfontenc1:amd64.
[CI/Container and migration smoke       ]   | Preparing to unpack .../37-libfontenc1_1%3a1.1.8-1build1_amd64.deb ...
[CI/Container and migration smoke       ]   | Unpacking libfontenc1:amd64 (1:1.1.8-1build1) ...
[CI/Container and migration smoke       ]   | Selecting previously unselected package libllvm20:amd64.
[CI/Container and migration smoke       ]   | Preparing to unpack .../38-libllvm20_1%3a20.1.2-0ubuntu1~24.04.3_amd64.deb ...
[CI/Container and migration smoke       ]   | Unpacking libllvm20:amd64 (1:20.1.2-0ubuntu1~24.04.3) ...
[CI/Container and migration smoke       ]   | Selecting previously unselected package libx11-xcb1:amd64.
[CI/Container and migration smoke       ]   | Preparing to unpack .../39-libx11-xcb1_2%3a1.8.7-1build1_amd64.deb ...
[CI/Container and migration smoke       ]   | Unpacking libx11-xcb1:amd64 (2:1.8.7-1build1) ...
[CI/Container and migration smoke       ]   | Selecting previously unselected package libxcb-dri3-0:amd64.
[CI/Container and migration smoke       ]   | Preparing to unpack .../40-libxcb-dri3-0_1.15-1ubuntu2_amd64.deb ...
[CI/Container and migration smoke       ]   | Unpacking libxcb-dri3-0:amd64 (1.15-1ubuntu2) ...
[CI/Container and migration smoke       ]   | Selecting previously unselected package libxcb-present0:amd64.
[CI/Container and migration smoke       ]   | Preparing to unpack .../41-libxcb-present0_1.15-1ubuntu2_amd64.deb ...
[CI/Container and migration smoke       ]   | Unpacking libxcb-present0:amd64 (1.15-1ubuntu2) ...
[CI/Container and migration smoke       ]   | Selecting previously unselected package libxcb-randr0:amd64.
[CI/Container and migration smoke       ]   | Preparing to unpack .../42-libxcb-randr0_1.15-1ubuntu2_amd64.deb ...
[CI/Container and migration smoke       ]   | Unpacking libxcb-randr0:amd64 (1.15-1ubuntu2) ...
[CI/Container and migration smoke       ]   | Selecting previously unselected package libxcb-sync1:amd64.
[CI/Container and migration smoke       ]   | Preparing to unpack .../43-libxcb-sync1_1.15-1ubuntu2_amd64.deb ...
[CI/Container and migration smoke       ]   | Unpacking libxcb-sync1:amd64 (1.15-1ubuntu2) ...
[CI/Container and migration smoke       ]   | Selecting previously unselected package libxcb-xfixes0:amd64.
[CI/Container and migration smoke       ]   | Preparing to unpack .../44-libxcb-xfixes0_1.15-1ubuntu2_amd64.deb ...
[CI/Container and migration smoke       ]   | Unpacking libxcb-xfixes0:amd64 (1.15-1ubuntu2) ...
[CI/Container and migration smoke       ]   | Selecting previously unselected package libxshmfence1:amd64.
[CI/Container and migration smoke       ]   | Preparing to unpack .../45-libxshmfence1_1.3-1build5_amd64.deb ...
[CI/Container and migration smoke       ]   | Unpacking libxshmfence1:amd64 (1.3-1build5) ...
[CI/Container and migration smoke       ]   | Selecting previously unselected package mesa-libgallium:amd64.
[CI/Container and migration smoke       ]   | Preparing to unpack .../46-mesa-libgallium_25.2.8-0ubuntu0.24.04.4_amd64.deb ...
[CI/Container and migration smoke       ]   | Unpacking mesa-libgallium:amd64 (25.2.8-0ubuntu0.24.04.4) ...
[CI/Container and migration smoke       ]   | Selecting previously unselected package libgbm1:amd64.
[CI/Container and migration smoke       ]   | Preparing to unpack .../47-libgbm1_25.2.8-0ubuntu0.24.04.4_amd64.deb ...
[CI/Container and migration smoke       ]   | Unpacking libgbm1:amd64 (25.2.8-0ubuntu0.24.04.4) ...
[CI/Container and migration smoke       ]   | Selecting previously unselected package libvulkan1:amd64.
[CI/Container and migration smoke       ]   | Preparing to unpack .../48-libvulkan1_1.3.275.0-1build1_amd64.deb ...
[CI/Container and migration smoke       ]   | Unpacking libvulkan1:amd64 (1.3.275.0-1build1) ...
[CI/Container and migration smoke       ]   | Selecting previously unselected package libgl1-mesa-dri:amd64.
[CI/Container and migration smoke       ]   | Preparing to unpack .../49-libgl1-mesa-dri_25.2.8-0ubuntu0.24.04.4_amd64.deb ...
[CI/Container and migration smoke       ]   | Unpacking libgl1-mesa-dri:amd64 (25.2.8-0ubuntu0.24.04.4) ...
[CI/Container and migration smoke       ]   | Selecting previously unselected package libxcb-glx0:amd64.
[CI/Container and migration smoke       ]   | Preparing to unpack .../50-libxcb-glx0_1.15-1ubuntu2_amd64.deb ...
[CI/Container and migration smoke       ]   | Unpacking libxcb-glx0:amd64 (1.15-1ubuntu2) ...
[CI/Container and migration smoke       ]   | Selecting previously unselected package libxxf86vm1:amd64.
[CI/Container and migration smoke       ]   | Preparing to unpack .../51-libxxf86vm1_1%3a1.1.4-1build4_amd64.deb ...
[CI/Container and migration smoke       ]   | Unpacking libxxf86vm1:amd64 (1:1.1.4-1build4) ...
[CI/Container and migration smoke       ]   | Selecting previously unselected package libglx-mesa0:amd64.
[CI/Container and migration smoke       ]   | Preparing to unpack .../52-libglx-mesa0_25.2.8-0ubuntu0.24.04.4_amd64.deb ...
[CI/Container and migration smoke       ]   | Unpacking libglx-mesa0:amd64 (25.2.8-0ubuntu0.24.04.4) ...
[CI/Container and migration smoke       ]   | Selecting previously unselected package libnspr4:amd64.
[CI/Container and migration smoke       ]   | Preparing to unpack .../53-libnspr4_2%3a4.35-1.1build1_amd64.deb ...
[CI/Container and migration smoke       ]   | Unpacking libnspr4:amd64 (2:4.35-1.1build1) ...
[CI/Container and migration smoke       ]   | Selecting previously unselected package libnss3:amd64.
[CI/Container and migration smoke       ]   | Preparing to unpack .../54-libnss3_2%3a3.98-1ubuntu0.2_amd64.deb ...
[CI/Container and migration smoke       ]   | Unpacking libnss3:amd64 (2:3.98-1ubuntu0.2) ...
[CI/Container and migration smoke       ]   | Selecting previously unselected package libxmu6:amd64.
[CI/Container and migration smoke       ]   | Preparing to unpack .../55-libxmu6_2%3a1.1.3-3build2_amd64.deb ...
[CI/Container and migration smoke       ]   | Unpacking libxmu6:amd64 (2:1.1.3-3build2) ...
[CI/Container and migration smoke       ]   | Selecting previously unselected package libxpm4:amd64.
[CI/Container and migration smoke       ]   | Preparing to unpack .../56-libxpm4_1%3a3.5.17-1ubuntu0.24.04.2_amd64.deb ...
[CI/Container and migration smoke       ]   | Unpacking libxpm4:amd64 (1:3.5.17-1ubuntu0.24.04.2) ...
[CI/Container and migration smoke       ]   | Selecting previously unselected package libxaw7:amd64.
[CI/Container and migration smoke       ]   | Preparing to unpack .../57-libxaw7_2%3a1.0.14-1build2_amd64.deb ...
[CI/Container and migration smoke       ]   | Unpacking libxaw7:amd64 (2:1.0.14-1build2) ...
[CI/Container and migration smoke       ]   | Selecting previously unselected package libxcomposite1:amd64.
[CI/Container and migration smoke       ]   | Preparing to unpack .../58-libxcomposite1_1%3a0.4.5-1build3_amd64.deb ...
[CI/Container and migration smoke       ]   | Unpacking libxcomposite1:amd64 (1:0.4.5-1build3) ...
[CI/Container and migration smoke       ]   | Selecting previously unselected package libxdamage1:amd64.
[CI/Container and migration smoke       ]   | Preparing to unpack .../59-libxdamage1_1%3a1.1.6-1build1_amd64.deb ...
[CI/Container and migration smoke       ]   | Unpacking libxdamage1:amd64 (1:1.1.6-1build1) ...
[CI/Container and migration smoke       ]   | Selecting previously unselected package libxfixes3:amd64.
[CI/Container and migration smoke       ]   | Preparing to unpack .../60-libxfixes3_1%3a6.0.0-2build1_amd64.deb ...
[CI/Container and migration smoke       ]   | Unpacking libxfixes3:amd64 (1:6.0.0-2build1) ...
[CI/Container and migration smoke       ]   | Selecting previously unselected package libxfont2:amd64.
[CI/Container and migration smoke       ]   | Preparing to unpack .../61-libxfont2_1%3a2.0.6-1+deb13u1build0.24.04.2_amd64.deb ...
[CI/Container and migration smoke       ]   | Unpacking libxfont2:amd64 (1:2.0.6-1+deb13u1build0.24.04.2) ...
[CI/Container and migration smoke       ]   | Selecting previously unselected package libxkbfile1:amd64.
[CI/Container and migration smoke       ]   | Preparing to unpack .../62-libxkbfile1_1%3a1.1.0-1build4_amd64.deb ...
[CI/Container and migration smoke       ]   | Unpacking libxkbfile1:amd64 (1:1.1.0-1build4) ...
[CI/Container and migration smoke       ]   | Selecting previously unselected package libxrandr2:amd64.
[CI/Container and migration smoke       ]   | Preparing to unpack .../63-libxrandr2_2%3a1.5.2-2build1_amd64.deb ...
[CI/Container and migration smoke       ]   | Unpacking libxrandr2:amd64 (2:1.5.2-2build1) ...
[CI/Container and migration smoke       ]   | Selecting previously unselected package x11-xkb-utils.
[CI/Container and migration smoke       ]   | Preparing to unpack .../64-x11-xkb-utils_7.7+8build2_amd64.deb ...
[CI/Container and migration smoke       ]   | Unpacking x11-xkb-utils (7.7+8build2) ...
[CI/Container and migration smoke       ]   | Selecting previously unselected package xfonts-encodings.
[CI/Container and migration smoke       ]   | Preparing to unpack .../65-xfonts-encodings_1%3a1.0.5-0ubuntu2_all.deb ...
[CI/Container and migration smoke       ]   | Unpacking xfonts-encodings (1:1.0.5-0ubuntu2) ...
[CI/Container and migration smoke       ]   | Selecting previously unselected package xfonts-utils.
[CI/Container and migration smoke       ]   | Preparing to unpack .../66-xfonts-utils_1%3a7.7+6build3_amd64.deb ...
[CI/Container and migration smoke       ]   | Unpacking xfonts-utils (1:7.7+6build3) ...
[CI/Container and migration smoke       ]   | Selecting previously unselected package xfonts-cyrillic.
[CI/Container and migration smoke       ]   | Preparing to unpack .../67-xfonts-cyrillic_1%3a1.0.5+nmu1_all.deb ...
[CI/Container and migration smoke       ]   | Unpacking xfonts-cyrillic (1:1.0.5+nmu1) ...
[CI/Container and migration smoke       ]   | Selecting previously unselected package xfonts-scalable.
[CI/Container and migration smoke       ]   | Preparing to unpack .../68-xfonts-scalable_1%3a1.0.3-1.3_all.deb ...
[CI/Container and migration smoke       ]   | Unpacking xfonts-scalable (1:1.0.3-1.3) ...
[CI/Container and migration smoke       ]   | Selecting previously unselected package xserver-common.
[CI/Container and migration smoke       ]   | Preparing to unpack .../69-xserver-common_2%3a21.1.12-1ubuntu1.8_all.deb ...
[CI/Container and migration smoke       ]   | Unpacking xserver-common (2:21.1.12-1ubuntu1.8) ...
[CI/Container and migration smoke       ]   | Selecting previously unselected package libglvnd0:amd64.
[CI/Container and migration smoke       ]   | Preparing to unpack .../70-libglvnd0_1.7.0-1build1_amd64.deb ...
[CI/Container and migration smoke       ]   | Unpacking libglvnd0:amd64 (1.7.0-1build1) ...
[CI/Container and migration smoke       ]   | Selecting previously unselected package libglx0:amd64.
[CI/Container and migration smoke       ]   | Preparing to unpack .../71-libglx0_1.7.0-1build1_amd64.deb ...
[CI/Container and migration smoke       ]   | Unpacking libglx0:amd64 (1.7.0-1build1) ...
[CI/Container and migration smoke       ]   | Selecting previously unselected package libgl1:amd64.
[CI/Container and migration smoke       ]   | Preparing to unpack .../72-libgl1_1.7.0-1build1_amd64.deb ...
[CI/Container and migration smoke       ]   | Unpacking libgl1:amd64 (1.7.0-1build1) ...
[CI/Container and migration smoke       ]   | Selecting previously unselected package xvfb.
[CI/Container and migration smoke       ]   | Preparing to unpack .../73-xvfb_2%3a21.1.12-1ubuntu1.8_amd64.deb ...
[CI/Container and migration smoke       ]   | Unpacking xvfb (2:21.1.12-1ubuntu1.8) ...
[CI/Container and migration smoke       ]   | Setting up libxcb-dri3-0:amd64 (1.15-1ubuntu2) ...
[CI/Container and migration smoke       ]   | Setting up libx11-xcb1:amd64 (2:1.8.7-1build1) ...
[CI/Container and migration smoke       ]   | Setting up libpciaccess0:amd64 (0.17-3ubuntu0.24.04.3) ...
[CI/Container and migration smoke       ]   | Setting up libxmu6:amd64 (2:1.1.3-3build2) ...
[CI/Container and migration smoke       ]   | Setting up libxdamage1:amd64 (1:1.1.6-1build1) ...
[CI/Container and migration smoke       ]   | Setting up libxcb-xfixes0:amd64 (1.15-1ubuntu2) ...
[CI/Container and migration smoke       ]   | Setting up libxpm4:amd64 (1:3.5.17-1ubuntu0.24.04.2) ...
[CI/Container and migration smoke       ]   | Setting up libxi6:amd64 (2:1.8.1-1build1) ...
[CI/Container and migration smoke       ]   | Setting up fonts-noto-color-emoji (2.047-0ubuntu0.24.04.1) ...
[CI/Container and migration smoke       ]   | Setting up libglvnd0:amd64 (1.7.0-1build1) ...
[CI/Container and migration smoke       ]   | Setting up libxcb-glx0:amd64 (1.15-1ubuntu2) ...
[CI/Container and migration smoke       ]   | Setting up libsensors-config (1:3.6.0-9build1) ...
[CI/Container and migration smoke       ]   | Setting up fonts-wqy-zenhei (0.9.45-8) ...
[CI/Container and migration smoke       ]   | Setting up fonts-freefont-ttf (20211204+svn4273-2) ...
[CI/Container and migration smoke       ]   | Setting up xkb-data (2.41-2ubuntu1.1) ...
[CI/Container and migration smoke       ]   | Setting up libxaw7:amd64 (2:1.0.14-1build2) ...
[CI/Container and migration smoke       ]   | Setting up libxxf86vm1:amd64 (1:1.1.4-1build4) ...
[CI/Container and migration smoke       ]   | Setting up libxcb-present0:amd64 (1.15-1ubuntu2) ...
[CI/Container and migration smoke       ]   | Setting up libasound2-data (1.2.11-1ubuntu0.3) ...
[CI/Container and migration smoke       ]   | Setting up libfontenc1:amd64 (1:1.1.8-1build1) ...
[CI/Container and migration smoke       ]   | Setting up libglib2.0-0t64:amd64 (2.80.0-6ubuntu3.9) ...
[CI/Container and migration smoke       ]   | No schema files found: doing nothing.
[CI/Container and migration smoke       ]   | Setting up libglib2.0-data (2.80.0-6ubuntu3.9) ...
[CI/Container and migration smoke       ]   | Setting up libasound2t64:amd64 (1.2.11-1ubuntu0.3) ...
[CI/Container and migration smoke       ]   | Setting up fonts-tlwg-loma-otf (1:0.7.3-1) ...
[CI/Container and migration smoke       ]   | Setting up libnspr4:amd64 (2:4.35-1.1build1) ...
[CI/Container and migration smoke       ]   | Setting up libxfixes3:amd64 (1:6.0.0-2build1) ...
[CI/Container and migration smoke       ]   | Setting up libxcb-sync1:amd64 (1.15-1ubuntu2) ...
[CI/Container and migration smoke       ]   | Setting up libavahi-common-data:amd64 (0.8-13ubuntu6.2) ...
[CI/Container and migration smoke       ]   | Setting up libatspi2.0-0t64:amd64 (2.52.0-1build1) ...
[CI/Container and migration smoke       ]   | Setting up xfonts-encodings (1:1.0.5-0ubuntu2) ...
[CI/Container and migration smoke       ]   | Setting up libxrandr2:amd64 (2:1.5.2-2build1) ...
[CI/Container and migration smoke       ]   | Setting up libllvm20:amd64 (1:20.1.2-0ubuntu1~24.04.3) ...
[CI/Container and migration smoke       ]   | Setting up gir1.2-glib-2.0:amd64 (2.80.0-6ubuntu3.9) ...
[CI/Container and migration smoke       ]   | Setting up libsensors5:amd64 (1:3.6.0-9build1) ...
[CI/Container and migration smoke       ]   | Setting up libvulkan1:amd64 (1.3.275.0-1build1) ...
[CI/Container and migration smoke       ]   | Setting up fonts-ipafont-gothic (00303-21ubuntu1) ...
[CI/Container and migration smoke       ]   | update-alternatives: using /usr/share/fonts/opentype/ipafont-gothic/ipag.ttf to provide /usr/share/fonts/truetype/fonts-japanese-gothic.ttf (fonts-japanese-gothic.ttf) in auto mode
[CI/Container and migration smoke       ]   | Setting up gir1.2-glib-2.0-dev:amd64 (2.80.0-6ubuntu3.9) ...
[CI/Container and migration smoke       ]   | Setting up libxshmfence1:amd64 (1.3-1build5) ...
[CI/Container and migration smoke       ]   | Setting up at-spi2-common (2.52.0-1build1) ...
[CI/Container and migration smoke       ]   | Setting up libxcb-randr0:amd64 (1.15-1ubuntu2) ...
[CI/Container and migration smoke       ]   | Setting up fonts-liberation (1:2.1.5-3) ...
[CI/Container and migration smoke       ]   | Setting up libxkbfile1:amd64 (1:1.1.0-1build4) ...
[CI/Container and migration smoke       ]   | Setting up libdrm-common (2.4.125-1ubuntu0.1~24.04.2) ...
[CI/Container and migration smoke       ]   | Setting up libxcomposite1:amd64 (1:0.4.5-1build3) ...
[CI/Container and migration smoke       ]   | Setting up libxfont2:amd64 (1:2.0.6-1+deb13u1build0.24.04.2) ...
[CI/Container and migration smoke       ]   | Setting up libxmuu1:amd64 (2:1.1.3-3build2) ...
[CI/Container and migration smoke       ]   | Setting up fonts-unifont (1:15.1.01-1build1) ...
[CI/Container and migration smoke       ]   | Setting up libxkbcommon0:amd64 (1.6.0-1build1) ...
[CI/Container and migration smoke       ]   | Setting up libglib2.0-dev-bin (2.80.0-6ubuntu3.9) ...
[CI/Container and migration smoke       ]   | Setting up libatk1.0-0t64:amd64 (2.52.0-1build1) ...
[CI/Container and migration smoke       ]   | Setting up libgirepository-2.0-0:amd64 (2.80.0-6ubuntu3.9) ...
[CI/Container and migration smoke       ]   | Setting up x11-xkb-utils (7.7+8build2) ...
[CI/Container and migration smoke       ]   | Setting up libavahi-common3:amd64 (0.8-13ubuntu6.2) ...
[CI/Container and migration smoke       ]   | Setting up libglib2.0-bin (2.80.0-6ubuntu3.9) ...
[CI/Container and migration smoke       ]   | Setting up libnss3:amd64 (2:3.98-1ubuntu0.2) ...
[CI/Container and migration smoke       ]   | Setting up xfonts-utils (1:7.7+6build3) ...
[CI/Container and migration smoke       ]   | Setting up libglib2.0-dev:amd64 (2.80.0-6ubuntu3.9) ...
[CI/Container and migration smoke       ]   | Setting up libdrm2:amd64 (2.4.125-1ubuntu0.1~24.04.2) ...
[CI/Container and migration smoke       ]   | Setting up xauth (1:1.1.2-1build1) ...
[CI/Container and migration smoke       ]   | Setting up xfonts-cyrillic (1:1.0.5+nmu1) ...
[CI/Container and migration smoke       ]   | Setting up xserver-common (2:21.1.12-1ubuntu1.8) ...
[CI/Container and migration smoke       ]   | Setting up libavahi-client3:amd64 (0.8-13ubuntu6.2) ...
[CI/Container and migration smoke       ]   | Setting up xfonts-scalable (1:1.0.3-1.3) ...
[CI/Container and migration smoke       ]   | Setting up libdrm-amdgpu1:amd64 (2.4.125-1ubuntu0.1~24.04.2) ...
[CI/Container and migration smoke       ]   | Setting up libatk-bridge2.0-0t64:amd64 (2.52.0-1build1) ...
[CI/Container and migration smoke       ]   | Setting up libdrm-intel1:amd64 (2.4.125-1ubuntu0.1~24.04.2) ...
[CI/Container and migration smoke       ]   | Setting up libcups2t64:amd64 (2.4.7-1.2ubuntu7.14) ...
[CI/Container and migration smoke       ]   | Setting up mesa-libgallium:amd64 (25.2.8-0ubuntu0.24.04.4) ...
[CI/Container and migration smoke       ]   | Setting up libgbm1:amd64 (25.2.8-0ubuntu0.24.04.4) ...
[CI/Container and migration smoke       ]   | Setting up libgl1-mesa-dri:amd64 (25.2.8-0ubuntu0.24.04.4) ...
[CI/Container and migration smoke       ]   | Setting up libglx-mesa0:amd64 (25.2.8-0ubuntu0.24.04.4) ...
[CI/Container and migration smoke       ]   | Setting up libglx0:amd64 (1.7.0-1build1) ...
[CI/Container and migration smoke       ]   | Setting up libgl1:amd64 (1.7.0-1build1) ...
[CI/Container and migration smoke       ]   | Setting up xvfb (2:21.1.12-1ubuntu1.8) ...
[CI/Container and migration smoke       ]   | Processing triggers for fontconfig (2.15.0-1.1ubuntu2) ...
[CI/Container and migration smoke       ]   | Processing triggers for libc-bin (2.39-0ubuntu8.8) ...
[CI/Container and migration smoke       ]   | Downloading Chrome for Testing 149.0.7827.55 (playwright chromium v1228) from https://cdn.playwright.dev/builds/cft/149.0.7827.55/linux64/chrome-linux64.zip
[CI/Container and migration smoke       ]   | |                                                                                |   0% of 177 MiB
[CI/Container and migration smoke       ]   | |■■■■■■■■                                                                        |  10% of 177 MiB
[CI/Container and migration smoke       ]   | |■■■■■■■■■■■■■■■■                                                                |  20% of 177 MiB
[CI/Container and migration smoke       ]   | |■■■■■■■■■■■■■■■■■■■■■■■■                                                        |  30% of 177 MiB
[CI/Container and migration smoke       ]   | |■■■■■■■■■■■■■■■■■■■■■■■■■■■■■■■■                                                |  40% of 177 MiB
[CI/Container and migration smoke       ]   | |■■■■■■■■■■■■■■■■■■■■■■■■■■■■■■■■■■■■■■■■                                        |  50% of 177 MiB
[CI/Container and migration smoke       ]   | |■■■■■■■■■■■■■■■■■■■■■■■■■■■■■■■■■■■■■■■■■■■■■■■■                                |  60% of 177 MiB
[CI/Container and migration smoke       ]   | |■■■■■■■■■■■■■■■■■■■■■■■■■■■■■■■■■■■■■■■■■■■■■■■■■■■■■■■■                        |  70% of 177 MiB
[CI/Container and migration smoke       ]   | |■■■■■■■■■■■■■■■■■■■■■■■■■■■■■■■■■■■■■■■■■■■■■■■■■■■■■■■■■■■■■■■■                |  80% of 177 MiB
[CI/Container and migration smoke       ]   | |■■■■■■■■■■■■■■■■■■■■■■■■■■■■■■■■■■■■■■■■■■■■■■■■■■■■■■■■■■■■■■■■■■■■■■■■        |  90% of 177 MiB
[CI/Container and migration smoke       ]   | |■■■■■■■■■■■■■■■■■■■■■■■■■■■■■■■■■■■■■■■■■■■■■■■■■■■■■■■■■■■■■■■■■■■■■■■■■■■■■■■■| 100% of 177 MiB
[CI/Container and migration smoke       ]   | Chrome for Testing 149.0.7827.55 (playwright chromium v1228) downloaded to /root/.cache/ms-playwright/chromium-1228
[CI/Container and migration smoke       ]   | Downloading FFmpeg (playwright ffmpeg v1011) from https://cdn.playwright.dev/dbazure/download/playwright/builds/ffmpeg/1011/ffmpeg-linux.zip
[CI/Container and migration smoke       ]   | |                                                                                |   1% of 2.3 MiB
[CI/Container and migration smoke       ]   | |■■■■■■■■                                                                        |  10% of 2.3 MiB
[CI/Container and migration smoke       ]   | |■■■■■■■■■■■■■■■■                                                                |  20% of 2.3 MiB
[CI/Container and migration smoke       ]   | |■■■■■■■■■■■■■■■■■■■■■■■■                                                        |  30% of 2.3 MiB
[CI/Container and migration smoke       ]   | |■■■■■■■■■■■■■■■■■■■■■■■■■■■■■■■■                                                |  40% of 2.3 MiB
[CI/Container and migration smoke       ]   | |■■■■■■■■■■■■■■■■■■■■■■■■■■■■■■■■■■■■■■■■                                        |  50% of 2.3 MiB
[CI/Container and migration smoke       ]   | |■■■■■■■■■■■■■■■■■■■■■■■■■■■■■■■■■■■■■■■■■■■■■■■■                                |  61% of 2.3 MiB
[CI/Container and migration smoke       ]   | |■■■■■■■■■■■■■■■■■■■■■■■■■■■■■■■■■■■■■■■■■■■■■■■■■■■■■■■■                        |  70% of 2.3 MiB
[CI/Container and migration smoke       ]   | |■■■■■■■■■■■■■■■■■■■■■■■■■■■■■■■■■■■■■■■■■■■■■■■■■■■■■■■■■■■■■■■■                |  80% of 2.3 MiB
[CI/Container and migration smoke       ]   | |■■■■■■■■■■■■■■■■■■■■■■■■■■■■■■■■■■■■■■■■■■■■■■■■■■■■■■■■■■■■■■■■■■■■■■■■        |  91% of 2.3 MiB
[CI/Container and migration smoke       ]   | |■■■■■■■■■■■■■■■■■■■■■■■■■■■■■■■■■■■■■■■■■■■■■■■■■■■■■■■■■■■■■■■■■■■■■■■■■■■■■■■■| 100% of 2.3 MiB
[CI/Container and migration smoke       ]   | FFmpeg (playwright ffmpeg v1011) downloaded to /root/.cache/ms-playwright/ffmpeg-1011
[CI/Container and migration smoke       ]   | Downloading Chrome Headless Shell 149.0.7827.55 (playwright chromium-headless-shell v1228) from https://cdn.playwright.dev/builds/cft/149.0.7827.55/linux64/chrome-headless-shell-linux64.zip
[CI/Container and migration smoke       ]   | |                                                                                |   0% of 114.2 MiB
[CI/Container and migration smoke       ]   | |■■■■■■■■                                                                        |  10% of 114.2 MiB
[CI/Container and migration smoke       ]   | |■■■■■■■■■■■■■■■■                                                                |  20% of 114.2 MiB
[CI/Container and migration smoke       ]   | |■■■■■■■■■■■■■■■■■■■■■■■■                                                        |  30% of 114.2 MiB
[CI/Container and migration smoke       ]   | |■■■■■■■■■■■■■■■■■■■■■■■■■■■■■■■■                                                |  40% of 114.2 MiB
[CI/Container and migration smoke       ]   | |■■■■■■■■■■■■■■■■■■■■■■■■■■■■■■■■■■■■■■■■                                        |  50% of 114.2 MiB
[CI/Container and migration smoke       ]   | |■■■■■■■■■■■■■■■■■■■■■■■■■■■■■■■■■■■■■■■■■■■■■■■■                                |  60% of 114.2 MiB
[CI/Container and migration smoke       ]   | |■■■■■■■■■■■■■■■■■■■■■■■■■■■■■■■■■■■■■■■■■■■■■■■■■■■■■■■■                        |  70% of 114.2 MiB
[CI/Container and migration smoke       ]   | |■■■■■■■■■■■■■■■■■■■■■■■■■■■■■■■■■■■■■■■■■■■■■■■■■■■■■■■■■■■■■■■■                |  80% of 114.2 MiB
[CI/Container and migration smoke       ]   | |■■■■■■■■■■■■■■■■■■■■■■■■■■■■■■■■■■■■■■■■■■■■■■■■■■■■■■■■■■■■■■■■■■■■■■■■        |  90% of 114.2 MiB
[CI/Container and migration smoke       ]   | |■■■■■■■■■■■■■■■■■■■■■■■■■■■■■■■■■■■■■■■■■■■■■■■■■■■■■■■■■■■■■■■■■■■■■■■■■■■■■■■■| 100% of 114.2 MiB
[CI/Container and migration smoke       ]   | Chrome Headless Shell 149.0.7827.55 (playwright chromium-headless-shell v1228) downloaded to /root/.cache/ms-playwright/chromium_headless_shell-1228
[CI/Container and migration smoke       ]   ✅  Success - Main Install Playwright Chromium [48.146916615s]
[CI/Container and migration smoke       ] ⭐ Run Main Install standalone converter test dependencies
[CI/Container and migration smoke       ]   🐳  docker exec cmd=[bash -e /var/run/act/workflow/9] user= workdir=
[CI/Container and migration smoke       ]   | bun install v1.4.2 (744846f84)
[CI/Container and migration smoke       ]   |
[CI/Container and migration smoke       ]   | Checked 13 installs across 14 packages (no changes) [6.00ms]
[CI/Container and migration smoke       ]   ✅  Success - Main Install standalone converter test dependencies [91.159896ms]
[CI/Container and migration smoke       ] ⭐ Run Main Verify converted database boots and survives restart
[CI/Container and migration smoke       ]   🐳  docker exec cmd=[bash -e /var/run/act/workflow/10] user= workdir=
[CI/Container and migration smoke       ]   | The plugin "vite-tsconfig-paths" is detected. Vite now supports tsconfig paths resolution natively via the resolve.tsconfigPaths option. You can remove the plugin and set resolve.tsconfigPaths: true in your Vite config instead.
[CI/Container and migration smoke       ]   | The plugin "vite-tsconfig-paths" is detected. Vite now supports tsconfig paths resolution natively via the resolve.tsconfigPaths option. You can remove the plugin and set resolve.tsconfigPaths: true in your Vite config instead.
[CI/Container and migration smoke       ]   |
[CI/Container and migration smoke       ]   |  RUN  v4.1.10 /home/habs/.codex/worktrees/84a3/homarr
[CI/Container and migration smoke       ]   |
[CI/Container and migration smoke       ]   | stdout | e2e/mysql-conversion.spec.ts > converted MySQL data boots, authenticates and survives a v2 restart
[CI/Container and migration smoke       ]   | Starting with UID='0', GID='0'
[CI/Container and migration smoke       ]   |
[CI/Container and migration smoke       ]   | Running DB migrations
[CI/Container and migration smoke       ]   |
[CI/Container and migration smoke       ]   |
[CI/Container and migration smoke       ]   | stdout | e2e/mysql-conversion.spec.ts > converted MySQL data boots, authenticates and survives a v2 restart
[CI/Container and migration smoke       ]   | Created group 'everyone' through seed
[CI/Container and migration smoke       ]   |
[CI/Container and migration smoke       ]   |
[CI/Container and migration smoke       ]   | stdout | e2e/mysql-conversion.spec.ts > converted MySQL data boots, authenticates and survives a v2 restart
[CI/Container and migration smoke       ]   | Skipping seeding of onboarding as it already exists
[CI/Container and migration smoke       ]   |
[CI/Container and migration smoke       ]   |
[CI/Container and migration smoke       ]   | stdout | e2e/mysql-conversion.spec.ts > converted MySQL data boots, authenticates and survives a v2 restart
[CI/Container and migration smoke       ]   | Created serverSetting through seed key=analytics
[CI/Container and migration smoke       ]   |
[CI/Container and migration smoke       ]   |
[CI/Container and migration smoke       ]   | stdout | e2e/mysql-conversion.spec.ts > converted MySQL data boots, authenticates and survives a v2 restart
[CI/Container and migration smoke       ]   | Created serverSetting through seed key=crawlingAndIndexing
[CI/Container and migration smoke       ]   |
[CI/Container and migration smoke       ]   |
[CI/Container and migration smoke       ]   | stdout | e2e/mysql-conversion.spec.ts > converted MySQL data boots, authenticates and survives a v2 restart
[CI/Container and migration smoke       ]   | Created serverSetting through seed key=board
[CI/Container and migration smoke       ]   |
[CI/Container and migration smoke       ]   |
[CI/Container and migration smoke       ]   | stdout | e2e/mysql-conversion.spec.ts > converted MySQL data boots, authenticates and survives a v2 restart
[CI/Container and migration smoke       ]   | Created serverSetting through seed key=user
[CI/Container and migration smoke       ]   |
[CI/Container and migration smoke       ]   |
[CI/Container and migration smoke       ]   | stdout | e2e/mysql-conversion.spec.ts > converted MySQL data boots, authenticates and survives a v2 restart
[CI/Container and migration smoke       ]   | Created serverSetting through seed key=appearance
[CI/Container and migration smoke       ]   |
[CI/Container and migration smoke       ]   |
[CI/Container and migration smoke       ]   | stdout | e2e/mysql-conversion.spec.ts > converted MySQL data boots, authenticates and survives a v2 restart
[CI/Container and migration smoke       ]   | Skipping seeding for serverSetting as it already exists key=branding
[CI/Container and migration smoke       ]   |
[CI/Container and migration smoke       ]   |
[CI/Container and migration smoke       ]   | stdout | e2e/mysql-conversion.spec.ts > converted MySQL data boots, authenticates and survives a v2 restart
[CI/Container and migration smoke       ]   | Created serverSetting through seed key=culture
[CI/Container and migration smoke       ]   |
[CI/Container and migration smoke       ]   |
[CI/Container and migration smoke       ]   | stdout | e2e/mysql-conversion.spec.ts > converted MySQL data boots, authenticates and survives a v2 restart
[CI/Container and migration smoke       ]   | Created serverSetting through seed key=search
[CI/Container and migration smoke       ]   |
[CI/Container and migration smoke       ]   |
[CI/Container and migration smoke       ]   | stdout | e2e/mysql-conversion.spec.ts > converted MySQL data boots, authenticates and survives a v2 restart
[CI/Container and migration smoke       ]   | Skipping seeding of default search engines as some already exists
[CI/Container and migration smoke       ]   |
[CI/Container and migration smoke       ]   |
[CI/Container and migration smoke       ]   | stdout | e2e/mysql-conversion.spec.ts > converted MySQL data boots, authenticates and survives a v2 restart
[CI/Container and migration smoke       ]   | No default integrations found to seed
[CI/Container and migration smoke       ]   |
[CI/Container and migration smoke       ]   |
[CI/Container and migration smoke       ]   | stdout | e2e/mysql-conversion.spec.ts > converted MySQL data boots, authenticates and survives a v2 restart
[CI/Container and migration smoke       ]   | Skipping seeding of default apps as some already exist
[CI/Container and migration smoke       ]   |
[CI/Container and migration smoke       ]   |
[CI/Container and migration smoke       ]   | stdout | e2e/mysql-conversion.spec.ts > converted MySQL data boots, authenticates and survives a v2 restart
[CI/Container and migration smoke       ]   | Skipping seeding of default board as one already exists
[CI/Container and migration smoke       ]   |
[CI/Container and migration smoke       ]   |
[CI/Container and migration smoke       ]   | stdout | e2e/mysql-conversion.spec.ts > converted MySQL data boots, authenticates and survives a v2 restart
[CI/Container and migration smoke       ]   | Created 5 bundled custom widgets through seeding process
[CI/Container and migration smoke       ]   |
[CI/Container and migration smoke       ]   |
[CI/Container and migration smoke       ]   | stdout | e2e/mysql-conversion.spec.ts > converted MySQL data boots, authenticates and survives a v2 restart
[CI/Container and migration smoke       ]   | Skipping seeding of board widgets as some already exist
[CI/Container and migration smoke       ]   |
[CI/Container and migration smoke       ]   |
[CI/Container and migration smoke       ]   | stdout | e2e/mysql-conversion.spec.ts > converted MySQL data boots, authenticates and survives a v2 restart
[CI/Container and migration smoke       ]   | Migrated release widget providers to options count="0"
[CI/Container and migration smoke       ]   |
[CI/Container and migration smoke       ]   |
[CI/Container and migration smoke       ]   | stdout | e2e/mysql-conversion.spec.ts > converted MySQL data boots, authenticates and survives a v2 restart
[CI/Container and migration smoke       ]   | Migrating app items with showDescriptionTooltip to descriptionDisplayMode count=0
[CI/Container and migration smoke       ]   |
[CI/Container and migration smoke       ]   | Migrated app items with showDescriptionTooltip to descriptionDisplayMode count=0
[CI/Container and migration smoke       ]   |
[CI/Container and migration smoke       ]   |
[CI/Container and migration smoke       ]   | stdout | e2e/mysql-conversion.spec.ts > converted MySQL data boots, authenticates and survives a v2 restart
[CI/Container and migration smoke       ]   | Migration complete
[CI/Container and migration smoke       ]   |
[CI/Container and migration smoke       ]   |
[CI/Container and migration smoke       ]   | stdout | e2e/mysql-conversion.spec.ts > converted MySQL data boots, authenticates and survives a v2 restart
[CI/Container and migration smoke       ]   | Starting internal Redis server
[CI/Container and migration smoke       ]   |
[CI/Container and migration smoke       ]   |
[CI/Container and migration smoke       ]   | stdout | e2e/mysql-conversion.spec.ts > converted MySQL data boots, authenticates and survives a v2 restart
[CI/Container and migration smoke       ]   | 31:C 03 Oct 2026 05:40:11.484 # WARNING Memory overcommit must be enabled! Without it, a background save or replication may fail under low memory condition. To fix this issue add 'vm.overcommit_memory = 1' to /etc/sysctl.conf and then reboot or run the command 'sysctl vm.overcommit_memory=1' for this to take effect.
[CI/Container and migration smoke       ]   |
[CI/Container and migration smoke       ]   | 31:C 03 Oct 2026 05:40:11.484 * oO0OoO0OoO0Oo Redis is starting oO0OoO0OoO0Oo
[CI/Container and migration smoke       ]   |
[CI/Container and migration smoke       ]   | 31:C 03 Oct 2026 05:40:11.484 * Redis version=8.0.4, bits=64, commit=00000000, modified=1, pid=31, just started
[CI/Container and migration smoke       ]   |
[CI/Container and migration smoke       ]   | 31:C 03 Oct 2026 05:40:11.484 * Configuration loaded
[CI/Container and migration smoke       ]   |
[CI/Container and migration smoke       ]   | 31:M 03 Oct 2026 05:40:11.484 * monotonic clock: POSIX clock_gettime
[CI/Container and migration smoke       ]   |
[CI/Container and migration smoke       ]   | 31:M 03 Oct 2026 05:40:11.485 * Running mode=standalone, port=6379.
[CI/Container and migration smoke       ]   |
[CI/Container and migration smoke       ]   |
[CI/Container and migration smoke       ]   | stdout | e2e/mysql-conversion.spec.ts > converted MySQL data boots, authenticates and survives a v2 restart
[CI/Container and migration smoke       ]   | 31:M 03 Oct 2026 05:40:11.486 * Server initialized
[CI/Container and migration smoke       ]   |
[CI/Container and migration smoke       ]   | 31:M 03 Oct 2026 05:40:11.486 * Ready to accept connections tcp
[CI/Container and migration smoke       ]   |
[CI/Container and migration smoke       ]   |
[CI/Container and migration smoke       ]   | stdout | e2e/mysql-conversion.spec.ts > converted MySQL data boots, authenticates and survives a v2 restart
[CI/Container and migration smoke       ]   | ▲ Next.js 16.3.6
[CI/Container and migration smoke       ]   |
[CI/Container and migration smoke       ]   | - Local:         http://localhost:3000
[CI/Container and migration smoke       ]   |
[CI/Container and migration smoke       ]   | - Network:       http://0.0.0.0:3000
[CI/Container and migration smoke       ]   |
[CI/Container and migration smoke       ]   |
[CI/Container and migration smoke       ]   | stdout | e2e/mysql-conversion.spec.ts > converted MySQL data boots, authenticates and survives a v2 restart
[CI/Container and migration smoke       ]   | ✓ Ready in 0ms
[CI/Container and migration smoke       ]   |
[CI/Container and migration smoke       ]   |
[CI/Container and migration smoke       ]   | stdout | e2e/mysql-conversion.spec.ts > converted MySQL data boots, authenticates and survives a v2 restart
[CI/Container and migration smoke       ]   | ✓ Running next.config took 1.8ms
[CI/Container and migration smoke       ]   |
[CI/Container and migration smoke       ]   |
[CI/Container and migration smoke       ]   | stdout | e2e/mysql-conversion.spec.ts > converted MySQL data boots, authenticates and survives a v2 restart
[CI/Container and migration smoke       ]   | 2026-10-03T05:40:12.403Z info: Starting schedule of cron job. module="cronJobs" name="analytics"
[CI/Container and migration smoke       ]   |
[CI/Container and migration smoke       ]   |
[CI/Container and migration smoke       ]   | stdout | e2e/mysql-conversion.spec.ts > converted MySQL data boots, authenticates and survives a v2 restart
[CI/Container and migration smoke       ]   | 2026-10-03T05:40:12.404Z info: ✅ WebSocket Server listening on ws://localhost:3001 module="websocketMain"
[CI/Container and migration smoke       ]   |
[CI/Container and migration smoke       ]   |
[CI/Container and migration smoke       ]   | stdout | e2e/mysql-conversion.spec.ts > converted MySQL data boots, authenticates and survives a v2 restart
[CI/Container and migration smoke       ]   | 2026-10-03T05:40:13.801Z info: Starting schedule of cron job. module="cronJobs" name="iconsUpdater"
[CI/Container and migration smoke       ]   |
[CI/Container and migration smoke       ]   |
[CI/Container and migration smoke       ]   | stdout | e2e/mysql-conversion.spec.ts > converted MySQL data boots, authenticates and survives a v2 restart
[CI/Container and migration smoke       ]   | 2026-10-03T05:40:16.277Z info: User is trying to log in. Checking password... module="basicAuthorization" userName="migration-user"
[CI/Container and migration smoke       ]   |
[CI/Container and migration smoke       ]   |
[CI/Container and migration smoke       ]   | stdout | e2e/mysql-conversion.spec.ts > converted MySQL data boots, authenticates and survives a v2 restart
[CI/Container and migration smoke       ]   | 2026-10-03T05:40:16.327Z info: User successfully authorized module="basicAuthorization" userName="migration-user"
[CI/Container and migration smoke       ]   |
[CI/Container and migration smoke       ]   |
[CI/Container and migration smoke       ]   | stdout | e2e/mysql-conversion.spec.ts > converted MySQL data boots, authenticates and survives a v2 restart
[CI/Container and migration smoke       ]   | 2026-10-03T05:40:16.415Z info: Added user to everyone group. module="authEvents" userId="migration-user"
[CI/Container and migration smoke       ]   |
[CI/Container and migration smoke       ]   |
[CI/Container and migration smoke       ]   | stdout | e2e/mysql-conversion.spec.ts > converted MySQL data boots, authenticates and survives a v2 restart
[CI/Container and migration smoke       ]   | 2026-10-03T05:40:16+00:00 info: User logged in module="authEvents" userId="migration-user" userName="migration-user"
[CI/Container and migration smoke       ]   |
[CI/Container and migration smoke       ]   |
[CI/Container and migration smoke       ]   | stdout | e2e/mysql-conversion.spec.ts > converted MySQL data boots, authenticates and survives a v2 restart
[CI/Container and migration smoke       ]   | 2026-10-03T05:40:16.635Z info: Received tRPC request module="trpc" source="rsc" userId="migration-user" userName="migration-user"
[CI/Container and migration smoke       ]   |
[CI/Container and migration smoke       ]   |
[CI/Container and migration smoke       ]   | stdout | e2e/mysql-conversion.spec.ts > converted MySQL data boots, authenticates and survives a v2 restart
[CI/Container and migration smoke       ]   | ⨯ Error: The destination stream closed early.
[CI/Container and migration smoke       ]   |
[CI/Container and migration smoke       ]   |     at emitCloseNT (internal:streams/destroy:78:14)
[CI/Container and migration smoke       ]   |
[CI/Container and migration smoke       ]   |     at processTicksAndRejections (null) {
[CI/Container and migration smoke       ]   |
[CI/Container and migration smoke       ]   |   digest: '3464879543'
[CI/Container and migration smoke       ]   |
[CI/Container and migration smoke       ]   | }
[CI/Container and migration smoke       ]   |
[CI/Container and migration smoke       ]   |
[CI/Container and migration smoke       ]   | stdout | e2e/mysql-conversion.spec.ts > converted MySQL data boots, authenticates and survives a v2 restart
[CI/Container and migration smoke       ]   | 2026-10-03T05:40:16.759Z info: Received tRPC request module="trpc" source="rsc" userId="migration-user" userName="migration-user"
[CI/Container and migration smoke       ]   |
[CI/Container and migration smoke       ]   |
[CI/Container and migration smoke       ]   | stdout | e2e/mysql-conversion.spec.ts > converted MySQL data boots, authenticates and survives a v2 restart
[CI/Container and migration smoke       ]   | 2026-10-03T05:40:17.341Z info: Received tRPC request module="trpc" source="rsc" userId="migration-user" userName="migration-user"
[CI/Container and migration smoke       ]   |
[CI/Container and migration smoke       ]   |
[CI/Container and migration smoke       ]   | stdout | e2e/mysql-conversion.spec.ts > converted MySQL data boots, authenticates and survives a v2 restart
[CI/Container and migration smoke       ]   | Shutting down...
[CI/Container and migration smoke       ]   |
[CI/Container and migration smoke       ]   |
[CI/Container and migration smoke       ]   | stdout | e2e/mysql-conversion.spec.ts > converted MySQL data boots, authenticates and survives a v2 restart
[CI/Container and migration smoke       ]   | 2026-10-03T05:40:18.808Z info: SIGTERM module="websocketMain"
[CI/Container and migration smoke       ]   |
[CI/Container and migration smoke       ]   |
[CI/Container and migration smoke       ]   | stdout | e2e/mysql-conversion.spec.ts > converted MySQL data boots, authenticates and survives a v2 restart
[CI/Container and migration smoke       ]   | Stream closed
[CI/Container and migration smoke       ]   |
[CI/Container and migration smoke       ]   | stdout | e2e/mysql-conversion.spec.ts > converted MySQL data boots, authenticates and survives a v2 restart
[CI/Container and migration smoke       ]   | Starting with UID='0', GID='0'
[CI/Container and migration smoke       ]   |
[CI/Container and migration smoke       ]   | Running DB migrations
[CI/Container and migration smoke       ]   |
[CI/Container and migration smoke       ]   |
[CI/Container and migration smoke       ]   | stdout | e2e/mysql-conversion.spec.ts > converted MySQL data boots, authenticates and survives a v2 restart
[CI/Container and migration smoke       ]   | Skipping seeding of group 'everyone' as it already exists
[CI/Container and migration smoke       ]   |
[CI/Container and migration smoke       ]   |
[CI/Container and migration smoke       ]   | stdout | e2e/mysql-conversion.spec.ts > converted MySQL data boots, authenticates and survives a v2 restart
[CI/Container and migration smoke       ]   | Skipping seeding of onboarding as it already exists
[CI/Container and migration smoke       ]   |
[CI/Container and migration smoke       ]   |
[CI/Container and migration smoke       ]   | stdout | e2e/mysql-conversion.spec.ts > converted MySQL data boots, authenticates and survives a v2 restart
[CI/Container and migration smoke       ]   | Skipping seeding for serverSetting as it already exists key=analytics
[CI/Container and migration smoke       ]   |
[CI/Container and migration smoke       ]   |
[CI/Container and migration smoke       ]   | stdout | e2e/mysql-conversion.spec.ts > converted MySQL data boots, authenticates and survives a v2 restart
[CI/Container and migration smoke       ]   | Skipping seeding for serverSetting as it already exists key=crawlingAndIndexing
[CI/Container and migration smoke       ]   |
[CI/Container and migration smoke       ]   |
[CI/Container and migration smoke       ]   | stdout | e2e/mysql-conversion.spec.ts > converted MySQL data boots, authenticates and survives a v2 restart
[CI/Container and migration smoke       ]   | Skipping seeding for serverSetting as it already exists key=board
[CI/Container and migration smoke       ]   |
[CI/Container and migration smoke       ]   |
[CI/Container and migration smoke       ]   | stdout | e2e/mysql-conversion.spec.ts > converted MySQL data boots, authenticates and survives a v2 restart
[CI/Container and migration smoke       ]   | Skipping seeding for serverSetting as it already exists key=user
[CI/Container and migration smoke       ]   |
[CI/Container and migration smoke       ]   |
[CI/Container and migration smoke       ]   | stdout | e2e/mysql-conversion.spec.ts > converted MySQL data boots, authenticates and survives a v2 restart
[CI/Container and migration smoke       ]   | Skipping seeding for serverSetting as it already exists key=appearance
[CI/Container and migration smoke       ]   |
[CI/Container and migration smoke       ]   |
[CI/Container and migration smoke       ]   | stdout | e2e/mysql-conversion.spec.ts > converted MySQL data boots, authenticates and survives a v2 restart
[CI/Container and migration smoke       ]   | Skipping seeding for serverSetting as it already exists key=branding
[CI/Container and migration smoke       ]   |
[CI/Container and migration smoke       ]   |
[CI/Container and migration smoke       ]   | stdout | e2e/mysql-conversion.spec.ts > converted MySQL data boots, authenticates and survives a v2 restart
[CI/Container and migration smoke       ]   | Skipping seeding for serverSetting as it already exists key=culture
[CI/Container and migration smoke       ]   |
[CI/Container and migration smoke       ]   |
[CI/Container and migration smoke       ]   | stdout | e2e/mysql-conversion.spec.ts > converted MySQL data boots, authenticates and survives a v2 restart
[CI/Container and migration smoke       ]   | Skipping seeding for serverSetting as it already exists key=search
[CI/Container and migration smoke       ]   |
[CI/Container and migration smoke       ]   |
[CI/Container and migration smoke       ]   | stdout | e2e/mysql-conversion.spec.ts > converted MySQL data boots, authenticates and survives a v2 restart
[CI/Container and migration smoke       ]   | Skipping seeding of default search engines as some already exists
[CI/Container and migration smoke       ]   |
[CI/Container and migration smoke       ]   |
[CI/Container and migration smoke       ]   | stdout | e2e/mysql-conversion.spec.ts > converted MySQL data boots, authenticates and survives a v2 restart
[CI/Container and migration smoke       ]   | No default integrations found to seed
[CI/Container and migration smoke       ]   |
[CI/Container and migration smoke       ]   |
[CI/Container and migration smoke       ]   | stdout | e2e/mysql-conversion.spec.ts > converted MySQL data boots, authenticates and survives a v2 restart
[CI/Container and migration smoke       ]   | Skipping seeding of default apps as some already exist
[CI/Container and migration smoke       ]   |
[CI/Container and migration smoke       ]   |
[CI/Container and migration smoke       ]   | stdout | e2e/mysql-conversion.spec.ts > converted MySQL data boots, authenticates and survives a v2 restart
[CI/Container and migration smoke       ]   | Skipping seeding of default board as one already exists
[CI/Container and migration smoke       ]   |
[CI/Container and migration smoke       ]   |
[CI/Container and migration smoke       ]   | stdout | e2e/mysql-conversion.spec.ts > converted MySQL data boots, authenticates and survives a v2 restart
[CI/Container and migration smoke       ]   | Skipping seeding of bundled custom widgets because they already exist
[CI/Container and migration smoke       ]   |
[CI/Container and migration smoke       ]   |
[CI/Container and migration smoke       ]   | stdout | e2e/mysql-conversion.spec.ts > converted MySQL data boots, authenticates and survives a v2 restart
[CI/Container and migration smoke       ]   | Skipping seeding of board widgets as some already exist
[CI/Container and migration smoke       ]   |
[CI/Container and migration smoke       ]   |
[CI/Container and migration smoke       ]   | stdout | e2e/mysql-conversion.spec.ts > converted MySQL data boots, authenticates and survives a v2 restart
[CI/Container and migration smoke       ]   | Migrated release widget providers to options count="0"
[CI/Container and migration smoke       ]   |
[CI/Container and migration smoke       ]   |
[CI/Container and migration smoke       ]   | stdout | e2e/mysql-conversion.spec.ts > converted MySQL data boots, authenticates and survives a v2 restart
[CI/Container and migration smoke       ]   | Migrating app items with showDescriptionTooltip to descriptionDisplayMode count=0
[CI/Container and migration smoke       ]   |
[CI/Container and migration smoke       ]   | Migrated app items with showDescriptionTooltip to descriptionDisplayMode count=0
[CI/Container and migration smoke       ]   |
[CI/Container and migration smoke       ]   |
[CI/Container and migration smoke       ]   | stdout | e2e/mysql-conversion.spec.ts > converted MySQL data boots, authenticates and survives a v2 restart
[CI/Container and migration smoke       ]   | Migration complete
[CI/Container and migration smoke       ]   |
[CI/Container and migration smoke       ]   |
[CI/Container and migration smoke       ]   | stdout | e2e/mysql-conversion.spec.ts > converted MySQL data boots, authenticates and survives a v2 restart
[CI/Container and migration smoke       ]   | Starting internal Redis server
[CI/Container and migration smoke       ]   |
[CI/Container and migration smoke       ]   |
[CI/Container and migration smoke       ]   | stdout | e2e/mysql-conversion.spec.ts > converted MySQL data boots, authenticates and survives a v2 restart
[CI/Container and migration smoke       ]   | 31:C 03 Oct 2026 05:40:19.962 # WARNING Memory overcommit must be enabled! Without it, a background save or replication may fail under low memory condition. To fix this issue add 'vm.overcommit_memory = 1' to /etc/sysctl.conf and then reboot or run the command 'sysctl vm.overcommit_memory=1' for this to take effect.
[CI/Container and migration smoke       ]   |
[CI/Container and migration smoke       ]   | 31:C 03 Oct 2026 05:40:19.962 * oO0OoO0OoO0Oo Redis is starting oO0OoO0OoO0Oo
[CI/Container and migration smoke       ]   |
[CI/Container and migration smoke       ]   | 31:C 03 Oct 2026 05:40:19.962 * Redis version=8.0.4, bits=64, commit=00000000, modified=1, pid=31, just started
[CI/Container and migration smoke       ]   |
[CI/Container and migration smoke       ]   |
[CI/Container and migration smoke       ]   | stdout | e2e/mysql-conversion.spec.ts > converted MySQL data boots, authenticates and survives a v2 restart
[CI/Container and migration smoke       ]   | 31:C 03 Oct 2026 05:40:19.962 * Configuration loaded
[CI/Container and migration smoke       ]   |
[CI/Container and migration smoke       ]   |
[CI/Container and migration smoke       ]   | stdout | e2e/mysql-conversion.spec.ts > converted MySQL data boots, authenticates and survives a v2 restart
[CI/Container and migration smoke       ]   | 31:M 03 Oct 2026 05:40:19.962 * monotonic clock: POSIX clock_gettime
[CI/Container and migration smoke       ]   |
[CI/Container and migration smoke       ]   |
[CI/Container and migration smoke       ]   | stdout | e2e/mysql-conversion.spec.ts > converted MySQL data boots, authenticates and survives a v2 restart
[CI/Container and migration smoke       ]   | 31:M 03 Oct 2026 05:40:19.963 * Running mode=standalone, port=6379.
[CI/Container and migration smoke       ]   |
[CI/Container and migration smoke       ]   |
[CI/Container and migration smoke       ]   | stdout | e2e/mysql-conversion.spec.ts > converted MySQL data boots, authenticates and survives a v2 restart
[CI/Container and migration smoke       ]   | 31:M 03 Oct 2026 05:40:19.963 * Server initialized
[CI/Container and migration smoke       ]   |
[CI/Container and migration smoke       ]   | 31:M 03 Oct 2026 05:40:19.963 * Ready to accept connections tcp
[CI/Container and migration smoke       ]   |
[CI/Container and migration smoke       ]   |
[CI/Container and migration smoke       ]   | stdout | e2e/mysql-conversion.spec.ts > converted MySQL data boots, authenticates and survives a v2 restart
[CI/Container and migration smoke       ]   | ▲ Next.js 16.3.6
[CI/Container and migration smoke       ]   |
[CI/Container and migration smoke       ]   | - Local:         http://localhost:3000
[CI/Container and migration smoke       ]   |
[CI/Container and migration smoke       ]   | - Network:       http://0.0.0.0:3000
[CI/Container and migration smoke       ]   |
[CI/Container and migration smoke       ]   |
[CI/Container and migration smoke       ]   | stdout | e2e/mysql-conversion.spec.ts > converted MySQL data boots, authenticates and survives a v2 restart
[CI/Container and migration smoke       ]   | ✓ Ready in 0ms
[CI/Container and migration smoke       ]   |
[CI/Container and migration smoke       ]   |
[CI/Container and migration smoke       ]   | stdout | e2e/mysql-conversion.spec.ts > converted MySQL data boots, authenticates and survives a v2 restart
[CI/Container and migration smoke       ]   | ✓ Running next.config took 1.8ms
[CI/Container and migration smoke       ]   |
[CI/Container and migration smoke       ]   |
[CI/Container and migration smoke       ]   | stdout | e2e/mysql-conversion.spec.ts > converted MySQL data boots, authenticates and survives a v2 restart
[CI/Container and migration smoke       ]   | 2026-10-03T05:40:20.981Z info: Starting schedule of cron job. module="cronJobs" name="analytics"
[CI/Container and migration smoke       ]   |
[CI/Container and migration smoke       ]   |
[CI/Container and migration smoke       ]   | stdout | e2e/mysql-conversion.spec.ts > converted MySQL data boots, authenticates and survives a v2 restart
[CI/Container and migration smoke       ]   | 2026-10-03T05:40:20.982Z info: ✅ WebSocket Server listening on ws://localhost:3001 module="websocketMain"
[CI/Container and migration smoke       ]   |
[CI/Container and migration smoke       ]   |
[CI/Container and migration smoke       ]   | stdout | e2e/mysql-conversion.spec.ts > converted MySQL data boots, authenticates and survives a v2 restart
[CI/Container and migration smoke       ]   | 2026-10-03T05:40:22.946Z info: Starting schedule of cron job. module="cronJobs" name="iconsUpdater"
[CI/Container and migration smoke       ]   |
[CI/Container and migration smoke       ]   |
[CI/Container and migration smoke       ]   | stdout | e2e/mysql-conversion.spec.ts > converted MySQL data boots, authenticates and survives a v2 restart
[CI/Container and migration smoke       ]   | 2026-10-03T05:40:23.949Z info: User is trying to log in. Checking password... module="basicAuthorization" userName="migration-user"
[CI/Container and migration smoke       ]   |
[CI/Container and migration smoke       ]   |
[CI/Container and migration smoke       ]   | stdout | e2e/mysql-conversion.spec.ts > converted MySQL data boots, authenticates and survives a v2 restart
[CI/Container and migration smoke       ]   | 2026-10-03T05:40:24.009Z info: User successfully authorized module="basicAuthorization" userName="migration-user"
[CI/Container and migration smoke       ]   |
[CI/Container and migration smoke       ]   |
[CI/Container and migration smoke       ]   | stdout | e2e/mysql-conversion.spec.ts > converted MySQL data boots, authenticates and survives a v2 restart
[CI/Container and migration smoke       ]   | 2026-10-03T05:40:24+00:00 info: User logged in module="authEvents" userId="migration-user" userName="migration-user"
[CI/Container and migration smoke       ]   |
[CI/Container and migration smoke       ]   |
[CI/Container and migration smoke       ]   | stdout | e2e/mysql-conversion.spec.ts > converted MySQL data boots, authenticates and survives a v2 restart
[CI/Container and migration smoke       ]   | 2026-10-03T05:40:24.274Z info: Received tRPC request module="trpc" source="rsc" userId="migration-user" userName="migration-user"
[CI/Container and migration smoke       ]   |
[CI/Container and migration smoke       ]   |
[CI/Container and migration smoke       ]   | stdout | e2e/mysql-conversion.spec.ts > converted MySQL data boots, authenticates and survives a v2 restart
[CI/Container and migration smoke       ]   | ⨯ Error: The destination stream closed early.
[CI/Container and migration smoke       ]   |
[CI/Container and migration smoke       ]   |     at emitCloseNT (internal:streams/destroy:78:14)
[CI/Container and migration smoke       ]   |
[CI/Container and migration smoke       ]   |     at processTicksAndRejections (null) {
[CI/Container and migration smoke       ]   |
[CI/Container and migration smoke       ]   |   digest: '3464879543'
[CI/Container and migration smoke       ]   |
[CI/Container and migration smoke       ]   | }
[CI/Container and migration smoke       ]   |
[CI/Container and migration smoke       ]   |
[CI/Container and migration smoke       ]   | stdout | e2e/mysql-conversion.spec.ts > converted MySQL data boots, authenticates and survives a v2 restart
[CI/Container and migration smoke       ]   | 2026-10-03T05:40:24.377Z info: Received tRPC request module="trpc" source="rsc" userId="migration-user" userName="migration-user"
[CI/Container and migration smoke       ]   |
[CI/Container and migration smoke       ]   |
[CI/Container and migration smoke       ]   | stdout | e2e/mysql-conversion.spec.ts > converted MySQL data boots, authenticates and survives a v2 restart
[CI/Container and migration smoke       ]   | 2026-10-03T05:40:24.937Z info: Received tRPC request module="trpc" source="rsc" userId="migration-user" userName="migration-user"
[CI/Container and migration smoke       ]   |
[CI/Container and migration smoke       ]   |
[CI/Container and migration smoke       ]   | stdout | e2e/mysql-conversion.spec.ts > converted MySQL data boots, authenticates and survives a v2 restart
[CI/Container and migration smoke       ]   | Shutting down...
[CI/Container and migration smoke       ]   |
[CI/Container and migration smoke       ]   |
[CI/Container and migration smoke       ]   | stdout | e2e/mysql-conversion.spec.ts > converted MySQL data boots, authenticates and survives a v2 restart
[CI/Container and migration smoke       ]   | 2026-10-03T05:40:26.036Z info: SIGTERM module="websocketMain"
[CI/Container and migration smoke       ]   |
[CI/Container and migration smoke       ]   |
[CI/Container and migration smoke       ]   | stdout | e2e/mysql-conversion.spec.ts > converted MySQL data boots, authenticates and survives a v2 restart
[CI/Container and migration smoke       ]   | Stream closed
[CI/Container and migration smoke       ]   |
[CI/Container and migration smoke       ]   |  ✓  e2e  e2e/mysql-conversion.spec.ts (2 tests) 72719ms
[CI/Container and migration smoke       ]   |    ✓ converted MySQL data boots, authenticates and survives a v2 restart  71333ms
[CI/Container and migration smoke       ]   |    ✓ retired MySQL settings fail before creating application data  1382ms
[CI/Container and migration smoke       ]   |
[CI/Container and migration smoke       ]   |  Test Files  1 passed (1)
[CI/Container and migration smoke       ]   |       Tests  2 passed (2)
[CI/Container and migration smoke       ]   |    Start at  05:39:14
[CI/Container and migration smoke       ]   |    Duration  74.07s (transform 442ms, setup 25ms, import 1.22s, tests 72.72s, environment 0ms)
[CI/Container and migration smoke       ]   |
[CI/Container and migration smoke       ]   ✅  Success - Main Verify converted database boots and survives restart [1m14.523378573s]
[CI/Container and migration smoke       ]   ⚙  Summary - ## Vitest Test Report

### Summary

- **Test Files**: ✅ **1 pass** · 1 total
- **Test Results**: ✅ **2 passes** · 2 total
[CI/Container and migration smoke       ] ⭐ Run Post Setup
[CI/Container and migration smoke       ] ⭐ Run Post oven-sh/setup-bun@v2
[CI/Container and migration smoke       ]   🐳  docker exec cmd=[/opt/acttoolcache/node/24.19.0/x64/bin/node /var/run/act/actions/oven-sh-setup-bun@v2/dist/cache-save/index.js] user= workdir=
[CI/Container and migration smoke       ]   ✅  Success - Post oven-sh/setup-bun@v2 [242.69107ms]
[CI/Container and migration smoke       ]   ✅  Success - Post Setup [292.581345ms]
[CI/Container and migration smoke       ] ⭐ Run Complete job
[CI/Container and migration smoke       ] Cleaning up container for job Container and migration smoke
[CI/Container and migration smoke       ]   ✅  Success - Complete job
[CI/Container and migration smoke       ] 🏁  Job succeeded
